datetime,timestamp,open,high,low,close,volume,taker_buy_volume,oi,oi_delta,cvd_delta,cvd,funding_rate
2026-07-19 17:00:00 CST,1784451600000,75.98,76.01,75.97,76.01,10988.42,5002.42,680106556.119,0.0,-983.5799999999999,-767382.5200000003,4.518e-05
2026-07-19 17:30:00 CST,1784453400000,76.0,76.09,75.89,75.96,122984.26,43713.86,679810160.1356282,-502949.3304717541,-35556.54,-802939.0600000003,4.518e-05
2026-07-19 18:00:00 CST,1784455200000,75.95,76.04,75.86,76.04,82444.92,43450.229999999996,680104692.468,-119648.3939999342,4455.540000000001,-798483.5200000004,4.518e-05
2026-07-19 18:30:00 CST,1784457000000,76.04,76.49,76.01,76.23,192633.62,114152.53,681505338.6792,618419.2948000431,35671.44,-762812.0800000004,4.518e-05
2026-07-19 19:00:00 CST,1784458800000,76.23,76.38,76.12,76.24,133890.72,57108.31,681449300.287,231743.3687568903,-19674.099999999995,-782486.1800000004,4.518e-05
2026-07-19 19:30:00 CST,1784460600000,76.24,76.26,76.01,76.04,88214.53,29500.25,679131024.3718,-1862540.679621935,-29214.03,-811700.2100000005,4.518e-05
2026-07-19 20:00:00 CST,1784462400000,76.03,76.15,75.7,75.95,391361.98000000004,165167.82,678519783.0763901,-182307.88320982456,-61026.340000000026,-872726.5500000007,4.518e-05
2026-07-19 20:30:00 CST,1784464200000,75.95,76.14,75.87,75.99,114711.59000000001,56651.5,678713442.5140169,330377.21701681614,-1408.5899999999983,-874135.1400000007,4.518e-05
2026-07-19 21:00:00 CST,1784466000000,75.99,76.01,75.84,75.99,122187.82,49851.41,678279165.285444,-674187.9125914574,-22485.000000000004,-896620.1400000008,4.518e-05
2026-07-19 21:30:00 CST,1784467800000,75.99,76.12,75.94,76.07,117898.37,67325.88,679828329.7336956,767627.7841956615,16753.390000000007,-879866.7500000007,4.518e-05
2026-07-19 22:00:00 CST,1784469600000,76.06,76.26,76.01,76.22,168255.44,90052.74,680453639.7743,359230.60799992085,11850.039999999999,-868016.7100000007,4.518e-05
2026-07-19 22:30:00 CST,1784471400000,76.22,76.67,76.2,76.38,444323.60000000003,260617.18,685525890.1086566,3873950.713080287,76910.76,-791105.9500000007,4.518e-05
2026-07-19 23:00:00 CST,1784473200000,76.37,76.45,76.07,76.07,176310.65999999997,75705.16999999998,681883945.8848658,-2210350.6175444126,-24900.320000000003,-816006.2700000006,4.518e-05
2026-07-19 23:30:00 CST,1784475000000,76.07,76.27,76.06,76.18,136693.81,77140.31,682451102.718,1902446.896739006,17586.81,-798419.4600000007,4.518e-05
2026-07-20 00:00:00 CST,1784476800000,76.17,76.26,75.98,76.06,151728.91,77647.81,681671954.2752,-390109.1036000252,3566.7099999999955,-794852.7500000006,6.396e-05
2026-07-20 00:30:00 CST,1784478600000,76.06,76.06,75.83,75.87,173964.3,68365.63,678756912.192,-2515449.291999936,-37233.03999999999,-832085.7900000006,6.396e-05
2026-07-20 01:00:00 CST,1784480400000,75.88,76.19,75.5,76.07,385818.0799999999,194026.54,679657123.0534,237887.93411624432,2235.0000000000246,-829850.7900000007,6.396e-05
2026-07-20 01:30:00 CST,1784482200000,76.07,76.19,75.91,75.92,95907.98000000001,43939.869999999995,679093892.7302,-609382.7529000044,-8028.2400000000025,-837879.0300000008,6.396e-05
2026-07-20 02:00:00 CST,1784484000000,75.92,75.94,75.31,75.54,419468.55999999994,186392.11000000002,674767014.8466,-4270902.616664648,-46684.340000000004,-884563.3700000009,6.396e-05
2026-07-20 02:30:00 CST,1784485800000,75.55,75.73,75.47,75.72,136260.66999999998,62640.939999999995,673399086.948,267550.6805896759,-10978.790000000005,-895542.1600000008,6.396e-05
2026-07-20 03:00:00 CST,1784487600000,75.73,75.82,75.59,75.79,101419.97999999998,51220.99,675323610.8420556,620665.9364556074,1021.9999999999991,-894520.160000001,6.396e-05
2026-07-20 03:30:00 CST,1784489400000,75.8,75.86,75.7,75.84,72784.86,35573.41,674981496.0584,-209776.48372626305,-1638.0400000000009,-896158.200000001,6.396e-05
2026-07-20 04:00:00 CST,1784491200000,75.85,75.99,75.83,75.92,110377.06,52569.32000000001,676657596.2633675,563090.8998074532,-5238.419999999997,-901396.6200000009,6.396e-05
2026-07-20 04:30:00 CST,1784493000000,75.92,76.11,75.9,76.11,115018.10999999999,65499.36,678251245.0518,1764883.8337794542,15980.61,-885416.010000001,6.396e-05
2026-07-20 05:00:00 CST,1784494800000,76.11,76.21,75.93,76.0,125329.39,48764.31,676155847.2686422,-2797516.091357827,-27800.769999999993,-913216.780000001,6.396e-05
2026-07-20 05:30:00 CST,1784496600000,76.0,76.01,75.67,75.74,184003.59000000003,62365.52,673641419.9166,-2941648.5392000675,-59272.55,-972489.330000001,6.396e-05
2026-07-20 06:00:00 CST,1784498400000,75.74,76.38,75.58,76.1,466771.09,253144.03999999998,676727507.462668,3307390.344077587,39516.990000000005,-932972.3400000011,6.396e-05
2026-07-20 06:30:00 CST,1784500200000,76.1,76.24,75.99,76.05,158974.99,82098.83,675931543.8196019,-540934.3255981207,5222.669999999998,-927749.6700000011,6.396e-05
2026-07-20 07:00:00 CST,1784502000000,76.06,76.32,75.84,76.23,227694.21,131936.75,677245816.4016,1695090.7425346375,36179.28999999999,-891570.380000001,6.396e-05
2026-07-20 07:30:00 CST,1784503800000,76.23,76.56,76.22,76.34,308763.81999999995,156731.62,677625132.812371,143732.1239709854,4699.419999999991,-886870.960000001,6.396e-05
2026-07-20 08:00:00 CST,1784505600000,76.34,77.1,76.08,76.7,903082.2799999999,502349.4199999999,677855127.5322,-207963.08811867237,101616.55999999997,-785254.4000000011,5.638e-05
2026-07-20 08:30:00 CST,1784507400000,76.7,77.04,76.25,76.52,439572.67,192382.16,676733751.3456,-912857.904399991,-54808.350000000006,-840062.7500000012,5.638e-05
2026-07-20 09:00:00 CST,1784509200000,76.53,77.39,76.52,76.89,633825.0,326632.73,683243053.57,7246664.624057889,19440.46,-820622.2900000012,5.638e-05
2026-07-20 09:30:00 CST,1784511000000,76.89,76.95,76.23,76.35,419109.31,211798.39,676415066.4050496,-4901467.297950387,4487.4699999999975,-816134.8200000012,5.638e-05
2026-07-20 10:00:00 CST,1784512800000,76.34,76.94,76.31,76.47,456612.88000000006,187579.04,677470032.7256,932155.0552943945,-81454.79999999999,-897589.6200000013,5.638e-05
2026-07-20 10:30:00 CST,1784514600000,76.46,77.16,76.42,76.94,269095.89,127267.51999999999,681377375.2744,4612843.898450732,-14560.850000000006,-912150.4700000013,5.638e-05
2026-07-20 11:00:00 CST,1784516400000,76.93,77.06,76.5,76.54,155842.72,80259.26,679077615.8208,-1404961.8930329084,4675.799999999999,-907474.6700000013,5.638e-05
2026-07-20 11:30:00 CST,1784518200000,76.54,76.83,76.48,76.71,183374.19,97874.84999999999,679203782.6394325,1316083.4872045517,12375.509999999997,-895099.1600000014,5.638e-05
2026-07-20 12:00:00 CST,1784520000000,76.71,76.74,76.24,76.53,222566.81,105238.17000000001,676559172.6874,-2286287.5907000303,-12090.470000000001,-907189.6300000014,5.638e-05
2026-07-20 12:30:00 CST,1784521800000,76.53,76.91,76.41,76.41,275318.26,139113.62,676995489.9751598,-305180.282664299,2908.980000000003,-904280.6500000014,5.638e-05
2026-07-20 13:00:00 CST,1784523600000,76.42,76.46,75.73,76.03,602421.61,259501.89000000004,668745758.04,-7762113.77768445,-83417.82999999996,-987698.4800000014,5.638e-05
2026-07-20 13:30:00 CST,1784525400000,76.04,76.13,75.75,75.88,310843.01,158921.75,668596301.1871,-490431.3204599619,7000.490000000005,-980697.9900000014,5.638e-05
2026-07-20 14:00:00 CST,1784527200000,75.88,76.0,75.8,75.96,235816.13,137832.02000000002,669543996.235,360403.85920000076,39847.909999999996,-940850.0800000014,5.638e-05
2026-07-20 14:30:00 CST,1784529000000,75.95,75.98,75.45,75.6,519480.68999999994,215696.84000000003,666652312.638,-3975898.178835511,-88087.01,-1028937.0900000012,5.638e-05
2026-07-20 15:00:00 CST,1784530800000,75.6,75.95,75.48,75.93,209676.08,120168.12000000001,668852536.7154145,2623576.787414551,30660.15999999999,-998276.9300000013,5.638e-05
2026-07-20 15:30:00 CST,1784532600000,75.93,76.21,75.84,76.18,230532.12,119997.17000000001,669531933.7931,-39865.87849998474,9462.21999999999,-988814.7100000014,5.638e-05
2026-07-20 16:00:00 CST,1784534400000,76.18,76.4,76.06,76.24,323379.72000000003,141505.37,671452263.2100681,506153.41136813164,-40368.98000000001,-1029183.6900000013,-5.079e-05
2026-07-20 16:30:00 CST,1784536200000,76.24,76.31,75.85,76.11,365764.06,159762.31,671116910.9720294,52316.15849637985,-46239.44000000002,-1075423.1300000013,-5.079e-05
2026-07-20 17:00:00 CST,1784538000000,76.1,76.54,76.03,76.54,175584.34,95064.68,674695543.8247904,2890216.1227903366,14545.019999999999,-1060878.1100000013,-5.079e-05
2026-07-20 17:30:00 CST,1784539800000,76.53,76.7,76.42,76.43,294941.60000000003,136279.53,676729119.488,525058.8517413139,-22382.540000000015,-1083260.650000001,-5.079e-05
2026-07-20 18:00:00 CST,1784541600000,76.42,76.66,76.33,76.52,185508.1,99499.13,678668915.9722,2404630.718653798,13490.159999999989,-1069770.490000001,-5.079e-05
2026-07-20 18:30:00 CST,1784543400000,76.51,76.53,76.29,76.3,142887.05,68920.54,676524043.5707963,-1319181.7860037088,-5045.969999999999,-1074816.460000001,-5.079e-05
2026-07-20 19:00:00 CST,1784545200000,76.31,76.58,76.26,76.37,225716.36000000002,93903.84000000003,675411783.9443,-140766.53759992123,-37908.67999999999,-1112725.1400000008,-5.079e-05
2026-07-20 19:30:00 CST,1784547000000,76.36,77.21,76.35,77.1,939992.7899999999,485593.14999999997,685849155.4886173,10267439.960670233,31193.510000000024,-1081531.6300000006,-5.079e-05
2026-07-20 20:00:00 CST,1784548800000,77.09,77.12,76.66,76.82,515249.3,229758.74000000002,682368142.6492076,-2427233.49382329,-55731.81999999999,-1137263.4500000007,-5.079e-05
2026-07-20 20:30:00 CST,1784550600000,76.82,76.9,76.62,76.7,256190.02,121785.63,681571481.1673601,-873544.6862399578,-12618.760000000024,-1149882.2100000007,-5.079e-05
2026-07-20 21:00:00 CST,1784552400000,76.7,76.79,76.54,76.71,233689.91999999995,132180.72,679128536.0219369,-1419841.0809417963,30671.520000000008,-1119210.6900000006,-5.079e-05
2026-07-20 21:30:00 CST,1784554200000,76.7,77.1,76.08,76.25,790168.49,338367.18,676657288.7018846,-3747405.515915394,-113434.13000000003,-1232644.8200000005,-5.079e-05
2026-07-20 22:00:00 CST,1784556000000,76.24,76.42,75.73,76.32,736785.0800000001,409263.3,670594784.2882979,-2427929.9617021084,81741.52,-1150903.3000000005,-5.079e-05
2026-07-20 22:30:00 CST,1784557800000,76.32,76.42,75.97,76.11,302814.58,154978.21,669743799.4466484,-2555182.127751589,7141.840000000022,-1143761.4600000004,-5.079e-05
2026-07-20 23:00:00 CST,1784559600000,76.1,77.1,76.06,77.0,815859.2,418660.55,681289081.0541939,10019825.666680098,21461.899999999987,-1122299.5600000005,-5.079e-05
2026-07-20 23:30:00 CST,1784561400000,77.0,77.91,76.8,77.73,1159404.6,668186.37,690673707.7166461,8800554.986646056,176968.13999999996,-945331.4200000009,-5.079e-05
2026-07-21 00:00:00 CST,1784563200000,77.73,77.86,77.46,77.57,630251.1,245670.81000000003,687632804.3053287,-2125804.056871295,-138909.47999999998,-1084240.9000000008,1.312e-05
2026-07-21 00:30:00 CST,1784565000000,77.56,77.78,77.42,77.64,401379.6,169149.58,686007912.999,1065540.6055999994,-63080.440000000024,-1147321.340000001,1.312e-05
2026-07-21 01:00:00 CST,1784566800000,77.63,77.71,77.5,77.56,161300.60000000003,90739.5,683839391.2199874,-1205689.8924126625,20178.399999999994,-1127142.940000001,1.312e-05
2026-07-21 01:30:00 CST,1784568600000,77.57,77.88,77.33,77.71,355349.37,177535.16999999998,685117696.0603014,1091852.3983860016,-279.02999999999884,-1127421.9700000014,1.312e-05
2026-07-21 02:00:00 CST,1784570400000,77.71,78.37,77.71,78.04,906863.6299999999,557652.62,689527941.8269,3824017.9576802254,208441.61,-918980.3600000014,1.312e-05
2026-07-21 02:30:00 CST,1784572200000,78.03,78.04,77.56,77.63,463881.89999999997,186660.12,685024401.2852,-4653536.335899949,-90561.65999999997,-1009542.0200000014,1.312e-05
2026-07-21 03:00:00 CST,1784574000000,77.63,77.7,77.26,77.52,472904.99,241905.56,688223481.0312258,5441805.269963264,10906.130000000005,-998635.8900000014,1.312e-05
2026-07-21 03:30:00 CST,1784575800000,77.51,77.67,77.32,77.6,359948.26,198741.19,688086422.9616,-752665.8730877638,37534.11999999999,-961101.7700000015,1.312e-05
2026-07-21 04:00:00 CST,1784577600000,77.61,77.84,77.51,77.79,147634.01,83743.73,689442336.0058566,911461.7046040297,19853.45,-941248.3200000016,1.312e-05
2026-07-21 04:30:00 CST,1784579400000,77.79,78.02,77.77,77.85,196262.78,84377.65000000001,690679737.5456101,327164.6078919172,-27507.480000000018,-968755.8000000016,1.312e-05
2026-07-21 05:00:00 CST,1784581200000,77.86,78.01,77.8,77.91,95716.22,45237.34999999999,691658287.626,1149597.71600008,-5241.520000000001,-973997.3200000016,1.312e-05
2026-07-21 05:30:00 CST,1784583000000,77.91,78.0,77.68,77.71,118468.3,43350.37000000001,690452907.3207,-709347.4280999899,-31767.559999999994,-1005764.8800000016,1.312e-05
2026-07-21 06:00:00 CST,1784584800000,77.7,77.81,77.56,77.63,134516.36000000002,79009.68999999999,690162621.1488,410532.88946163654,23503.019999999993,-982261.8600000017,1.312e-05
2026-07-21 06:30:00 CST,1784586600000,77.64,77.68,77.4,77.43,154421.73,74440.79,688214812.2137638,-1650142.4957412481,-5540.149999999992,-987802.0100000016,1.312e-05
2026-07-21 07:00:00 CST,1784588400000,77.43,77.73,77.4,77.69,123022.67000000001,77418.59999999999,688783771.2008,681020.6608999968,31814.53,-955987.4800000017,1.312e-05
2026-07-21 07:30:00 CST,1784590200000,77.69,77.85,77.62,77.8,92855.29000000001,52443.87,688769605.2622,-251856.453799963,12032.450000000003,-943955.0300000018,1.312e-05
2026-07-21 08:00:00 CST,1784592000000,77.81,78.04,77.71,77.94,221934.47,99650.72,690820722.8649,1764696.3033134937,-22633.02999999999,-966588.0600000018,0.0001
2026-07-21 08:30:00 CST,1784593800000,77.94,78.26,77.92,78.07,254925.75,158905.82,694139988.3564,4612465.226325512,62885.89000000001,-903702.1700000017,0.0001
2026-07-21 09:00:00 CST,1784595600000,78.08,78.2,77.89,77.95,189078.55,88069.69999999998,693046340.3573502,-659958.2247941494,-12939.15,-916641.3200000017,0.0001
2026-07-21 09:30:00 CST,1784597400000,77.95,78.07,77.79,77.81,156543.74000000002,71216.34000000001,691941173.7628,-1193874.7134202719,-14111.060000000001,-930752.3800000018,0.0001
2026-07-21 10:00:00 CST,1784599200000,77.81,78.02,77.63,77.73,174215.4,95673.70000000001,691375216.3356489,379399.3980488777,17131.999999999996,-913620.3800000018,0.0001
2026-07-21 10:30:00 CST,1784601000000,77.72,78.23,77.71,77.99,147199.71999999997,88862.81,693213749.2269,2512977.3095862865,30525.899999999994,-883094.4800000017,0.0001
2026-07-21 11:00:00 CST,1784602800000,77.99,78.53,77.98,78.27,454984.45,240568.17,694625862.8232,1134987.0498999357,26151.889999999985,-856942.5900000017,0.0001
2026-07-21 11:30:00 CST,1784604600000,78.26,78.34,78.11,78.15,119312.83,57907.420000000006,694751606.7466,-582280.9745999575,-3497.99,-860440.5800000017,0.0001
2026-07-21 12:00:00 CST,1784606400000,78.15,78.37,77.98,78.01,254982.32,102152.58,690856652.8643662,-3233090.5170793533,-50677.16,-911117.7400000017,0.0001
2026-07-21 12:30:00 CST,1784608200000,78.0,78.23,77.98,78.08,188397.9,110682.26999999999,692798318.4980675,2643487.7732180357,32966.64,-878151.1000000017,0.0001
2026-07-21 13:00:00 CST,1784610000000,78.08,78.37,78.07,78.33,152103.02000000002,77702.36,694382794.6989887,1336599.803788662,3301.70000000001,-874849.4000000018,0.0001
2026-07-21 13:30:00 CST,1784611800000,78.34,78.65,78.29,78.41,329680.88,187204.45,694994696.7350595,127367.03370916843,44728.020000000004,-830121.3800000018,0.0001
2026-07-21 14:00:00 CST,1784613600000,78.4,78.58,78.25,78.41,198686.63,109778.05,694379683.9524,15387.631104707718,20869.469999999994,-809251.9100000017,0.0001
2026-07-21 14:30:00 CST,1784615400000,78.41,78.87,78.39,78.62,488196.93999999994,295465.61000000004,696912492.2258683,2354646.0345585346,102734.27999999998,-706517.6300000015,0.0001
2026-07-21 15:00:00 CST,1784617200000,78.62,78.73,78.43,78.52,180520.31,88251.56,696041137.193582,-1145488.424451828,-4017.1900000000023,-710534.8200000015,0.0001
2026-07-21 15:30:00 CST,1784619000000,78.53,78.65,78.45,78.53,258643.34,160754.72,697647380.6897595,1268293.9286916256,62866.100000000006,-647668.7200000014,0.0001
2026-07-21 16:00:00 CST,1784620800000,78.53,78.72,78.34,78.37,364473.28,191838.24,698627033.662,1461157.6406999826,19203.199999999997,-628465.5200000013,6.58e-05
2026-07-21 16:30:00 CST,1784622600000,78.37,78.46,78.29,78.31,204145.37000000002,90899.31999999999,696486703.6094779,-600405.8310759068,-22346.729999999992,-650812.2500000014,6.58e-05
2026-07-21 17:00:00 CST,1784624400000,78.32,78.32,78.11,78.23,275944.48,118804.56,693227207.7842,-3216436.614309907,-38335.359999999986,-689147.6100000015,6.58e-05
2026-07-21 17:30:00 CST,1784626200000,78.24,78.46,78.22,78.37,121282.17000000001,74495.31999999999,696479255.331,2956562.728581071,27708.469999999998,-661439.1400000015,6.58e-05
2026-07-21 18:00:00 CST,1784628000000,78.38,78.45,78.27,78.34,211713.88,105838.54000000001,693693416.0639117,-2224292.016688347,-36.799999999995634,-661475.9400000016,6.58e-05
2026-07-21 18:30:00 CST,1784629800000,78.34,78.39,78.02,78.16,303997.06,131230.53,692268400.2034296,-1716648.013570428,-41536.00000000001,-703011.9400000016,6.58e-05
2026-07-21 19:00:00 CST,1784631600000,78.16,78.21,78.06,78.2,219583.45,91929.09,692178329.678,1068388.1006866693,-35725.270000000004,-738737.2100000016,6.58e-05
2026-07-21 19:30:00 CST,1784633400000,78.2,78.39,78.19,78.31,123877.77,71145.98,695142276.9335,1554632.3295000792,18414.18999999999,-720323.0200000015,6.58e-05
2026-07-21 20:00:00 CST,1784635200000,78.32,78.52,78.24,78.25,384075.65,207001.17,696087760.074,1163499.242511034,29926.689999999988,-690396.3300000016,6.58e-05
2026-07-21 20:30:00 CST,1784637000000,78.26,78.5,78.23,78.49,219780.38999999996,122054.04000000001,695926876.0856,159418.69676613808,24327.690000000006,-666068.6400000015,6.58e-05
2026-07-21 21:00:00 CST,1784638800000,78.49,78.6,78.28,78.38,284053.43,148391.88,694037662.9560449,-2309745.581055045,12730.32999999999,-653338.3100000015,6.58e-05
2026-07-21 21:30:00 CST,1784640600000,78.38,78.61,78.16,78.55,378523.53,207198.74,695213077.3952,1925887.2179129124,35873.95,-617464.3600000013,6.58e-05
2026-07-21 22:00:00 CST,1784642400000,78.56,78.61,77.92,78.07,636480.75,223753.67,690652856.5992,-5182264.7267735,-188973.41,-806437.7700000013,6.58e-05
2026-07-21 22:30:00 CST,1784644200000,78.07,78.25,77.82,77.97,395243.81000000006,185388.97000000003,688390407.4266,-1167074.6470000744,-24465.869999999995,-830903.6400000013,6.58e-05
2026-07-21 23:00:00 CST,1784646000000,77.96,78.07,77.73,77.91,448479.58,209438.77000000002,689922322.8993,1128776.9692661762,-29602.040000000008,-860505.6800000012,6.58e-05
2026-07-21 23:30:00 CST,1784647800000,77.91,78.13,77.8,78.11,178282.38999999998,92406.26000000001,691319432.1190847,2331702.7624886036,6530.130000000003,-853975.5500000012,6.58e-05
2026-07-22 00:00:00 CST,1784649600000,78.11,78.21,77.94,77.97,193819.43000000002,98627.43,690527969.635,-1399030.9740031958,3435.4300000000003,-850540.1200000013,2.609e-05
2026-07-22 00:30:00 CST,1784651400000,77.96,78.2,77.92,78.16,173145.24,95652.3,692989639.2785,2514631.172035098,18159.359999999997,-832380.7600000013,2.609e-05
2026-07-22 01:00:00 CST,1784653200000,78.16,78.2,77.79,77.85,164040.52000000002,73274.94,690328582.7004,-2333072.794800043,-17490.640000000003,-849871.4000000013,2.609e-05
2026-07-22 01:30:00 CST,1784655000000,77.86,77.93,77.39,77.69,506879.17000000004,220704.36000000002,685678507.5825,-3482492.179499984,-65470.450000000004,-915341.8500000011,2.609e-05
2026-07-22 02:00:00 CST,1784656800000,77.69,77.95,77.57,77.85,177753.03999999998,92221.79999999999,686858817.5136889,1315179.8235340118,6690.5599999999995,-908651.2900000012,2.609e-05
2026-07-22 02:30:00 CST,1784658600000,77.85,77.96,77.69,77.82,133354.36,67325.0,687341424.993589,639519.8915890455,1295.6399999999949,-907355.6500000011,2.609e-05
2026-07-22 03:00:00 CST,1784660400000,77.82,77.93,77.67,77.86,120705.46999999999,72554.26999999999,686702348.4955376,-475886.16466236115,24403.07,-882952.5800000011,2.609e-05
2026-07-22 03:30:00 CST,1784662200000,77.85,77.97,77.68,77.84,189485.95,89083.43,684923926.1518574,-1662736.0381426811,-11319.089999999997,-894271.6700000011,2.609e-05
2026-07-22 04:00:00 CST,1784664000000,77.83,77.96,77.76,77.86,116823.86,44486.869999999995,685693859.4205,-87755.89892232418,-27850.119999999995,-922121.7900000011,2.609e-05
2026-07-22 04:30:00 CST,1784665800000,77.85,78.09,77.83,77.86,272573.18,109388.92,683154825.1234264,-2901162.065179825,-53795.34000000001,-975917.1300000012,2.609e-05
2026-07-22 05:00:00 CST,1784667600000,77.85,78.04,77.75,77.96,179094.58,108017.48999999999,679557119.28,-3466111.0085999966,36940.4,-938976.7300000011,2.609e-05
2026-07-22 05:30:00 CST,1784669400000,77.95,78.1,77.92,78.0,95992.1,50130.04,679309196.2486964,359784.0194964409,4267.979999999994,-934708.7500000012,2.609e-05
2026-07-22 06:00:00 CST,1784671200000,77.99,78.04,77.85,77.95,101728.05,50242.14000000001,679933268.5509,415425.6124612093,-1243.7700000000023,-935952.5200000013,2.609e-05
2026-07-22 06:30:00 CST,1784673000000,77.95,78.02,77.8,77.95,113582.33,61515.82,680021184.6259577,-299396.25361156464,9449.310000000009,-926503.2100000014,2.609e-05
2026-07-22 07:00:00 CST,1784674800000,77.95,77.95,77.77,77.93,101027.27,46705.97,678564607.2789216,-2053513.6943827868,-7615.33,-934118.5400000013,2.609e-05
2026-07-22 07:30:00 CST,1784676600000,77.93,78.16,77.88,78.1,141344.24,79412.51,681909910.1802586,2268592.8046586514,17480.78,-916637.7600000012,2.609e-05
2026-07-22 08:00:00 CST,1784678400000,78.1,78.55,78.07,78.39,368287.49,211539.65,683547696.3276,1550912.358899951,54791.81000000001,-861845.9500000011,2.725e-05
2026-07-22 08:30:00 CST,1784680200000,78.38,78.57,78.29,78.4,175390.77000000002,92248.75,684091263.1076903,498203.2709903717,9106.729999999989,-852739.2200000013,2.725e-05
2026-07-22 09:00:00 CST,1784682000000,78.41,78.48,78.1,78.22,238765.04,109301.93000000001,681840249.0517,-2384201.910676837,-20161.179999999993,-872900.4000000013,2.725e-05
2026-07-22 09:30:00 CST,1784683800000,78.22,78.48,78.16,78.3,156806.41999999998,80320.37999999999,683942929.5005,1667551.5728327036,3834.340000000004,-869066.0600000013,2.725e-05
2026-07-22 10:00:00 CST,1784685600000,78.3,78.48,78.14,78.38,130573.74,76180.48999999999,684385177.9372855,790932.5962107182,21787.23999999999,-847278.8200000013,2.725e-05
2026-07-22 10:30:00 CST,1784687400000,78.37,78.37,78.04,78.07,135615.33000000002,63100.71000000001,681168469.7166634,-3122200.2419366837,-9413.909999999996,-856692.7300000014,2.725e-05
2026-07-22 11:00:00 CST,1784689200000,78.07,78.19,77.89,78.1,196288.28999999998,78136.54,680016149.7050563,-393241.8151333332,-40015.21000000001,-896707.9400000015,2.725e-05
2026-07-22 11:30:00 CST,1784691000000,78.1,78.14,77.76,77.82,174573.81,66641.75,680039462.2014,-242306.42879998684,-41290.31,-937998.2500000014,2.725e-05
2026-07-22 12:00:00 CST,1784692800000,77.82,78.17,77.78,78.13,195707.46000000002,108900.77,682892129.0635,3969150.531000018,22094.08000000001,-915904.1700000014,2.725e-05
2026-07-22 12:30:00 CST,1784694600000,78.13,78.19,77.99,78.02,147019.37,69410.43,681797764.9606303,-1527671.3945194483,-8198.509999999993,-924102.6800000014,2.725e-05
2026-07-22 13:00:00 CST,1784696400000,78.02,78.04,77.47,77.5,476343.24999999994,238325.22999999998,681257941.9680991,-599902.4012008905,307.21000000002095,-923795.4700000013,2.725e-05
2026-07-22 13:30:00 CST,1784698200000,77.5,77.67,77.35,77.39,333041.93,153182.46,681339182.0716,1528969.3461027145,-26677.010000000002,-950472.4800000014,2.725e-05
2026-07-22 14:00:00 CST,1784700000000,77.38,77.47,76.98,77.09,731431.6799999999,342704.15,674991488.2958972,-3654084.769155264,-46023.379999999976,-996495.8600000014,2.725e-05
2026-07-22 14:30:00 CST,1784701800000,77.08,77.28,76.95,77.26,317051.93,195744.68,677716185.605541,4048611.6273243427,74437.43000000001,-922058.4300000013,2.725e-05
2026-07-22 15:00:00 CST,1784703600000,77.26,77.29,77.1,77.24,211777.08999999997,94820.0,677419249.8142856,-444789.98099935055,-22137.090000000007,-944195.5200000013,2.725e-05
2026-07-22 15:30:00 CST,1784705400000,77.24,77.26,76.94,77.06,303825.44,139340.05,676742456.3544414,-2348791.205929637,-25145.339999999986,-969340.8600000013,2.725e-05
2026-07-22 16:00:00 CST,1784707200000,77.06,77.48,77.0,77.33,340663.21,205832.64,679207281.7324,2570025.230199933,71002.07,-898338.7900000012,-3.237e-05
2026-07-22 16:30:00 CST,1784709000000,77.34,77.42,77.26,77.38,144992.68,67688.48,678544663.2176145,15159.377014517784,-9615.719999999994,-907954.5100000012,-3.237e-05
2026-07-22 17:00:00 CST,1784710800000,77.38,77.53,77.3,77.37,154883.75,82777.65000000001,679530617.8572,871349.9543703794,10671.55,-897282.9600000011,-3.237e-05
2026-07-22 17:30:00 CST,1784712600000,77.37,77.54,77.24,77.51,167923.22,84963.31,680128391.6346784,596555.7420783043,2003.400000000005,-895279.5600000011,-3.237e-05
2026-07-22 18:00:00 CST,1784714400000,77.51,77.61,77.4,77.57,149363.88,88074.76000000001,681402875.0376595,85756.16835951805,26785.640000000003,-868493.9200000011,-3.237e-05
2026-07-22 18:30:00 CST,1784716200000,77.56,77.7,77.5,77.63,207369.88,104446.66,681739987.345967,473579.081567049,1523.439999999995,-866970.4800000011,-3.237e-05
2026-07-22 19:00:00 CST,1784718000000,77.64,77.77,77.55,77.63,170076.25,94277.28,681153630.7933954,-60778.08681547642,18478.31,-848492.1700000011,-3.237e-05
2026-07-22 19:30:00 CST,1784719800000,77.62,77.7,77.44,77.53,187333.55,88410.03000000001,679128711.954,-585747.5771000385,-10513.489999999998,-859005.6600000012,-3.237e-05
2026-07-22 20:00:00 CST,1784721600000,77.52,77.53,77.15,77.17,250421.66999999998,107398.41,674737221.1208234,-4055472.0917584896,-35624.850000000006,-894630.5100000013,-3.237e-05
2026-07-22 20:30:00 CST,1784723400000,77.16,77.29,76.97,77.19,289166.63,130574.76000000001,677526766.3142,2477501.693300009,-28017.109999999986,-922647.6200000013,-3.237e-05
2026-07-22 21:00:00 CST,1784725200000,77.2,77.31,77.09,77.24,184927.66999999998,91768.53,677041628.7492,562585.2971999645,-1390.6099999999897,-924038.2300000013,-3.237e-05
2026-07-22 21:30:00 CST,1784727000000,77.24,77.93,77.17,77.84,787189.64,447569.92000000004,683109221.4740211,5927758.396237493,107950.20000000006,-816088.0300000011,-3.237e-05
2026-07-22 22:00:00 CST,1784728800000,77.83,78.4,77.37,77.43,853134.05,415604.34,678405174.315,-5316480.77699995,-21925.369999999995,-838013.4000000011,-3.237e-05
2026-07-22 22:30:00 CST,1784730600000,77.43,77.88,77.36,77.86,305589.12,172620.85,680440524.8212,3676172.0643999577,39652.580000000016,-798360.820000001,-3.237e-05
2026-07-22 23:00:00 CST,1784732400000,77.86,78.85,77.85,78.66,1036545.54,593511.96,690563925.0719997,8740837.387999654,150478.38,-647882.4400000011,-3.237e-05
2026-07-22 23:30:00 CST,1784734200000,78.66,78.74,78.34,78.43,427321.07,177130.1,692920086.8001212,-3594006.117378831,-73060.87,-720943.3100000012,-3.237e-05
2026-07-23 00:00:00 CST,1784736000000,78.43,78.55,78.06,78.17,351473.01,153210.77,690196084.798,-2839908.954849839,-45051.47,-765994.7800000012,3.89e-05
2026-07-23 00:30:00 CST,1784737800000,78.18,78.78,78.14,78.54,450110.25999999995,263106.78,691616833.5778849,1837663.3242664337,76103.29999999997,-689891.480000001,3.89e-05
2026-07-23 01:00:00 CST,1784739600000,78.54,78.62,78.1,78.22,294910.26,141522.05000000002,689808928.7299967,-2701290.752003312,-11866.16,-701757.640000001,3.89e-05
2026-07-23 01:30:00 CST,1784741400000,78.22,78.49,78.14,78.17,189713.98,92044.78,689012142.9408,753232.5495223999,-5624.419999999998,-707382.060000001,3.89e-05
2026-07-23 02:00:00 CST,1784743200000,78.17,78.26,77.76,77.77,320748.13,122862.8,683203416.0267698,-4804539.760141611,-75022.53000000001,-782404.5900000011,3.89e-05
2026-07-23 02:30:00 CST,1784745000000,77.77,77.77,77.41,77.7,522115.92,273107.37,682245756.0901402,-101252.87534487247,24098.820000000007,-758305.7700000011,3.89e-05
2026-07-23 03:00:00 CST,1784746800000,77.7,77.77,77.26,77.59,321558.1599999999,166619.81,679566386.187025,-3340684.816129923,11681.459999999995,-746624.3100000011,3.89e-05
2026-07-23 03:30:00 CST,1784748600000,77.59,77.71,77.45,77.61,172429.14,84350.37,679667882.3163339,526300.9449338913,-3728.399999999998,-750352.7100000011,3.89e-05
2026-07-23 04:00:00 CST,1784750400000,77.61,77.89,77.52,77.84,311279.48000000004,140264.55000000002,681072396.4793158,789268.1407206059,-30750.380000000012,-781103.0900000011,3.89e-05
2026-07-23 04:30:00 CST,1784752200000,77.85,77.91,77.68,77.75,117601.55,55425.130000000005,680715990.4794091,-1590527.0995551348,-6751.289999999997,-787854.3800000012,3.89e-05
2026-07-23 05:00:00 CST,1784754000000,77.75,77.83,77.62,77.65,104946.69,48681.009999999995,679190376.4484916,-787850.5059947968,-7584.669999999998,-795439.0500000012,3.89e-05
2026-07-23 05:30:00 CST,1784755800000,77.64,78.02,77.64,77.98,188784.05,105824.48,680178559.1194,1509368.5019187927,22864.909999999993,-772574.1400000012,3.89e-05
2026-07-23 06:00:00 CST,1784757600000,77.99,78.08,77.81,78.01,187707.04000000004,80534.25000000001,683477338.2776636,3138291.649104953,-26638.540000000008,-799212.6800000011,3.89e-05
2026-07-23 06:30:00 CST,1784759400000,78.01,78.02,77.66,77.96,242075.27000000002,80611.04,681641180.2691742,-2107708.1371234655,-80853.19000000002,-880065.8700000012,3.89e-05
2026-07-23 07:00:00 CST,1784761200000,77.96,77.98,77.44,77.7,305103.41000000003,109626.43000000001,676329879.3108,-5239280.597219586,-85850.55,-965916.4200000013,3.89e-05
2026-07-23 07:30:00 CST,1784763000000,77.69,77.96,77.65,77.93,112341.69,55495.479999999996,678278994.4381,1329417.7980235815,-1350.7299999999996,-967267.1500000012,3.89e-05
2026-07-23 08:00:00 CST,1784764800000,77.93,78.5,77.93,78.38,490943.54000000004,235787.68,686562374.1659572,7901061.608857155,-19368.179999999993,-986635.3300000012,-3.674e-05
2026-07-23 08:30:00 CST,1784766600000,78.38,78.42,78.19,78.21,173639.90999999997,81105.99,687001949.5704461,42645.094799518585,-11427.930000000004,-998063.2600000014,-3.674e-05
2026-07-23 09:00:00 CST,1784768400000,78.21,78.38,78.0,78.03,206271.21999999997,82253.43999999999,684660241.7664775,-1579655.3264871836,-41764.34,-1039827.6000000013,-3.674e-05
2026-07-23 09:30:00 CST,1784770200000,78.04,78.06,77.82,77.84,225711.87,98045.26000000001,681335360.1862464,-3107407.958573222,-29621.35,-1069448.950000001,-3.674e-05
2026-07-23 10:00:00 CST,1784772000000,77.84,77.86,77.34,77.45,352181.91,176781.1,676265171.7791052,-4888750.73154676,1380.2900000000118,-1068068.660000001,-3.674e-05
2026-07-23 10:30:00 CST,1784773800000,77.46,77.75,77.43,77.7,179945.19,118914.21,676593039.177,1666448.3740352392,57883.23000000002,-1010185.4300000011,-3.674e-05
2026-07-23 11:00:00 CST,1784775600000,77.71,77.74,77.42,77.53,177535.35,83728.41,675651413.8049,-1492986.6649999619,-10078.530000000002,-1020263.9600000012,-3.674e-05
2026-07-23 11:30:00 CST,1784777400000,77.54,77.66,77.48,77.56,90685.55,41279.01,676748448.1803235,405408.929523468,-8127.529999999999,-1028391.4900000012,-3.674e-05
2026-07-23 12:00:00 CST,1784779200000,77.55,77.77,77.48,77.75,123387.88000000002,71279.09,678469165.8736,1467646.2791999578,19170.299999999996,-1009221.1900000011,-3.674e-05
2026-07-23 12:30:00 CST,1784781000000,77.74,77.78,77.39,77.48,339101.49,187981.84000000003,679211256.2701,285345.72868180275,36862.18999999999,-972359.0000000012,-3.674e-05
2026-07-23 13:00:00 CST,1784782800000,77.49,77.61,77.35,77.6,186342.71,93664.45,680991760.4905696,1474220.0881695747,986.1899999999987,-971372.8100000012,-3.674e-05
2026-07-23 13:30:00 CST,1784784600000,77.61,77.68,77.42,77.48,109668.37,57316.280000000006,680007866.7966564,-2230641.8888436556,4964.190000000002,-966408.6200000013,-3.674e-05
2026-07-23 14:00:00 CST,1784786400000,77.49,77.53,77.31,77.48,153650.09,64654.869999999995,679001371.422,-1592583.3452999592,-24340.35,-990748.9700000013,-3.674e-05
2026-07-23 14:30:00 CST,1784788200000,77.48,77.54,77.41,77.52,91675.45999999999,52713.02,680750649.2885,479227.619699955,13750.58,-976998.3900000012,-3.674e-05
2026-07-23 15:00:00 CST,1784790000000,77.52,77.52,76.98,77.13,541012.01,224958.23,678540854.4313931,-2326427.112606883,-91095.55000000002,-1068093.940000001,-3.674e-05
2026-07-23 15:30:00 CST,1784791800000,77.14,77.19,77.01,77.11,229945.68,119167.95,681488992.3905,2527504.4150999784,8390.219999999998,-1059703.7200000011,-3.674e-05
2026-07-23 16:00:00 CST,1784793600000,77.12,77.34,77.06,77.3,251415.57,162099.66000000003,680007326.708284,-542301.5909160376,72783.75000000001,-986919.9700000011,-0.00010642
2026-07-23 16:30:00 CST,1784795400000,77.3,77.45,77.3,77.42,143098.01,72084.38,681867815.0956,1381742.140599966,1070.7499999999927,-985849.2200000013,-0.00010642
2026-07-23 17:00:00 CST,1784797200000,77.42,77.61,77.35,77.54,158243.25,83876.72,682487201.8923,307293.3577027321,9510.19,-976339.0300000012,-0.00010642
2026-07-23 17:30:00 CST,1784799000000,77.54,77.56,77.42,77.45,117318.62,43089.1,681968439.0666,-730279.4926000834,-31140.420000000002,-1007479.4500000012,-0.00010642
2026-07-23 18:00:00 CST,1784800800000,77.45,77.74,77.38,77.72,162857.25,93775.20999999999,683723289.2944142,2026679.4013934135,24693.170000000002,-982786.2800000012,-0.00010642
2026-07-23 18:30:00 CST,1784802600000,77.73,77.77,77.65,77.7,150597.16999999998,73903.62999999999,684696141.80371,-1150292.4572900534,-2789.9100000000017,-985576.1900000011,-0.00010642
2026-07-23 19:00:00 CST,1784804400000,77.7,77.83,77.66,77.68,148942.96999999997,65006.32,684824040.7084,-75234.76460003853,-18930.33,-1004506.5200000011,-0.00010642
2026-07-23 19:30:00 CST,1784806200000,77.68,77.73,77.56,77.62,193174.47999999998,80498.45,684511594.5494487,-65075.97835123539,-32177.57999999999,-1036684.1000000011,-0.00010642
2026-07-23 20:00:00 CST,1784808000000,77.63,77.71,77.45,77.49,271527.23,132145.13,683845082.9317362,-1731728.70476377,-7236.970000000001,-1043921.0700000011,-0.00010642
2026-07-23 20:30:00 CST,1784809800000,77.49,77.51,76.43,76.9,1394274.5200000003,645511.31,673828616.8103,-9978287.939700007,-103251.89999999998,-1147172.970000001,-0.00010642
2026-07-23 21:00:00 CST,1784811600000,76.89,76.98,76.51,76.65,589537.71,307061.53,674408919.843,158447.65320003033,24585.35000000002,-1122587.620000001,-0.00010642
2026-07-23 21:30:00 CST,1784813400000,76.65,77.01,76.6,76.64,474071.39,232001.43999999997,676029693.873,2515231.381167531,-10068.509999999995,-1132656.1300000008,-0.00010642
2026-07-23 22:00:00 CST,1784815200000,76.65,76.84,76.55,76.73,418809.69000000006,208295.22,676618174.5517014,2638538.1888403893,-2219.250000000018,-1134875.3800000008,-0.00010642
2026-07-23 22:30:00 CST,1784817000000,76.72,76.83,76.24,76.38,544385.88,238005.01,672697107.9070127,-5045942.5967873335,-68375.85999999997,-1203251.2400000007,-0.00010642
2026-07-23 23:00:00 CST,1784818800000,76.39,76.41,75.8,76.21,1498084.8900000001,648276.36,662442648.9174,-10686386.630200028,-201532.16999999998,-1404783.4100000004,-0.00010642
2026-07-23 23:30:00 CST,1784820600000,76.22,76.41,76.11,76.33,260640.22,123645.41,664148721.4916,2267954.9940000772,-13349.399999999992,-1418132.81,-0.00010642
2026-07-24 00:00:00 CST,1784822400000,76.33,76.34,75.8,76.1,723551.4800000001,302384.24,665261894.5941803,1138572.8025803566,-118783.0,-1536915.81,-3.609e-05
2026-07-24 00:30:00 CST,1784824200000,76.11,76.12,75.93,75.96,165959.72,96319.07999999999,666749286.046874,-69442.22912597656,26678.44,-1510237.37,-3.609e-05
2026-07-24 01:00:00 CST,1784826000000,75.96,76.14,75.82,76.05,250765.69,131662.49000000002,667719426.845902,946862.2381019592,12559.290000000005,-1497678.08,-3.609e-05
2026-07-24 01:30:00 CST,1784827800000,76.05,76.1,75.44,75.61,496157.83,171535.83000000002,665789022.8139063,-1526226.0780334473,-153086.17,-1650764.25,-3.609e-05
2026-07-24 02:00:00 CST,1784829600000,75.61,75.79,75.51,75.76,317125.46,151249.42,667477750.7161,4658486.733740926,-14626.61999999998,-1665390.8699999999,-3.609e-05
2026-07-24 02:30:00 CST,1784831400000,75.77,75.81,75.57,75.76,160001.48,73453.5,669561531.9930739,1463881.1869739294,-13094.480000000003,-1678485.3499999996,-3.609e-05
2026-07-24 03:00:00 CST,1784833200000,75.77,75.81,75.47,75.73,158375.35,84054.56,668666300.6443,-1019761.3761000633,9733.770000000004,-1668751.5799999998,-3.609e-05
2026-07-24 03:30:00 CST,1784835000000,75.74,75.8,75.37,75.7,334493.24,182967.03,666091690.3382,-3434796.747471094,31440.82000000001,-1637310.7599999998,-3.609e-05
2026-07-24 04:00:00 CST,1784836800000,75.69,76.15,75.65,76.09,264958.33999999997,169395.72999999998,671093790.3648,2792862.82491076,73833.12,-1563477.6399999997,-3.609e-05
2026-07-24 04:30:00 CST,1784838600000,76.1,76.14,76.02,76.09,116662.66,67258.57999999999,670001659.8872,-947215.5318000317,17854.499999999993,-1545623.1399999997,-3.609e-05
2026-07-24 05:00:00 CST,1784840400000,76.09,76.24,75.89,76.0,222578.47,137110.03,666354771.9624,-3597103.1672780514,51641.59,-1493981.5499999996,-3.609e-05
2026-07-24 05:30:00 CST,1784842200000,76.01,76.09,75.93,76.01,141716.51,83708.24,664263673.6788545,-2238588.289545536,25699.970000000005,-1468281.5799999996,-3.609e-05
2026-07-24 06:00:00 CST,1784844000000,76.02,76.17,75.81,76.08,226869.60000000003,138065.68,666082538.3609734,1481798.0021733046,49261.759999999995,-1419019.8199999998,-3.609e-05
2026-07-24 06:30:00 CST,1784845800000,76.07,76.21,76.07,76.14,109391.83000000002,63964.56999999999,666393516.6196,116626.32520008087,18537.309999999998,-1400482.5099999998,-3.609e-05
2026-07-24 07:00:00 CST,1784847600000,76.15,76.21,76.1,76.16,110818.11000000002,63569.11,667123074.6452,525624.4758247137,16320.109999999999,-1384162.3999999997,-3.609e-05
2026-07-24 07:30:00 CST,1784849400000,76.17,76.18,75.83,75.83,154779.22,65843.42,663666124.9203,-3182120.3527081013,-23092.379999999997,-1407254.7799999998,-3.609e-05
2026-07-24 08:00:00 CST,1784851200000,75.84,75.86,75.6,75.72,315562.18000000005,169560.91,663605678.103061,613548.0301040411,23559.63999999999,-1383695.1399999997,3.044e-05
2026-07-24 08:30:00 CST,1784853000000,75.73,75.82,75.49,75.78,277955.76,126810.75999999998,661707571.1681286,-575908.061471343,-24334.240000000005,-1408029.3799999997,3.044e-05
2026-07-24 09:00:00 CST,1784854800000,75.78,76.09,75.73,75.89,166169.99,100049.3,663184676.1216,1545834.0288000107,33928.609999999986,-1374100.7699999998,3.044e-05
2026-07-24 09:30:00 CST,1784856600000,75.9,76.0,75.63,75.65,166854.06,94412.85,662632525.7786759,63782.49352610111,21971.64,-1352129.13,3.044e-05
2026-07-24 10:00:00 CST,1784858400000,75.66,75.89,75.65,75.75,98416.65,54886.770000000004,663722157.2165514,1416998.0723514557,11356.890000000003,-1340772.24,3.044e-05
2026-07-24 10:30:00 CST,1784860200000,75.76,75.76,75.23,75.5,356174.39999999997,142122.64,658335488.3925,-4866023.459999919,-71929.12,-1412701.36,3.044e-05
2026-07-24 11:00:00 CST,1784862000000,75.49,75.93,75.43,75.85,286807.74,188622.48,662060812.0645676,2631066.9095675945,90437.21999999999,-1322264.1400000004,3.044e-05
2026-07-24 11:30:00 CST,1784863800000,75.85,75.9,75.71,75.8,117983.79000000001,56283.60999999999,661145518.9196,-1217108.2214000225,-5416.57,-1327680.7100000004,3.044e-05
2026-07-24 12:00:00 CST,1784865600000,75.79,75.82,75.6,75.75,155222.68,67960.82,660579831.8397,-768308.8921442032,-19301.04,-1346981.7500000002,3.044e-05
2026-07-24 12:30:00 CST,1784867400000,75.75,75.8,75.57,75.63,104719.68,37821.47,660153886.7985601,-1227620.17756176,-29076.739999999998,-1376058.4900000002,3.044e-05
2026-07-24 13:00:00 CST,1784869200000,75.63,75.88,75.55,75.81,265876.87,136151.15,659930119.4020168,178462.71431672573,6425.429999999991,-1369633.06,3.044e-05
2026-07-24 13:30:00 CST,1784871000000,75.82,75.83,75.65,75.75,164997.74,51903.46,657220249.1891226,-2829775.909077406,-61190.82000000001,-1430823.8800000001,3.044e-05
2026-07-24 14:00:00 CST,1784872800000,75.75,75.98,75.69,75.83,179706.52999999997,112344.69,658875124.512,1498722.4735999107,44982.850000000006,-1385841.0299999998,3.044e-05
2026-07-24 14:30:00 CST,1784874600000,75.82,75.93,75.74,75.8,149396.06,72939.85999999999,658827383.7619,298313.73492491245,-3516.340000000004,-1389357.3699999996,3.044e-05
2026-07-24 15:00:00 CST,1784876400000,75.81,76.42,75.81,76.1,552003.7300000001,303009.08,659627813.8644586,546319.0711301565,54014.43000000002,-1335342.9399999995,3.044e-05
2026-07-24 15:30:00 CST,1784878200000,76.1,76.19,75.73,76.02,322729.08,133281.78,657967308.2153,-1610333.7790000439,-56165.52,-1391508.4599999993,3.044e-05
2026-07-24 16:00:00 CST,1784880000000,76.03,76.04,75.66,75.77,236797.58000000002,90822.66,657334848.7158533,-596868.9286495447,-55152.259999999995,-1446660.7199999993,5.692e-05
2026-07-24 16:30:00 CST,1784881800000,75.77,75.89,75.72,75.73,214857.51000000004,144045.56,661568696.355,3546836.3388000727,73233.61000000002,-1373427.1099999994,5.692e-05
2026-07-24 17:00:00 CST,1784883600000,75.73,75.79,75.32,75.52,496250.77,207255.39,659728087.2135,-1736999.751136899,-81739.98999999999,-1455167.0999999994,5.692e-05
2026-07-24 17:30:00 CST,1784885400000,75.51,75.63,75.38,75.57,226971.82000000004,109663.73,663918126.7325113,1664603.550511241,-7644.35999999999,-1462811.4599999993,5.692e-05
2026-07-24 18:00:00 CST,1784887200000,75.58,75.61,75.36,75.5,169970.57,78545.03,662805810.5202806,-984357.4650011063,-12880.510000000006,-1475691.969999999,5.692e-05
2026-07-24 18:30:00 CST,1784889000000,75.5,75.57,75.33,75.43,139266.81,73938.51999999999,662153856.8396,-655245.0838513374,8610.230000000001,-1467081.7399999993,5.692e-05
2026-07-24 19:00:00 CST,1784890800000,75.44,75.47,75.18,75.27,265766.65,114354.65000000001,663424603.0802,588018.5889999866,-37057.34999999999,-1504139.0899999992,5.692e-05
2026-07-24 19:30:00 CST,1784892600000,75.28,75.28,74.86,75.15,649201.7999999999,267243.66,656090388.1995419,-5314189.976358056,-114714.47999999997,-1618853.5699999991,5.692e-05
2026-07-24 20:00:00 CST,1784894400000,75.15,75.25,75.03,75.12,179892.75999999998,99953.58,657089235.215,778214.1770000458,20014.399999999998,-1598839.1699999992,5.692e-05
2026-07-24 20:30:00 CST,1784896200000,75.13,75.22,74.74,74.81,341370.97,147195.34000000003,654279244.458,-1334666.7005796432,-46980.29000000001,-1645819.4599999993,5.692e-05
2026-07-24 21:00:00 CST,1784898000000,74.81,74.88,74.21,74.5,1085434.8,492521.13,651269685.0138,-2248662.879599929,-100392.54,-1746211.9999999995,5.692e-05
2026-07-24 21:30:00 CST,1784899800000,74.49,74.55,73.93,74.17,910360.2,400268.42,648817950.0595057,-1637410.0627315044,-109823.36000000003,-1856035.3599999994,5.692e-05
2026-07-24 22:00:00 CST,1784901600000,74.17,74.22,73.59,73.91,978021.77,443456.5999999999,654687908.6636,3472018.081099987,-91108.57000000004,-1947143.9299999995,5.692e-05
2026-07-24 22:30:00 CST,1784903400000,73.91,74.0,73.55,73.99,637473.9199999999,323475.01,658348897.1885,1852129.402802229,9476.099999999991,-1937667.8299999996,5.692e-05
2026-07-24 23:00:00 CST,1784905200000,73.98,74.16,73.63,74.11,610843.06,322596.22,662479061.8791825,2466157.128750086,34349.37999999999,-1903318.4499999997,5.692e-05
2026-07-24 23:30:00 CST,1784907000000,74.11,74.25,73.93,73.98,516588.98999999993,235346.65,664064392.36,1284352.0266906023,-45895.69000000001,-1949214.1399999994,5.692e-05
2026-07-25 00:00:00 CST,1784908800000,73.98,74.16,73.91,73.99,267195.51,124080.79,666325671.5232,1456099.6658000946,-19033.930000000008,-1968248.0699999996,-9.588e-05
2026-07-25 00:30:00 CST,1784910600000,73.99,74.0,73.66,73.86,334644.97,153601.65,664917715.6973827,-1792051.8313173056,-27441.67,-1995689.7399999993,-9.588e-05
2026-07-25 01:00:00 CST,1784912400000,73.85,74.09,73.8,74.06,230373.35,117726.12000000001,665909730.313359,191676.931959033,5078.890000000003,-1990610.8499999992,-9.588e-05
2026-07-25 01:30:00 CST,1784914200000,74.06,74.11,73.88,73.99,163233.55,72760.84999999999,667747471.221,1313235.4005291462,-17711.85,-2008322.6999999993,-9.588e-05
2026-07-25 02:00:00 CST,1784916000000,74.0,74.03,73.9,73.95,99671.70000000001,51044.64,668269004.3313138,468932.1313138008,2417.58,-2005905.1199999992,-9.588e-05
2026-07-25 02:30:00 CST,1784917800000,73.94,74.02,73.84,73.92,143436.95,72966.34999999999,669072196.3327435,1338288.663743496,2495.75,-2003409.369999999,-9.588e-05
2026-07-25 03:00:00 CST,1784919600000,73.92,73.95,73.73,73.91,145247.8,73801.94,668357813.5728438,-804390.2907562256,2356.08,-2001053.2899999989,-9.588e-05
2026-07-25 03:30:00 CST,1784921400000,73.91,74.01,73.83,73.91,214073.08,127324.26000000001,668128707.5458539,-437246.47236180305,40575.44,-1960477.8499999987,-9.588e-05
2026-07-25 04:00:00 CST,1784923200000,73.92,73.98,73.81,73.85,111672.06000000001,63566.0,671895928.704,1024576.2685362101,15459.940000000004,-1945017.909999999,-9.588e-05
2026-07-25 04:30:00 CST,1784925000000,73.85,73.87,73.67,73.73,146137.22,76521.73,671215354.6,-106261.25239992142,6906.239999999994,-1938111.6699999988,-9.588e-05
2026-07-25 05:00:00 CST,1784926800000,73.73,73.79,73.36,73.67,607526.63,273909.95,659162064.0545107,-11710656.689661503,-59706.73000000005,-1997818.3999999987,-9.588e-05
2026-07-25 05:30:00 CST,1784928600000,73.67,73.78,73.58,73.61,178592.05,96044.41,660295636.8069705,542446.8417705297,13496.769999999997,-1984321.629999999,-9.588e-05
2026-07-25 06:00:00 CST,1784930400000,73.6,73.85,73.6,73.84,210742.9,130412.4,665826177.8717825,6084927.644482493,50081.899999999994,-1934239.7299999993,-9.588e-05
2026-07-25 06:30:00 CST,1784932200000,73.83,73.95,73.83,73.9,145652.23,75524.11,668050168.0009466,867911.7016589642,5395.989999999996,-1928843.7399999993,-9.588e-05
2026-07-25 07:00:00 CST,1784934000000,73.9,74.0,73.81,73.87,123267.48000000001,62461.82000000001,668665667.2472,1434231.623200059,1656.1600000000035,-1927187.5799999991,-9.588e-05
2026-07-25 07:30:00 CST,1784935800000,73.87,73.94,73.82,73.93,106531.98999999999,50841.97,669043438.262576,208237.14927601814,-4848.049999999996,-1932035.6299999994,-9.588e-05
2026-07-25 08:00:00 CST,1784937600000,73.92,74.03,73.9,74.02,104273.14999999998,55335.22,670358953.5982236,869849.0178235769,6397.289999999997,-1925638.3399999994,-4.287e-05
2026-07-25 08:30:00 CST,1784939400000,74.02,74.11,73.93,74.08,216806.62,116934.51999999999,670638606.720333,-425582.99426698685,17062.420000000016,-1908575.9199999995,-4.287e-05
2026-07-25 09:00:00 CST,1784941200000,74.09,74.21,73.97,74.0,185322.02,93634.73999999999,669566093.522916,-2258067.3509942293,1947.4600000000064,-1906628.4599999993,-4.287e-05
2026-07-25 09:30:00 CST,1784943000000,74.01,74.23,73.98,74.09,140013.27,88603.78999999998,671094032.1819347,1584484.5033347607,37194.31,-1869434.1499999994,-4.287e-05
2026-07-25 10:00:00 CST,1784944800000,74.1,74.17,74.01,74.13,86737.36000000002,34503.79,669850258.3924358,-651873.0427641869,-17729.779999999995,-1887163.9299999995,-4.287e-05
2026-07-25 10:30:00 CST,1784946600000,74.13,74.18,74.02,74.07,82590.16,39878.57,669351461.7963325,-898601.1560674906,-2833.020000000004,-1889996.9499999993,-4.287e-05
2026-07-25 11:00:00 CST,1784948400000,74.07,74.29,74.01,74.2,182856.03999999998,112913.62,669746775.3392,89158.90429997444,42971.19999999999,-1847025.7499999993,-4.287e-05
2026-07-25 11:30:00 CST,1784950200000,74.21,74.22,74.05,74.09,117683.71,48401.73,671098632.9544617,-111851.32553827763,-20880.249999999996,-1867905.9999999995,-4.287e-05
2026-07-25 12:00:00 CST,1784952000000,74.09,74.32,74.09,74.26,168408.31,105769.54000000001,673404828.2438217,3453760.131767392,43130.77,-1824775.2299999995,-4.287e-05
2026-07-25 12:30:00 CST,1784953800000,74.25,74.3,74.19,74.28,118723.74000000002,57625.810000000005,672899031.6279,-210650.91960000992,-3472.120000000001,-1828247.3499999996,-4.287e-05
2026-07-25 13:00:00 CST,1784955600000,74.28,74.32,74.15,74.17,113775.03,60727.85999999999,672009075.7046121,-873603.499114871,7680.690000000002,-1820566.66,-4.287e-05
2026-07-25 13:30:00 CST,1784957400000,74.18,74.19,73.86,73.94,276032.18,110962.67,667810023.4243,-3705977.6971000433,-54106.840000000004,-1874673.5,-4.287e-05
2026-07-25 14:00:00 CST,1784959200000,73.95,73.99,73.8,73.84,188834.80000000002,81046.76000000001,666903792.2808961,-947633.6117039919,-26741.280000000006,-1901414.7800000003,-4.287e-05
2026-07-25 14:30:00 CST,1784961000000,73.83,74.0,73.72,73.99,186475.44,113590.88,668757963.1960065,1265004.429606557,40706.31999999999,-1860708.4600000002,-4.287e-05
2026-07-25 15:00:00 CST,1784962800000,74.0,74.02,73.8,73.84,101578.43,43313.0,669169664.7436607,-400671.71633934975,-14952.43,-1875660.8900000001,-4.287e-05
2026-07-25 15:30:00 CST,1784964600000,73.83,73.87,73.74,73.75,106735.62,32493.299999999996,668600356.734,-168667.25098252296,-41749.020000000004,-1917409.9100000001,-4.287e-05
2026-07-25 16:00:00 CST,1784966400000,73.74,73.82,73.5,73.82,327820.0399999999,149823.07,667165345.6832,228895.0707000494,-28173.900000000005,-1945583.8100000005,4.81e-06
2026-07-25 16:30:00 CST,1784968200000,73.81,73.83,73.69,73.76,131095.24,58439.39,666227192.7556,-1462108.7201883793,-14216.46,-1959800.2700000005,4.81e-06
2026-07-25 17:00:00 CST,1784970000000,73.76,73.97,73.71,73.96,147006.65,99166.4,668026257.8168,1211342.5916417837,51326.15,-1908474.1200000006,4.81e-06
2026-07-25 17:30:00 CST,1784971800000,73.96,74.0,73.89,73.95,121702.98999999999,66682.88,670322782.0461355,-81805.36226451397,11662.769999999995,-1896811.3500000006,4.81e-06
2026-07-25 18:00:00 CST,1784973600000,73.95,73.99,73.86,73.94,95684.01000000001,49813.729999999996,669994936.665527,-542769.973672986,3943.4500000000007,-1892867.9000000006,4.81e-06
2026-07-25 18:30:00 CST,1784975400000,73.95,73.95,73.86,73.94,76078.85,35622.45,669532598.3102,-803001.9897999763,-4833.950000000001,-1897701.8500000008,4.81e-06
2026-07-25 19:00:00 CST,1784977200000,73.94,74.0,73.86,73.89,85918.34,45538.25,669818547.6579,-117914.0111836195,5158.159999999998,-1892543.690000001,4.81e-06
2026-07-25 19:30:00 CST,1784979000000,73.89,73.94,73.8,73.88,93868.55,43696.69,669430851.1969326,-514487.4717307091,-6475.169999999997,-1899018.860000001,4.81e-06
2026-07-25 20:00:00 CST,1784980800000,73.88,73.94,73.81,73.89,91063.24,43705.189999999995,668774700.8208,-649256.1652171612,-3652.8600000000006,-1902671.7200000011,4.81e-06
2026-07-25 20:30:00 CST,1784982600000,73.89,73.94,73.81,73.94,126858.54999999999,66358.57,668165450.4247587,-480810.0110669136,5858.590000000004,-1896813.130000001,4.81e-06
2026-07-25 21:00:00 CST,1784984400000,73.93,74.03,73.9,73.96,146227.58000000002,89004.56,671124265.8780532,1388752.7388287783,31781.539999999994,-1865031.590000001,4.81e-06
2026-07-25 21:30:00 CST,1784986200000,73.95,74.17,73.91,73.93,217106.3,115658.7,673096275.652547,2085606.6469470263,14211.099999999995,-1850820.490000001,4.81e-06
2026-07-25 22:00:00 CST,1784988000000,73.93,73.94,73.73,73.82,305449.62,152629.74,673948356.5027,871551.6218999624,-190.13999999999942,-1851010.6300000008,4.81e-06
2026-07-25 22:30:00 CST,1784989800000,73.82,74.03,73.8,74.0,160469.32,91756.69,677165721.4998,2729010.4672341347,23044.059999999998,-1827966.5700000008,4.81e-06
2026-07-25 23:00:00 CST,1784991600000,74.0,74.28,73.95,74.14,320001.67000000004,179932.55,678076231.8205099,708297.8005099297,39863.43000000001,-1788103.1400000004,4.81e-06
2026-07-25 23:30:00 CST,1784993400000,74.15,74.23,74.09,74.13,156496.82,67962.99,677246214.9965243,-654030.895475626,-20570.840000000004,-1808673.9800000002,4.81e-06
2026-07-26 00:00:00 CST,1784995200000,74.12,74.27,74.04,74.13,208846.56,102521.09,675280424.8168,-1424482.165112853,-3804.3800000000047,-1812478.36,-4.127e-05
2026-07-26 00:30:00 CST,1784997000000,74.12,74.39,74.12,74.28,239212.37,123170.64,675823682.1325783,1159423.7917782068,7128.909999999996,-1805349.4500000002,-4.127e-05
2026-07-26 01:00:00 CST,1784998800000,74.28,74.57,74.25,74.44,256159.01,153398.86,676658253.5950613,766131.0767174959,50638.71000000001,-1754710.7400000002,-4.127e-05
2026-07-26 01:30:00 CST,1785000600000,74.43,74.64,74.4,74.42,280000.86,143790.83000000002,678871894.2704,416949.26239585876,7580.800000000021,-1747129.9400000002,-4.127e-05
2026-07-26 02:00:00 CST,1785002400000,74.43,74.64,74.43,74.53,186106.44,89554.45999999999,679520453.5794437,822428.221809864,-6997.520000000006,-1754127.4600000002,-4.127e-05
2026-07-26 02:30:00 CST,1785004200000,74.52,74.67,74.47,74.62,152435.73,84840.45999999999,680610274.173,726165.2981443405,17245.19,-1736882.2700000003,-4.127e-05
2026-07-26 03:00:00 CST,1785006000000,74.62,74.69,74.55,74.57,146139.3,67053.73999999999,679323997.954654,-636659.6320459843,-12031.819999999998,-1748914.0900000003,-4.127e-05
2026-07-26 03:30:00 CST,1785007800000,74.56,74.59,74.49,74.52,110988.19,37896.25,678302334.8736,-759862.3025814295,-35195.689999999995,-1784109.7800000005,-4.127e-05
2026-07-26 04:00:00 CST,1785009600000,74.53,74.54,74.38,74.47,144380.31,61582.85,676352689.254,-1446347.039132595,-21214.610000000004,-1805324.3900000004,-4.127e-05
2026-07-26 04:30:00 CST,1785011400000,74.47,74.47,74.35,74.4,115317.25000000001,44067.54,675883637.256,-1360791.8337999582,-27182.17,-1832506.5600000005,-4.127e-05
2026-07-26 05:00:00 CST,1785013200000,74.39,74.4,74.23,74.39,122953.52,50008.579999999994,671729554.6038,-2617336.5161999464,-22936.36,-1855442.9200000006,-4.127e-05
2026-07-26 05:30:00 CST,1785015000000,74.39,74.57,74.35,74.43,139217.17,76227.09,672612211.247356,112184.72226452827,13237.009999999995,-1842205.9100000008,-4.127e-05
2026-07-26 06:00:00 CST,1785016800000,74.43,74.46,74.33,74.36,113258.98999999999,61691.85999999999,673686627.9704236,1117800.6362235546,10124.729999999996,-1832081.180000001,-4.127e-05
2026-07-26 06:30:00 CST,1785018600000,74.36,74.5,74.26,74.46,100725.31000000001,54769.39000000001,674466802.3737563,697814.3673563004,8813.470000000005,-1823267.710000001,-4.127e-05
2026-07-26 07:00:00 CST,1785020400000,74.46,74.47,74.37,74.42,64890.76,24498.230000000003,674600172.528,-33434.53683567047,-15894.3,-1839162.010000001,-4.127e-05
2026-07-26 07:30:00 CST,1785022200000,74.41,74.5,74.39,74.49,108534.76000000001,59526.56,675225970.2265,436383.46130001545,10518.359999999997,-1828643.650000001,-4.127e-05
2026-07-26 08:00:00 CST,1785024000000,74.48,74.93,74.44,74.84,350024.31,177878.83000000002,678737838.5779679,3649658.0354560614,5733.349999999995,-1822910.3000000012,1.81e-06
2026-07-26 08:30:00 CST,1785025800000,74.85,74.87,74.62,74.75,198807.33000000002,96130.04,676528635.0561483,-1416109.7535722256,-6547.249999999993,-1829457.5500000012,1.81e-06
2026-07-26 09:00:00 CST,1785027600000,74.75,74.79,74.64,74.66,109659.61000000002,53862.52,675837710.4047569,-1049448.826992035,-1934.5699999999997,-1831392.120000001,1.81e-06
2026-07-26 09:30:00 CST,1785029400000,74.66,74.87,74.65,74.8,78535.31,44152.939999999995,676900920.8298,1522644.3309440613,9770.570000000002,-1821621.5500000007,1.81e-06
2026-07-26 10:00:00 CST,1785031200000,74.8,74.84,74.68,74.78,112315.12000000002,55409.17,675537198.7569994,-981807.9725006819,-1496.780000000006,-1823118.3300000005,1.81e-06
2026-07-26 10:30:00 CST,1785033000000,74.78,74.9,74.68,74.86,93720.86,46065.71000000001,676730422.6882,749114.4975999594,-1589.4399999999996,-1824707.7700000005,1.81e-06
2026-07-26 11:00:00 CST,1785034800000,74.85,75.03,74.78,74.9,256176.52,141460.07000000004,676976455.7853,567847.5705677271,26743.62000000001,-1797964.1500000001,1.81e-06
2026-07-26 11:30:00 CST,1785036600000,74.89,75.0,74.86,75.0,102680.49999999999,52723.83,676409998.9235,-66023.06750011444,2767.159999999999,-1795196.9900000002,1.81e-06
2026-07-26 12:00:00 CST,1785038400000,74.99,75.12,74.9,75.11,185940.11,97130.76,677108862.7209308,494097.0533307791,8321.409999999996,-1786875.58,1.81e-06
2026-07-26 12:30:00 CST,1785040200000,75.1,75.2,74.99,75.04,206654.2,85248.62999999999,676496257.5874503,-1068767.602261901,-36156.939999999995,-1823032.52,1.81e-06
2026-07-26 13:00:00 CST,1785042000000,75.04,75.15,74.96,75.01,111162.48999999999,49103.009999999995,675198290.8512,-781152.342400074,-12956.470000000001,-1835988.99,1.81e-06
2026-07-26 13:30:00 CST,1785043800000,75.0,75.09,74.91,74.98,159808.92,49858.97,673676382.6691699,-1165864.5515301228,-60090.98,-1896079.9699999997,1.81e-06
2026-07-26 14:00:00 CST,1785045600000,74.97,75.03,74.69,74.74,248665.08,87264.75,669715060.8840785,-3745097.417656541,-74135.58,-1970215.5499999996,1.81e-06
2026-07-26 14:30:00 CST,1785047400000,74.73,75.1,74.7,75.09,140140.37,86233.24,672123326.6044,2187559.244800091,32326.110000000004,-1937889.4399999995,1.81e-06
2026-07-26 15:00:00 CST,1785049200000,75.09,75.12,74.89,74.91,122608.25,49867.29,671805492.1606305,-1388307.877369523,-22873.670000000006,-1960763.1099999999,1.81e-06
2026-07-26 15:30:00 CST,1785051000000,74.91,74.96,74.81,74.84,126809.09000000001,47832.829999999994,671343703.2741842,-464837.85798609257,-31143.43,-1991906.5399999996,1.81e-06
2026-07-26 16:00:00 CST,1785052800000,74.84,74.92,74.8,74.87,80778.81,40569.799999999996,670799206.9962,-402993.832621336,360.78999999999996,-1991545.7499999995,6.371e-05
2026-07-26 16:30:00 CST,1785054600000,74.87,75.02,74.83,74.96,100385.41,63246.93000000001,672163993.7506858,1362405.2080857754,26108.45,-1965437.2999999996,6.371e-05
2026-07-26 17:00:00 CST,1785056400000,74.95,75.08,74.95,75.04,112910.17,72509.67,672684061.8940132,94751.52678310871,32109.17000000001,-1933328.1299999994,6.371e-05
2026-07-26 17:30:00 CST,1785058200000,75.04,75.25,74.98,75.03,285884.06,168997.02,675980916.7108302,3070289.575995803,52109.97999999998,-1881218.1499999994,6.371e-05
2026-07-26 18:00:00 CST,1785060000000,75.03,75.17,74.99,75.09,78948.55,38719.99,675814790.4372368,28841.635636806488,-1508.569999999997,-1882726.7199999995,6.371e-05
2026-07-26 18:30:00 CST,1785061800000,75.09,75.22,75.07,75.09,109027.97,50802.71,676028998.7324308,620682.8233488798,-7422.550000000001,-1890149.2699999996,6.371e-05
2026-07-26 19:00:00 CST,1785063600000,75.08,75.14,75.01,75.04,73717.79999999999,31378.229999999996,675110674.934,-795784.4010344744,-10961.340000000004,-1901110.6099999996,6.371e-05
2026-07-26 19:30:00 CST,1785065400000,75.04,75.07,74.86,74.91,234343.19,85546.98000000001,672699750.0226,-1935026.9634757042,-63249.229999999996,-1964359.8399999996,6.371e-05
2026-07-26 20:00:00 CST,1785067200000,74.91,75.11,74.83,74.95,171499.24000000002,85131.72,672585341.2376,-621120.4264000654,-1235.800000000001,-1965595.6399999997,6.371e-05
2026-07-26 20:30:00 CST,1785069000000,74.95,74.95,74.77,74.83,123041.41,50618.42,671751868.8917369,-1138243.4382631779,-21804.57,-1987400.2099999997,6.371e-05
2026-07-26 21:00:00 CST,1785070800000,74.83,74.93,74.73,74.83,169067.11,77023.2,671834431.2709,24427.566890120506,-15020.71,-2002420.92,6.371e-05
2026-07-26 21:30:00 CST,1785072600000,74.82,74.94,74.74,74.9,135701.5,72456.13,672220328.8037905,825488.6670728922,9210.759999999998,-1993210.16,6.371e-05
2026-07-26 22:00:00 CST,1785074400000,74.89,75.2,74.86,74.89,299418.24999999994,158328.99,672825028.8764,-33641.439599990845,17239.730000000003,-1975970.43,6.371e-05
2026-07-26 22:30:00 CST,1785076200000,74.88,75.04,74.84,75.01,158435.81,81172.43000000001,674370569.25,1693248.5268000364,3909.050000000014,-1972061.3800000001,6.371e-05
2026-07-26 23:00:00 CST,1785078000000,75.01,75.35,74.92,75.18,297143.13,153337.23,674543903.9031975,126014.50599753857,9531.330000000005,-1962530.05,6.371e-05
2026-07-26 23:30:00 CST,1785079800000,75.17,75.47,75.12,75.45,322061.32,179744.56,677612563.361,3553196.0468999147,37427.8,-1925102.25,6.371e-05
2026-07-27 00:00:00 CST,1785081600000,75.45,75.69,75.26,75.64,381936.47,208028.82,675356474.1168,-2214821.0710691214,34121.169999999984,-1890981.08,1.514e-05
2026-07-27 00:30:00 CST,1785083400000,75.64,75.96,75.48,75.5,489514.71,214250.25,672976209.172,-4262229.544204235,-61014.210000000014,-1951995.2900000003,1.514e-05
2026-07-27 01:00:00 CST,1785085200000,75.49,75.56,75.25,75.3,218584.96,91518.87,669519826.5953,-3512847.179700017,-35547.22,-1987542.5100000005,1.514e-05
2026-07-27 01:30:00 CST,1785087000000,75.3,75.4,75.26,75.35,99958.44,54762.72,669192536.1388,814830.5038000345,9567.0,-1977975.5100000002,1.514e-05
2026-07-27 02:00:00 CST,1785088800000,75.34,75.39,75.23,75.3,120722.93,52714.64,668790558.969,-267550.3740000725,-15293.650000000001,-1993269.1600000004,1.514e-05
2026-07-27 02:30:00 CST,1785090600000,75.3,75.41,75.25,75.36,70279.92,36830.729999999996,669588440.0474811,600663.60148108,3381.539999999999,-1989887.6200000003,1.514e-05
2026-07-27 03:00:00 CST,1785092400000,75.35,75.42,75.2,75.26,109375.33,46353.39,668544882.3108,-679198.0092000961,-16668.55,-2006556.1700000004,1.514e-05
2026-07-27 03:30:00 CST,1785094200000,75.26,75.31,75.21,75.3,57546.48,34544.170000000006,669094119.4146917,344733.0695220232,11541.86,-1995014.3100000005,1.514e-05
2026-07-27 04:00:00 CST,1785096000000,75.3,75.37,75.28,75.33,61502.99999999999,29409.82,669707096.0944,198303.13540005684,-2683.359999999999,-1997697.6700000006,1.514e-05
2026-07-27 04:30:00 CST,1785097800000,75.32,75.36,75.27,75.31,32325.98,15155.029999999999,669276317.763,-443207.6784000397,-2015.920000000001,-1999713.5900000003,1.514e-05
2026-07-27 05:00:00 CST,1785099600000,75.31,75.68,75.28,75.59,137794.36000000002,92264.93000000001,670220358.0032,880514.293900013,46735.50000000001,-1952978.0900000005,1.514e-05
2026-07-27 05:30:00 CST,1785101400000,75.59,75.74,75.48,75.62,124614.40000000001,55804.99,670546905.4091,241850.40860009193,-13004.42,-1965982.5100000007,1.514e-05
2026-07-27 06:00:00 CST,1785103200000,75.62,76.39,75.62,76.36,1150601.37,653484.7999999999,665879956.0027245,-3865261.901888728,156368.23000000004,-1809614.2800000007,1.514e-05
2026-07-27 06:30:00 CST,1785105000000,76.36,76.79,76.32,76.69,634451.3799999999,340663.19,664230707.964,-2525602.872358203,46875.000000000044,-1762739.2800000005,1.514e-05
2026-07-27 07:00:00 CST,1785106800000,76.69,77.08,76.57,76.66,773920.05,406424.24,664029217.5774,-387884.6985388994,38928.43000000002,-1723810.8500000003,1.514e-05
2026-07-27 07:30:00 CST,1785108600000,76.65,76.75,76.47,76.74,311465.54,143649.35,660852145.16,-2092439.1641099453,-24166.840000000004,-1747977.6900000004,1.514e-05
2026-07-27 08:00:00 CST,1785110400000,76.75,76.78,76.34,76.47,348632.77,160412.23,658133257.6668892,-3402380.602710843,-27808.30999999999,-1775786.0,8.751e-05
2026-07-27 08:30:00 CST,1785112200000,76.47,76.51,76.16,76.31,297824.23,104666.29999999999,658811295.6308,-435537.72544038296,-88491.62999999999,-1864277.63,8.751e-05
2026-07-27 09:00:00 CST,1785114000000,76.32,76.42,76.13,76.2,231389.68000000002,122329.04999999999,656201409.8611132,-964149.5457535982,13268.419999999991,-1851009.2099999997,8.751e-05
2026-07-27 09:30:00 CST,1785115800000,76.2,76.5,75.93,76.49,402757.72,191113.56,653699349.0996108,-1815599.4563891888,-20530.599999999977,-1871539.8099999998,8.751e-05
2026-07-27 10:00:00 CST,1785117600000,76.49,76.6,76.38,76.54,190434.26,97267.67000000001,655787228.3856561,235969.22291612625,4101.080000000002,-1867438.7299999997,8.751e-05
2026-07-27 10:30:00 CST,1785119400000,76.55,76.63,76.32,76.39,168995.08,73665.71,653371703.7825335,-2820743.871966481,-21663.659999999996,-1889102.3899999997,8.751e-05
2026-07-27 11:00:00 CST,1785121200000,76.4,76.51,76.31,76.43,143303.97000000003,55563.17,654408481.3056,518797.473613739,-32177.629999999997,-1921280.0199999998,8.751e-05
2026-07-27 11:30:00 CST,1785123000000,76.43,76.47,76.28,76.37,114426.98,56659.99,653260020.7002453,-940368.7383546829,-1106.9999999999973,-1922387.02,8.751e-05
2026-07-27 12:00:00 CST,1785124800000,76.38,76.6,76.29,76.34,187418.16999999998,84748.59999999999,653799145.4235,-61599.83010005951,-17920.97,-1940307.99,8.751e-05
2026-07-27 12:30:00 CST,1785126600000,76.35,76.4,76.23,76.27,121276.38999999998,44343.869999999995,652823739.8914,-346376.1835935116,-32588.65,-1972896.6400000001,8.751e-05
2026-07-27 13:00:00 CST,1785128400000,76.28,76.47,76.22,76.39,139265.4,72749.24999999999,652294828.4632,926745.3382657766,6233.0999999999985,-1966663.54,8.751e-05
2026-07-27 13:30:00 CST,1785130200000,76.4,76.6,76.27,76.53,176820.11,76295.06,653157773.7330273,775979.5250273943,-24229.98999999999,-1990893.53,8.751e-05
2026-07-27 14:00:00 CST,1785132000000,76.52,76.96,76.49,76.65,546131.71,309160.72000000003,657291410.8365,2816955.8576999903,72189.73,-1918703.8,8.751e-05
2026-07-27 14:30:00 CST,1785133800000,76.65,76.9,76.61,76.69,199244.1,94428.37999999999,658182969.1418,1220758.5401761532,-10387.339999999997,-1929091.1400000001,8.751e-05
2026-07-27 15:00:00 CST,1785135600000,76.69,76.73,76.53,76.54,154247.43000000002,63917.549999999996,657681371.9993308,-334780.7454173565,-26412.329999999994,-1955503.47,8.751e-05
2026-07-27 15:30:00 CST,1785137400000,76.54,76.59,76.35,76.43,206106.02000000002,90059.73,657254667.9635171,659117.2841719389,-25986.560000000005,-1981490.03,8.751e-05
2026-07-27 16:00:00 CST,1785139200000,76.44,76.48,76.25,76.37,175989.19,70080.84999999999,655584123.0055,-608574.708892703,-35827.49,-2017317.5199999998,7.729e-05
2026-07-27 16:30:00 CST,1785141000000,76.37,76.37,76.19,76.26,125281.49,60778.270000000004,655479342.577415,-480605.39668500423,-3724.9500000000044,-2021042.4699999997,7.729e-05
2026-07-27 17:00:00 CST,1785142800000,76.27,76.33,76.08,76.33,208486.38,83076.07999999999,654536839.5439105,-712211.4114624262,-42334.22000000001,-2063376.6899999997,7.729e-05
2026-07-27 17:30:00 CST,1785144600000,76.33,76.53,76.27,76.44,130483.21,72286.14,656632209.9227298,1581449.6619298458,14089.069999999996,-2049287.6199999994,7.729e-05
2026-07-27 18:00:00 CST,1785146400000,76.44,76.61,76.37,76.56,131595.47,86824.51999999999,658039712.256,1785753.6110457182,42053.57,-2007234.0499999996,7.729e-05
2026-07-27 18:30:00 CST,1785148200000,76.56,76.65,76.51,76.59,128378.39000000001,72071.61,658006708.8089428,-63233.866257190704,15764.830000000002,-1991469.2199999993,7.729e-05
2026-07-27 19:00:00 CST,1785150000000,76.59,76.62,76.45,76.47,163862.94,85085.44,659299261.8373146,1215529.478814602,6307.940000000002,-1985161.2799999993,7.729e-05
2026-07-27 19:30:00 CST,1785151800000,76.46,76.65,76.45,76.49,128765.41,55025.729999999996,659077320.5711007,711711.8070709705,-18713.949999999997,-2003875.2299999993,7.729e-05
2026-07-27 20:00:00 CST,1785153600000,76.49,76.75,76.34,76.34,296991.04,116510.75,659152538.984905,391575.6818343401,-63969.54000000001,-2067844.7699999993,7.729e-05
2026-07-27 20:30:00 CST,1785155400000,76.34,77.05,76.21,76.82,987593.86,575780.3400000001,657669320.765,-511002.51550006866,163966.82,-1903877.9499999995,7.729e-05
2026-07-27 21:00:00 CST,1785157200000,76.83,76.94,76.42,76.48,411521.4,209547.26,650546474.5299102,-6710674.520489812,7573.120000000003,-1896304.8299999996,7.729e-05
2026-07-27 21:30:00 CST,1785159000000,76.48,77.48,76.44,76.88,1306163.3499999999,707733.59,651147398.764,745752.5528583527,109303.82999999994,-1787000.9999999998,7.729e-05
2026-07-27 22:00:00 CST,1785160800000,76.88,76.97,75.74,75.78,990267.9099999999,426606.89,642245772.1984,-6864298.751799941,-137054.13,-1924055.1299999997,7.729e-05
2026-07-27 22:30:00 CST,1785162600000,75.78,75.79,74.97,75.44,1686636.7300000002,805632.4299999999,623253840.3496222,-11065477.747939944,-75371.8700000001,-1999426.9999999995,7.729e-05
2026-07-27 23:00:00 CST,1785164400000,75.44,75.58,75.22,75.32,380454.61,191077.89,624065104.8834275,-1069205.9507126808,1701.1700000000055,-1997725.8299999996,7.729e-05
2026-07-27 23:30:00 CST,1785166200000,75.33,75.44,75.03,75.22,357674.75,167730.96999999997,624744535.1252,1242431.7412999868,-22212.810000000012,-2019938.6399999997,7.729e-05
2026-07-28 00:00:00 CST,1785168000000,75.23,75.72,75.1,75.65,484020.72,282566.98,628489764.708,3707867.9529925585,81113.24000000005,-1938825.3999999997,3.835e-05
2026-07-28 00:30:00 CST,1785169800000,75.65,75.94,75.65,75.91,315377.65,155744.7,629372130.4507065,-56700.741493463516,-3888.2500000000073,-1942713.6499999997,3.835e-05
2026-07-28 01:00:00 CST,1785171600000,75.9,76.21,75.77,75.97,321742.91000000003,169066.33000000002,631732817.0733316,1001776.4703432322,16389.749999999996,-1926323.9,3.835e-05
2026-07-28 01:30:00 CST,1785173400000,75.96,76.12,75.78,75.86,241572.24,112706.52,630757504.2283871,-472424.90540111065,-16159.199999999997,-1942483.0999999999,3.835e-05
2026-07-28 02:00:00 CST,1785175200000,75.86,75.96,75.51,75.57,232733.06999999998,125163.93,630572859.3063163,-1278553.4296836853,17594.79,-1924888.31,3.835e-05
2026-07-28 02:30:00 CST,1785177000000,75.57,75.6,75.22,75.57,365236.69,188706.30000000002,629910239.9731,-974283.1984523535,12175.910000000003,-1912712.4000000001,3.835e-05
2026-07-28 03:00:00 CST,1785178800000,75.58,75.97,75.45,75.79,270359.64,131428.46,631557234.1604,627186.9078000784,-7502.7199999999975,-1920215.12,3.835e-05
2026-07-28 03:30:00 CST,1785180600000,75.79,76.02,75.7,75.94,231052.37,116280.77,631129297.3236,-917076.4257649183,1509.1700000000055,-1918705.9500000004,3.835e-05
2026-07-28 04:00:00 CST,1785182400000,75.95,76.1,75.76,76.06,149514.41,64806.61,631903661.9472,-605993.6601128578,-19901.19,-1938607.1400000004,3.835e-05
2026-07-28 04:30:00 CST,1785184200000,76.06,76.06,75.77,75.93,142446.88,71338.4,630928322.3068,-2203846.3387999535,229.9200000000037,-1938377.2200000004,3.835e-05
2026-07-28 05:00:00 CST,1785186000000,75.94,75.96,75.54,75.55,154474.77,65575.62,629251991.7824,-2206822.232682228,-23323.53,-1961700.7500000007,3.835e-05
2026-07-28 05:30:00 CST,1785187800000,75.56,75.64,75.47,75.57,118535.29,80115.43000000001,626132233.6128,-762833.0651999712,41695.57,-1920005.1800000009,3.835e-05
2026-07-28 06:00:00 CST,1785189600000,75.58,75.59,75.11,75.2,225235.47999999998,93713.70999999999,625709799.5149598,-1116358.0380401611,-37808.05999999998,-1957813.2400000007,3.835e-05
2026-07-28 06:30:00 CST,1785191400000,75.2,75.34,73.96,74.01,1330991.4000000001,510548.05,617109077.4368,-7861267.372233629,-309895.30000000005,-2267708.540000001,3.835e-05
2026-07-28 07:00:00 CST,1785193200000,74.01,74.37,73.68,74.26,754335.78,416886.39,612393314.5919381,-1114118.0294150114,79436.99999999999,-2188271.54,3.835e-05
2026-07-28 07:30:00 CST,1785195000000,74.26,74.34,73.91,74.16,292496.52,139171.78,613501812.3883777,-125351.11422228813,-14152.96,-2202424.5,3.835e-05
2026-07-28 08:00:00 CST,1785196800000,74.16,74.26,73.71,73.94,486610.82,210955.53999999998,614742757.2915751,382304.1695663929,-64699.740000000005,-2267124.2399999998,-3.055e-05
2026-07-28 08:30:00 CST,1785198600000,73.95,74.04,73.62,73.68,369879.57,166413.63,616165546.4816935,-609598.2662148476,-37052.31,-2304176.5500000003,-3.055e-05
2026-07-28 09:00:00 CST,1785200400000,73.68,73.71,72.8,73.31,1447811.95,629143.3099999999,615334121.5138,-493751.56694567204,-189525.33000000002,-2493701.8800000004,-3.055e-05
2026-07-28 09:30:00 CST,1785202200000,73.31,73.45,73.1,73.14,418152.81,200055.09,617510267.3558925,688346.2918242216,-18042.62999999999,-2511744.5100000007,-3.055e-05
2026-07-28 10:00:00 CST,1785204000000,73.15,73.41,73.01,73.32,327626.16,198028.02000000002,620904404.037,3312755.9789999723,68429.87999999999,-2443314.630000001,-3.055e-05
2026-07-28 10:30:00 CST,1785205800000,73.33,73.37,73.13,73.32,360996.87,156956.59,619762988.4831,-692189.9267998934,-47083.689999999995,-2490398.3200000008,-3.055e-05
2026-07-28 11:00:00 CST,1785207600000,73.33,73.37,73.17,73.23,196659.23,103561.43999999999,620403065.899,318891.8245000839,10463.650000000001,-2479934.6700000013,-3.055e-05
2026-07-28 11:30:00 CST,1785209400000,73.24,73.33,73.11,73.24,238903.41,125320.36,619831075.9984,-748.2964000701904,11737.310000000001,-2468197.3600000013,-3.055e-05
2026-07-28 12:00:00 CST,1785211200000,73.25,73.25,73.05,73.06,241296.53000000003,121159.76999999999,620175551.1093,-592765.7581999302,1023.0100000000093,-2467174.350000001,-3.055e-05
2026-07-28 12:30:00 CST,1785213000000,73.06,73.24,72.93,73.15,361500.97,231888.44999999995,624337316.7699165,5585975.776824355,102275.93,-2364898.420000001,-3.055e-05
2026-07-28 13:00:00 CST,1785214800000,73.16,73.5,73.14,73.37,262083.08999999997,144517.31,626055922.1853116,1854267.526640892,26951.52999999999,-2337946.8900000006,-3.055e-05
2026-07-28 13:30:00 CST,1785216600000,73.37,73.43,73.2,73.2,197917.41999999998,89114.98000000001,626693142.0200187,-589299.0791738033,-19687.460000000003,-2357634.350000001,-3.055e-05
2026-07-28 14:00:00 CST,1785218400000,73.21,73.36,73.08,73.31,274503.6,157366.41,626386664.378,919940.9397000074,40229.220000000016,-2317405.130000001,-3.055e-05
2026-07-28 14:30:00 CST,1785220200000,73.31,73.45,73.3,73.41,208670.51,120481.13,626433758.634234,399413.16560709476,32291.750000000007,-2285113.380000001,-3.055e-05
2026-07-28 15:00:00 CST,1785222000000,73.41,73.45,73.31,73.39,112649.25,60595.450000000004,626348368.1058826,152779.38278269768,8541.650000000003,-2276571.7300000004,-3.055e-05
2026-07-28 15:30:00 CST,1785223800000,73.38,73.39,73.09,73.24,218271.77000000002,99437.77,624429425.5903,-1912615.9492000341,-19396.230000000003,-2295967.9600000004,-3.055e-05
2026-07-28 16:00:00 CST,1785225600000,73.25,73.34,73.1,73.25,206915.27000000002,96751.1,625068733.7496,70630.95434105396,-13413.07,-2309381.0300000003,-0.00013328
2026-07-28 16:30:00 CST,1785227400000,73.26,73.4,73.18,73.31,125048.72,58339.66000000001,625689363.4926311,627464.7509580851,-8369.399999999998,-2317750.43,-0.00013328
2026-07-28 17:00:00 CST,1785229200000,73.32,73.47,73.23,73.38,142670.12,69024.09,627195306.6730071,1844036.1411070824,-4621.939999999995,-2322372.37,-0.00013328
2026-07-28 17:30:00 CST,1785231000000,73.38,73.44,73.16,73.21,184536.4,89608.05,625791055.0208306,-1454323.4794694185,-5320.299999999999,-2327692.6700000004,-0.00013328
2026-07-28 18:00:00 CST,1785232800000,73.21,73.3,73.08,73.16,250420.43,122182.98,628354862.4873,1168632.472900033,-6054.470000000001,-2333747.1400000006,-0.00013328
2026-07-28 18:30:00 CST,1785234600000,73.16,73.27,73.09,73.1,239884.34999999998,100728.01999999999,627381404.19579,-745333.9862099886,-38428.31,-2372175.4500000007,-0.00013328
2026-07-28 19:00:00 CST,1785236400000,73.1,73.26,72.82,73.03,530048.69,260564.96000000002,624137188.0293561,-1151422.5097558498,-8918.76999999999,-2381094.2200000007,-0.00013328
2026-07-28 19:30:00 CST,1785238200000,73.02,73.31,72.99,73.14,260930.34000000003,147734.84,626046905.51567,1563484.5424009562,34539.34,-2346554.880000001,-0.00013328
2026-07-28 20:00:00 CST,1785240000000,73.14,73.26,73.08,73.18,153227.5,85366.43,627221730.7875866,965405.3037865162,17505.359999999993,-2329049.5200000005,-0.00013328
2026-07-28 20:30:00 CST,1785241800000,73.18,73.42,73.08,73.33,380862.01,202096.47999999998,629385466.4026,2116510.7711000443,23330.94999999999,-2305718.5700000008,-0.00013328
2026-07-28 21:00:00 CST,1785243600000,73.32,73.4,72.95,72.96,338429.04,128169.28,631464793.0298362,784166.8545844555,-82090.48000000001,-2387809.0500000007,-0.00013328
2026-07-28 21:30:00 CST,1785245400000,72.96,73.07,72.3,72.67,1441364.31,641127.2000000001,625496818.4464599,-6030811.39034009,-159109.90999999992,-2546918.960000001,-0.00013328
2026-07-28 22:00:00 CST,1785247200000,72.67,72.95,72.49,72.91,629325.1799999999,316500.20999999996,628688077.5474297,2629283.354629636,3675.2399999999616,-2543243.720000001,-0.00013328
2026-07-28 22:30:00 CST,1785249000000,72.91,73.45,72.78,73.37,672144.91,394280.35,627775670.1684062,529178.6628062725,116415.79000000001,-2426827.930000001,-0.00013328
2026-07-28 23:00:00 CST,1785250800000,73.38,74.51,73.25,74.22,1370041.33,752851.25,630107022.5478,2142105.535399914,135661.17,-2291166.760000001,-0.00013328
2026-07-28 23:30:00 CST,1785252600000,74.22,74.55,74.08,74.31,746681.36,373237.69,621091806.104,-4963048.390842319,-205.97999999999593,-2291372.7400000016,-0.00013328
2026-07-29 00:00:00 CST,1785254400000,74.31,74.32,74.04,74.17,378916.43999999994,210709.75,622058915.232,-424744.7625236511,42503.06000000003,-2248869.6800000016,-4.712e-05
2026-07-29 00:30:00 CST,1785256200000,74.16,74.54,74.0,74.38,333756.16000000003,163355.19,623485866.0325392,320259.04653930664,-7045.779999999999,-2255915.4600000014,-4.712e-05
2026-07-29 01:00:00 CST,1785258000000,74.39,74.4,73.75,73.8,431583.62,182784.5,616819614.8816,-5877508.713500023,-66014.62,-2321930.0800000015,-4.712e-05
2026-07-29 01:30:00 CST,1785259800000,73.8,73.81,73.51,73.79,425752.0,190643.49,614055716.2347437,-1863581.5315562487,-44465.01999999999,-2366395.1000000015,-4.712e-05
2026-07-29 02:00:00 CST,1785261600000,73.79,74.03,73.78,73.81,193069.98,105565.17,615212942.9064755,-66487.90643417835,18060.359999999997,-2348334.7400000016,-4.712e-05
2026-07-29 02:30:00 CST,1785263400000,73.81,73.92,73.76,73.85,111104.48,61506.78,615646769.67,490876.1859999895,11909.080000000004,-2336425.6600000015,-4.712e-05
2026-07-29 03:00:00 CST,1785265200000,73.85,74.0,73.79,74.0,138582.79,72335.87,616550444.8384,477723.08089995384,6088.950000000008,-2330336.7100000014,-4.712e-05
2026-07-29 03:30:00 CST,1785267000000,74.0,74.36,73.99,74.29,352111.77,195945.04000000004,619764085.3705,2250947.010499954,39778.31000000001,-2290558.4000000022,-4.712e-05
2026-07-29 04:00:00 CST,1785268800000,74.29,74.34,74.07,74.08,278276.69,136621.16999999998,621273995.3121282,-413158.4630718231,-5034.350000000008,-2295592.750000003,-4.712e-05
2026-07-29 04:30:00 CST,1785270600000,74.08,74.16,73.97,74.01,145573.80000000002,73694.05,620177157.8802,-538723.8314999342,1814.2999999999938,-2293778.450000003,-4.712e-05
2026-07-29 05:00:00 CST,1785272400000,74.01,74.14,73.96,74.13,144853.80000000002,85214.47,619841945.8384938,-452783.58760619164,25575.14,-2268203.310000003,-4.712e-05
2026-07-29 05:30:00 CST,1785274200000,74.13,74.36,74.06,74.11,191037.09000000003,105332.00000000001,620509505.6853249,491363.1811249256,19626.910000000014,-2248576.4000000027,-4.712e-05
2026-07-29 06:00:00 CST,1785276000000,74.11,74.2,73.93,73.94,230510.26,89680.53000000001,617963244.84,-1991810.6247044802,-51149.19999999998,-2299725.600000003,-4.712e-05
2026-07-29 06:30:00 CST,1785277800000,73.94,73.94,73.39,73.4,363031.87,146024.06,611632564.3452848,-5765454.470915198,-70983.75,-2370709.350000003,-4.712e-05
2026-07-29 07:00:00 CST,1785279600000,73.41,73.44,73.13,73.27,392120.69,173498.38,611156590.0553266,-735866.2095733881,-45123.92999999999,-2415833.280000003,-4.712e-05
2026-07-29 07:30:00 CST,1785281400000,73.28,73.81,73.26,73.77,407929.4,229468.46000000002,612464038.465061,2167492.1641504765,51007.51999999997,-2364825.7600000026,-4.712e-05
2026-07-29 08:00:00 CST,1785283200000,73.77,74.15,73.77,73.92,372541.03,203533.62000000002,612084013.8019396,-449288.82773935795,34526.21000000001,-2330299.5500000026,2.994e-05
2026-07-29 08:30:00 CST,1785285000000,73.91,74.07,73.72,73.75,233755.13,98939.92,612952999.3771,829527.0475000143,-35875.28999999999,-2366174.8400000026,2.994e-05
2026-07-29 09:00:00 CST,1785286800000,73.74,73.77,73.44,73.66,214554.82,101659.92,611482635.9776,-504588.4756000042,-11234.979999999998,-2377409.8200000026,2.994e-05
2026-07-29 09:30:00 CST,1785288600000,73.67,73.7,73.18,73.24,248327.68000000002,101214.04000000001,608311983.632,-2444656.024600029,-45899.600000000006,-2423309.4200000023,2.994e-05
2026-07-29 10:00:00 CST,1785290400000,73.24,73.7,73.02,73.69,366735.55000000005,234653.09,610214370.0678877,1907217.134487629,102570.62999999999,-2320738.7900000024,2.994e-05
2026-07-29 10:30:00 CST,1785292200000,73.7,73.96,73.57,73.66,382456.81,193341.39999999997,613668663.7416,-537543.5217864513,4225.990000000016,-2316512.800000002,2.994e-05
2026-07-29 11:00:00 CST,1785294000000,73.66,73.72,73.21,73.23,178158.88,86193.72,611966950.2265,-1564599.9455000162,-5771.440000000006,-2322284.240000002,2.994e-05
2026-07-29 11:30:00 CST,1785295800000,73.22,73.33,72.95,73.03,310565.97000000003,141150.83000000002,610850327.2344,109888.39020001888,-28264.31000000001,-2350548.550000002,2.994e-05
2026-07-29 12:00:00 CST,1785297600000,73.04,73.26,72.66,73.13,713182.1,375813.39999999997,612199872.6152604,1336334.636060357,38444.70000000002,-2312103.850000002,2.994e-05
2026-07-29 12:30:00 CST,1785299400000,73.13,73.46,73.06,73.41,303930.25999999995,144761.79,613365735.8416557,1104097.6804556847,-14406.679999999978,-2326510.530000002,2.994e-05
2026-07-29 13:00:00 CST,1785301200000,73.41,73.57,73.3,73.49,252277.12,129941.33,612193309.4512324,-1636863.4736367464,7605.5400000000045,-2318904.990000002,2.994e-05
2026-07-29 13:30:00 CST,1785303000000,73.48,73.76,73.43,73.64,218133.24,107754.34000000001,612604821.5659101,189409.0158740282,-2624.560000000005,-2321529.5500000017,2.994e-05
2026-07-29 14:00:00 CST,1785304800000,73.64,73.98,73.48,73.96,274465.95,158420.72999999998,613453368.9674639,1679544.4170314074,42375.509999999995,-2279154.0400000024,2.994e-05
2026-07-29 14:30:00 CST,1785306600000,73.96,74.06,73.92,74.04,253001.78000000003,118064.48999999999,613912027.1133999,-528168.124600172,-16872.799999999996,-2296026.8400000026,2.994e-05
2026-07-29 15:00:00 CST,1785308400000,74.04,74.12,73.94,74.12,168187.46000000002,75158.5,613889848.7285109,-206396.10058915615,-17870.46,-2313897.3000000026,2.994e-05
2026-07-29 15:30:00 CST,1785310200000,74.11,74.25,73.96,74.21,212571.93,115838.94,614151227.34,-968207.4412000179,19105.95000000001,-2294791.350000003,2.994e-05
2026-07-29 16:00:00 CST,1785312000000,74.21,74.3,73.66,73.73,395431.02,165475.83000000002,612003006.068404,-3974137.210496068,-64479.36,-2359270.7100000028,-8.2e-07
2026-07-29 16:30:00 CST,1785313800000,73.73,74.2,73.68,73.9,282155.2,160675.77,610276580.7901964,348883.91259646416,39196.33999999999,-2320074.370000002,-8.2e-07
2026-07-29 17:00:00 CST,1785315600000,73.91,74.07,73.87,74.04,133147.49,74258.36,611966291.1396,1998746.3106000423,15369.230000000007,-2304705.140000002,-8.2e-07
2026-07-29 17:30:00 CST,1785317400000,74.05,74.29,74.01,74.09,173685.59,96696.01,612658317.9327164,810328.6455163956,19706.430000000004,-2284998.7100000014,-8.2e-07
2026-07-29 18:00:00 CST,1785319200000,74.1,74.11,73.96,73.97,144353.15000000002,78507.13,612680574.27,411176.3465182781,12661.109999999988,-2272337.600000002,-8.2e-07
2026-07-29 18:30:00 CST,1785321000000,73.98,74.07,73.75,73.87,197444.28999999998,92027.20000000001,610030052.8032,-2008607.8311152458,-13389.89,-2285727.490000002,-8.2e-07
2026-07-29 19:00:00 CST,1785322800000,73.88,74.06,73.84,73.9,123759.92000000001,50261.899999999994,610960664.2028,66104.24199998379,-23236.12,-2308963.610000002,-8.2e-07
2026-07-29 19:30:00 CST,1785324600000,73.91,73.97,73.79,73.91,86049.94,52320.10999999999,610221532.7825699,-147664.9407017231,18590.28,-2290373.3300000024,-8.2e-07
2026-07-29 20:00:00 CST,1785326400000,73.91,73.92,73.41,73.5,329629.55,142650.89,607375050.6448512,-2929852.9327487946,-44327.77000000001,-2334701.1000000024,-8.2e-07
2026-07-29 20:30:00 CST,1785328200000,73.5,73.6,73.42,73.48,154617.99,79728.31,607370718.4179244,116111.0848724842,4838.629999999996,-2329862.4700000025,-8.2e-07
2026-07-29 21:00:00 CST,1785330000000,73.48,73.57,73.38,73.52,203577.64,103520.95,606951136.4874,-289398.8166304827,3464.2600000000075,-2326398.2100000023,-8.2e-07
2026-07-29 21:30:00 CST,1785331800000,73.52,73.74,73.3,73.69,564488.92,297432.19,609285477.21953,1714303.8946723938,30375.459999999992,-2296022.750000003,-8.2e-07
2026-07-29 22:00:00 CST,1785333600000,73.69,73.89,73.11,73.28,579068.54,286462.13999999996,608242524.4336,-3745000.2069000006,-6144.260000000017,-2302167.0100000026,-8.2e-07
2026-07-29 22:30:00 CST,1785335400000,73.28,73.43,73.04,73.23,406337.87,214803.33000000002,610237892.5022018,2061081.9266017675,23268.79,-2278898.2200000025,-8.2e-07
2026-07-29 23:00:00 CST,1785337200000,73.22,73.39,73.08,73.28,210023.22999999998,105448.97,610236131.5425,1030457.3888806105,874.71000000001,-2278023.510000002,-8.2e-07
2026-07-29 23:30:00 CST,1785339000000,73.27,73.42,72.93,73.08,393606.39,182220.47,609991527.508905,-830147.920810461,-29165.450000000004,-2307188.960000002,-8.2e-07
2026-07-30 00:00:00 CST,1785340800000,73.08,73.33,72.91,73.18,362345.39,200119.3,611542481.5452,1824820.9283208847,37893.20999999999,-2269295.7500000014,-3.76e-06
2026-07-30 00:30:00 CST,1785342600000,73.18,73.25,72.88,73.24,423705.04000000004,156113.88,608277142.1540878,-2731309.1941850185,-111477.28000000003,-2380773.030000001,-3.76e-06
2026-07-30 01:00:00 CST,1785344400000,73.24,73.53,73.22,73.25,476248.68000000005,262440.74,610925510.9832,1748710.7339999676,48632.799999999974,-2332140.2300000014,-3.76e-06
2026-07-30 01:30:00 CST,1785346200000,73.24,73.92,73.13,73.91,450221.31000000006,257722.65000000002,615851716.8,5020479.717036605,65223.99,-2266916.2400000016,-3.76e-06
2026-07-30 02:00:00 CST,1785348000000,73.91,74.39,73.75,73.87,1413231.8399999999,665965.8500000001,614547120.5282514,-2429896.2628781796,-81300.14000000004,-2348216.3800000018,-3.76e-06
2026-07-30 02:30:00 CST,1785349800000,73.88,74.5,73.4,74.21,845025.03,425691.34,620646629.777731,8031777.001643062,6357.650000000009,-2341858.730000002,-3.76e-06
2026-07-30 03:00:00 CST,1785351600000,74.2,74.34,73.42,73.53,561883.95,274635.52999999997,612773604.0762407,-4920850.793979287,-12612.889999999985,-2354471.620000002,-3.76e-06
2026-07-30 03:30:00 CST,1785353400000,73.52,73.62,72.68,72.71,941703.48,422187.42,606428072.9088,-3979890.7519999743,-97328.63999999996,-2451800.260000002,-3.76e-06
2026-07-30 04:00:00 CST,1785355200000,72.71,73.06,72.39,72.7,1011117.96,474991.55999999994,608237328.863349,2021379.7937489748,-61134.840000000004,-2512935.1000000024,-3.76e-06
2026-07-30 04:30:00 CST,1785357000000,72.71,73.17,72.56,72.6,305745.44,147813.69999999998,607507588.0346,1154182.4514000416,-10118.03999999999,-2523053.1400000025,-3.76e-06
2026-07-30 05:00:00 CST,1785358800000,72.61,72.93,72.26,72.91,647752.3800000001,284826.78,607328402.0452343,1633762.7109110355,-78098.81999999999,-2601151.9600000023,-3.76e-06
2026-07-30 05:30:00 CST,1785360600000,72.91,73.14,72.84,73.14,331749.36,190842.76,608225131.7463813,-66435.18383085728,49936.15999999999,-2551215.800000002,-3.76e-06
2026-07-30 06:00:00 CST,1785362400000,73.14,73.78,73.14,73.67,696711.91,374714.89,624422467.0784,15003679.78400004,52717.86999999998,-2498497.9300000025,-3.76e-06
2026-07-30 06:30:00 CST,1785364200000,73.67,73.69,73.47,73.61,171464.91999999998,74744.93,622627382.455,-1661300.52166152,-21975.06,-2520472.990000003,-3.76e-06
2026-07-30 07:00:00 CST,1785366000000,73.6,73.71,73.38,73.58,227352.21999999997,103695.62,622601523.7281071,-570690.8345472813,-19960.980000000003,-2540433.970000003,-3.76e-06
2026-07-30 07:30:00 CST,1785367800000,73.57,73.7,73.47,73.65,103038.65999999999,53447.07000000001,623374221.005591,759121.0311909914,3855.4800000000014,-2536578.490000003,-3.76e-06
2026-07-30 08:00:00 CST,1785369600000,73.65,73.84,73.6,73.77,203363.4,94007.70999999999,623562150.8505243,555083.3325242996,-15347.979999999992,-2551926.470000003,2.21e-05
2026-07-30 08:30:00 CST,1785371400000,73.77,73.78,73.1,73.27,384587.70000000007,162839.99,618526357.8093615,-5007940.53031528,-58907.72000000001,-2610834.1900000037,2.21e-05
2026-07-30 09:00:00 CST,1785373200000,73.28,73.74,73.23,73.61,316270.9,156477.68,622511442.4798303,1551870.5948302746,-3315.540000000001,-2614149.730000004,2.21e-05
2026-07-30 09:30:00 CST,1785375000000,73.62,74.18,73.6,73.99,379014.55999999994,212793.15000000002,624290029.2469697,2678053.717969656,46571.74000000001,-2567577.990000004,2.21e-05
2026-07-30 10:00:00 CST,1785376800000,74.0,74.12,73.95,73.99,165339.82,83971.34000000001,623211633.61862,13723.274520039558,2602.8600000000024,-2564975.1300000036,2.21e-05
2026-07-30 10:30:00 CST,1785378600000,74.0,74.0,73.78,73.81,129004.07,52509.76000000001,622726007.6507063,-325380.9892936945,-23984.549999999992,-2588959.680000004,2.21e-05
2026-07-30 11:00:00 CST,1785380400000,73.81,73.98,73.69,73.88,136758.6,79985.09999999999,622076301.8372,490338.7501000166,23211.599999999995,-2565748.080000004,2.21e-05
2026-07-30 11:30:00 CST,1785382200000,73.88,73.88,73.62,73.68,125419.25,53349.23,620984536.7499233,-1484584.864876628,-18720.790000000005,-2584468.8700000043,2.21e-05
2026-07-30 12:00:00 CST,1785384000000,73.68,73.71,73.47,73.53,143377.72,75585.77,620204916.8902398,-662124.3165601492,7793.8200000000015,-2576675.0500000045,2.21e-05
2026-07-30 12:30:00 CST,1785385800000,73.54,73.69,73.46,73.48,165188.68,98281.28,619974005.9646,-123624.33284592628,31373.880000000005,-2545301.1700000046,2.21e-05
2026-07-30 13:00:00 CST,1785387600000,73.48,73.59,73.38,73.55,130856.73000000003,68468.9,618076442.4472,-743846.1078778505,6081.069999999996,-2539220.1000000043,2.21e-05
2026-07-30 13:30:00 CST,1785389400000,73.55,73.84,73.53,73.66,159917.64,96648.87,617713106.4451942,-818985.5318057537,33380.100000000006,-2505840.000000004,2.21e-05
2026-07-30 14:00:00 CST,1785391200000,73.66,73.73,73.48,73.65,110373.34999999999,53175.67999999999,617029861.1178,-892343.3945000172,-4021.99,-2509861.9900000044,2.21e-05
2026-07-30 14:30:00 CST,1785393000000,73.66,73.67,73.45,73.49,117982.57999999999,64975.020000000004,617695648.1433,-458331.0193680525,11967.459999999995,-2497894.530000005,2.21e-05
2026-07-30 15:00:00 CST,1785394800000,73.5,73.78,73.48,73.63,185220.99000000002,123812.41,619010435.496686,1343320.3266860247,62403.83,-2435490.700000005,2.21e-05
2026-07-30 15:30:00 CST,1785396600000,73.64,73.65,73.35,73.39,144936.40999999997,63040.450000000004,616515025.4388168,-1783056.1968866587,-18855.510000000002,-2454346.210000005,2.21e-05
2026-07-30 16:00:00 CST,1785398400000,73.38,73.8,73.26,73.69,216599.84000000003,133804.09999999998,617295223.3248,1252888.5642000437,51008.36,-2403337.850000005,8.517e-05
2026-07-30 16:30:00 CST,1785400200000,73.69,73.8,73.6,73.78,118521.82,54064.19,618954967.0615301,668603.7004582882,-10393.440000000002,-2413731.2900000047,8.517e-05
2026-07-30 17:00:00 CST,1785402000000,73.78,74.05,73.77,74.0,257239.52000000002,141538.35,622864967.917463,3029534.0259279013,25837.179999999997,-2387894.1100000045,8.517e-05
2026-07-30 17:30:00 CST,1785403800000,74.01,74.19,73.97,74.02,273561.05,146972.25999999998,623629898.9664,652759.0227515697,20383.470000000012,-2367510.6400000043,8.517e-05
2026-07-30 18:00:00 CST,1785405600000,74.01,74.17,74.01,74.04,152218.11000000002,65575.56,624067831.2456,209910.35220003128,-21066.989999999998,-2388577.630000004,8.517e-05
2026-07-30 18:30:00 CST,1785407400000,74.05,74.09,73.79,73.87,207506.09000000003,74137.75,620527883.22,-3178749.186999917,-59230.590000000004,-2447808.2200000044,8.517e-05
2026-07-30 19:00:00 CST,1785409200000,73.88,74.1,73.86,74.04,139160.05,75849.22,622432440.518035,1186159.360935092,12538.389999999992,-2435269.8300000047,8.517e-05
2026-07-30 19:30:00 CST,1785411000000,74.04,74.3,73.98,74.18,291103.45999999996,149768.64,621776301.7278562,-725751.0575003624,8433.820000000022,-2426836.0100000044,8.517e-05
2026-07-30 20:00:00 CST,1785412800000,74.18,74.33,74.08,74.14,320377.58999999997,149349.30000000002,625448122.516,3406752.7843153477,-21678.98999999999,-2448515.000000004,8.517e-05
2026-07-30 20:30:00 CST,1785414600000,74.15,74.45,74.04,74.36,452069.58,257052.40999999997,624774727.1666118,-235223.90638816357,62035.24000000001,-2386479.7600000044,8.517e-05
2026-07-30 21:00:00 CST,1785416400000,74.36,74.42,74.22,74.23,245223.63999999996,112510.99999999999,623937690.4504,-288467.06330001354,-20201.639999999992,-2406681.400000004,8.517e-05
2026-07-30 21:30:00 CST,1785418200000,74.22,74.89,74.08,74.64,1036868.6799999999,609885.7199999999,622268127.8587745,-214237.6722254753,182902.75999999995,-2223778.6400000043,8.517e-05
2026-07-30 22:00:00 CST,1785420000000,74.64,74.75,74.25,74.59,690760.47,329048.98,617210113.7556,-4492846.079866648,-32662.50999999998,-2256441.1500000046,8.517e-05
2026-07-30 22:30:00 CST,1785421800000,74.6,74.75,74.46,74.59,397694.95999999996,203349.25,617489161.4974365,1102744.0320820808,9003.540000000008,-2247437.610000005,8.517e-05
2026-07-30 23:00:00 CST,1785423600000,74.59,74.84,74.45,74.48,494627.08,231336.93,617967709.8755,1510064.5494999886,-31953.22000000002,-2279390.8300000047,8.517e-05
2026-07-30 23:30:00 CST,1785425400000,74.48,74.64,74.43,74.61,249340.38,158250.84999999998,614120736.2949,1046467.2212902308,67161.31999999998,-2212229.510000004,8.517e-05
2026-07-31 00:00:00 CST,1785427200000,74.61,74.81,74.59,74.68,392280.26,192866.83000000002,613195756.4090639,-837581.6524701118,-6546.600000000006,-2218776.110000004,5.752e-05
2026-07-31 00:30:00 CST,1785429000000,74.69,74.71,74.42,74.54,216597.36999999997,104217.12,610768784.4036,-2971309.7567977905,-8163.130000000001,-2226939.240000005,5.752e-05
2026-07-31 01:00:00 CST,1785430800000,74.55,74.62,74.38,74.53,167132.17,83607.48,610697737.075522,-43841.33970081806,82.79000000000087,-2226856.4500000053,5.752e-05
2026-07-31 01:30:00 CST,1785432600000,74.53,74.86,74.46,74.73,253828.44999999998,134756.41,612500509.4832,2093493.705228448,15684.369999999995,-2211172.080000005,5.752e-05
2026-07-31 02:00:00 CST,1785434400000,74.72,74.95,74.64,74.69,280809.07,151846.06,612565906.095,-222560.74229991436,22883.050000000017,-2188289.0300000054,5.752e-05
2026-07-31 02:30:00 CST,1785436200000,74.7,74.72,74.45,74.48,129934.28999999998,57455.42999999999,609056354.5253863,-3051838.405756712,-15023.43,-2203312.460000005,5.752e-05
2026-07-31 03:00:00 CST,1785438000000,74.48,74.74,74.48,74.65,137074.47000000003,76420.04000000001,610355944.3053256,1141753.7048044205,15765.610000000004,-2187546.850000005,5.752e-05
2026-07-31 03:30:00 CST,1785439800000,74.65,74.81,74.5,74.75,248310.69,146619.45,610764749.5159011,-141955.80422878265,44928.21000000001,-2142618.6400000053,5.752e-05
2026-07-31 04:00:00 CST,1785441600000,74.75,74.89,74.53,74.55,250214.27,135621.93,610447398.9408,-1138069.894329667,21029.590000000004,-2121589.0500000054,5.752e-05
2026-07-31 04:30:00 CST,1785443400000,74.55,74.62,74.4,74.45,184019.53,111846.12999999999,609145700.085,-480473.09347605705,39672.72999999999,-2081916.3200000054,5.752e-05
2026-07-31 05:00:00 CST,1785445200000,74.45,74.58,74.4,74.43,142037.16,82537.95000000001,607558040.8172,-1528299.0112000704,23038.74,-2058877.5800000054,5.752e-05
2026-07-31 05:30:00 CST,1785447000000,74.43,74.54,74.4,74.46,86759.56,49676.28999999999,607355330.3966,156189.03050005436,12593.019999999999,-2046284.5600000054,5.752e-05
2026-07-31 06:00:00 CST,1785448800000,74.46,74.86,74.37,74.82,276431.67,141505.09,612005326.3293,4087524.5109000206,6578.509999999995,-2039706.0500000054,5.752e-05
2026-07-31 06:30:00 CST,1785450600000,74.83,74.85,74.69,74.71,118416.62999999999,58832.51,612858156.0864,-733417.4378999472,-751.6099999999979,-2040457.6600000053,5.752e-05
2026-07-31 07:00:00 CST,1785452400000,74.72,74.74,74.62,74.64,84284.42000000001,38794.10999999999,612412890.9745,-130088.71608793736,-6696.200000000003,-2047153.8600000052,5.752e-05
2026-07-31 07:30:00 CST,1785454200000,74.65,74.96,74.42,74.46,681348.1299999999,360226.41,615509117.0601892,3272855.0246891975,39104.69000000003,-2008049.1700000053,5.752e-05
2026-07-31 08:00:00 CST,1785456000000,74.46,74.62,74.45,74.53,261281.68,133886.45,617545310.1091031,2228686.067203045,6491.220000000008,-2001557.9500000048,9.768e-05
2026-07-31 08:30:00 CST,1785457800000,74.53,74.6,74.4,74.46,118395.06999999999,61270.979999999996,616158427.176,-1650845.9249345064,4146.890000000003,-1997411.0600000047,9.768e-05
2026-07-31 09:00:00 CST,1785459600000,74.46,75.28,74.46,75.07,860441.26,486539.26,620598422.3902248,3899307.2229908705,112637.26000000001,-1884773.8000000047,9.768e-05
2026-07-31 09:30:00 CST,1785461400000,75.08,75.08,74.25,74.36,552542.39,258400.46999999997,613617126.2588894,-7615347.811672211,-35741.45000000001,-1920515.250000005,9.768e-05
2026-07-31 10:00:00 CST,1785463200000,74.36,74.53,74.15,74.18,377106.15,172389.00999999998,609798606.7896,-3370740.7079162598,-32328.130000000016,-1952843.380000005,9.768e-05
2026-07-31 10:30:00 CST,1785465000000,74.18,74.27,74.04,74.11,285268.23,141742.46,610217670.1176,289197.1222000122,-1783.310000000005,-1954626.690000005,9.768e-05
2026-07-31 11:00:00 CST,1785466800000,74.11,74.33,73.83,74.17,413886.51,191301.65000000002,610595973.6576,362325.44640004635,-31283.21,-1985909.900000005,9.768e-05
2026-07-31 11:30:00 CST,1785468600000,74.18,74.24,74.05,74.11,154633.16,90045.14,610291039.4767145,968120.1577144861,25457.120000000003,-1960452.7800000047,9.768e-05
2026-07-31 12:00:00 CST,1785470400000,74.1,74.12,73.7,73.81,336233.29,162030.40999999997,605955637.8384297,-3859084.284050584,-12172.470000000005,-1972625.2500000047,9.768e-05
2026-07-31 12:30:00 CST,1785472200000,73.8,73.85,73.69,73.79,287502.94,176816.75,606305674.6998,-408941.8246999979,66130.56,-1906494.6900000044,9.768e-05
2026-07-31 13:00:00 CST,1785474000000,73.79,74.29,73.79,74.13,428351.65,213284.99999999997,611023068.506165,3622864.766938448,-1781.650000000027,-1908276.3400000045,9.768e-05
2026-07-31 13:30:00 CST,1785475800000,74.14,74.22,74.02,74.2,195914.56,89210.15,609955529.3496,-123157.91272008419,-17494.26,-1925770.6000000043,9.768e-05
2026-07-31 14:00:00 CST,1785477600000,74.21,74.42,74.15,74.42,266813.95999999996,141890.67,610650778.606,279602.144882679,16967.379999999997,-1908803.2200000042,9.768e-05
2026-07-31 14:30:00 CST,1785479400000,74.41,74.51,73.97,74.06,410872.04,197523.83,606903370.860157,-4886443.425642967,-15824.37999999999,-1924627.6000000043,9.768e-05
2026-07-31 15:00:00 CST,1785481200000,74.06,74.06,73.5,73.5,595963.43,257242.57000000004,601972328.8358,-4434642.872199893,-81478.29000000001,-2006105.8900000043,9.768e-05
2026-07-31 15:30:00 CST,1785483000000,73.5,73.73,73.46,73.64,294009.3,158500.27999999997,604498862.9147347,1666071.4195346832,22991.259999999995,-1983114.630000004,9.768e-05
2026-07-31 16:00:00 CST,1785484800000,73.65,73.75,73.57,73.7,206476.74000000002,109574.81000000001,603980354.6205,253959.9177376032,12672.879999999994,-1970441.7500000042,4.606e-05
2026-07-31 16:30:00 CST,1785486600000,73.7,73.77,73.49,73.62,203882.80000000002,104254.53,605910706.0922254,991152.1392254829,4626.259999999991,-1965815.4900000042,4.606e-05
2026-07-31 17:00:00 CST,1785488400000,73.63,73.67,73.41,73.45,223590.46,70462.5,601637176.0630708,-4057746.257129669,-82665.45999999999,-2048480.950000004,4.606e-05
2026-07-31 17:30:00 CST,1785490200000,73.45,73.56,73.35,73.44,284247.95,143801.16,600099379.8069,-1023896.5721427202,3354.3699999999917,-2045126.5800000038,4.606e-05
2026-07-31 18:00:00 CST,1785492000000,73.45,73.62,73.25,73.58,276594.07999999996,145886.95,601199693.0237527,1128278.573853612,15179.819999999992,-2029946.7600000037,4.606e-05
2026-07-31 18:30:00 CST,1785493800000,73.58,73.62,73.46,73.52,216020.36,114633.65000000001,602631208.346063,1549612.4983042479,13246.939999999995,-2016699.8200000038,4.606e-05
2026-07-31 19:00:00 CST,1785495600000,73.52,73.69,73.44,73.55,183466.49,99918.22,604439544.2966936,1784979.71639359,16369.950000000003,-2000329.8700000038,4.606e-05
2026-07-31 19:30:00 CST,1785497400000,73.55,73.56,73.43,73.52,105641.89,51914.93000000001,603871550.4087561,253887.8905365467,-1812.0300000000043,-2002141.9000000039,4.606e-05
2026-07-31 20:00:00 CST,1785499200000,73.52,73.61,73.34,73.56,190499.37,80038.97,604217046.6408,535693.6992000341,-30421.430000000008,-2032563.330000004,4.606e-05
2026-07-31 20:30:00 CST,1785501000000,73.57,73.6,73.38,73.58,224932.56,90203.48000000001,603923510.8937227,-331482.30130028725,-44525.6,-2077088.9300000041,4.606e-05
2026-07-31 21:00:00 CST,1785502800000,73.59,73.78,73.58,73.77,214913.52000000002,125124.35,605996851.425,1381781.211503148,35335.18,-2041753.7500000042,4.606e-05
2026-07-31 21:30:00 CST,1785504600000,73.77,73.78,73.13,73.25,842734.29,387868.45999999996,600872568.6908,-5565729.753700018,-66997.36999999998,-2108751.120000004,4.606e-05
2026-07-31 22:00:00 CST,1785506400000,73.25,73.67,72.75,73.28,1866662.0899999996,851954.11,603391926.795,393120.1730246544,-162753.87,-2271504.990000004,4.606e-05
2026-07-31 22:30:00 CST,1785508200000,73.27,73.33,72.79,73.01,812183.4500000001,410829.29000000004,601303759.4960676,272205.4192676544,9475.12999999999,-2262029.860000004,4.606e-05
2026-07-31 23:00:00 CST,1785510000000,73.01,73.09,72.83,72.93,401750.18999999994,207825.49,604614281.1329048,1161796.6629047394,13900.789999999994,-2248129.0700000045,4.606e-05
2026-07-31 23:30:00 CST,1785511800000,72.94,73.19,72.86,73.06,369390.12999999995,207533.77,611128392.7515,6035716.291634321,45677.41,-2202451.6600000053,4.606e-05
2026-08-01 00:00:00 CST,1785513600000,73.05,73.26,72.95,73.19,291672.61,133590.69,611389623.8036977,770624.1661039591,-24491.23,-2226942.8900000053,3.736e-05
2026-08-01 00:30:00 CST,1785515400000,73.19,73.31,73.02,73.27,180816.06,84397.62,612508823.2617,-9135.060699939728,-12020.819999999996,-2238963.710000005,3.736e-05
2026-08-01 01:00:00 CST,1785517200000,73.27,73.36,73.14,73.3,203140.35,108810.15999999999,611957427.2324,-811441.6525280476,14479.969999999994,-2224483.740000005,3.736e-05
2026-08-01 01:30:00 CST,1785519000000,73.29,73.42,73.24,73.34,235352.93,130070.25,612707197.617,572288.6317893267,24787.56999999998,-2199696.170000005,3.736e-05
2026-08-01 02:00:00 CST,1785520800000,73.34,73.46,73.17,73.18,176880.34,62985.67,613205830.3724797,147416.58887970448,-50909.00000000001,-2250605.1700000046,3.736e-05
2026-08-01 02:30:00 CST,1785522600000,73.18,73.2,72.9,73.08,218161.77999999997,93010.65,612833454.3272,1104708.4981297255,-32140.479999999996,-2282745.650000004,3.736e-05
2026-08-01 03:00:00 CST,1785524400000,73.08,73.17,72.91,72.97,127005.71,53445.4,612086550.5594,-257470.58355796337,-20114.909999999993,-2302860.5600000042,3.736e-05
2026-08-01 03:30:00 CST,1785526200000,72.98,73.26,72.88,73.05,253767.24000000002,131106.16,614055525.312,1543808.0622000694,8445.079999999987,-2294415.480000004,3.736e-05
2026-08-01 04:00:00 CST,1785528000000,73.05,73.2,73.04,73.08,144737.90999999997,74408.16,614114865.7659963,829064.2664088011,4078.410000000008,-2290337.0700000045,3.736e-05
2026-08-01 04:30:00 CST,1785529800000,73.09,73.09,72.9,72.92,242173.77000000002,100387.45999999999,613507598.9033,-1153431.6220999956,-41398.850000000006,-2331735.9200000046,3.736e-05
2026-08-01 05:00:00 CST,1785531600000,72.93,73.07,72.84,72.99,85047.48,46783.88999999999,613281759.0367,354306.9227000475,8520.299999999997,-2323215.6200000043,3.736e-05
2026-08-01 05:30:00 CST,1785533400000,73.0,73.05,72.52,72.69,336182.84,129450.55,612501787.0384,-449656.7215999365,-77281.74000000002,-2400497.3600000045,3.736e-05
2026-08-01 06:00:00 CST,1785535200000,72.69,72.88,72.63,72.84,219730.84,102428.4,612891266.0288,635388.8408000469,-14874.040000000005,-2415371.4000000046,3.736e-05
2026-08-01 06:30:00 CST,1785537000000,72.83,72.92,72.81,72.81,106488.74,48206.66,613157663.6389043,226381.73530471325,-10075.419999999998,-2425446.820000004,3.736e-05
2026-08-01 07:00:00 CST,1785538800000,72.81,72.94,72.81,72.87,84617.29999999999,40052.93000000001,613235935.7536,304157.0460000038,-4511.440000000002,-2429958.2600000035,3.736e-05
2026-08-01 07:30:00 CST,1785540600000,72.87,72.91,72.76,72.83,141420.99000000002,62166.85,612831407.2220097,-513283.76274454594,-17087.289999999994,-2447045.5500000035,3.736e-05
2026-08-01 08:00:00 CST,1785542400000,72.83,73.0,72.83,72.96,133943.34,77044.51000000001,614028237.8802,646037.3849999905,20145.679999999993,-2426899.8700000034,0.0001
2026-08-01 08:30:00 CST,1785544200000,72.96,73.12,72.91,72.98,173303.19,94529.15000000001,614686679.7022557,54512.40035569668,15755.109999999993,-2411144.760000003,0.0001
2026-08-01 09:00:00 CST,1785546000000,72.99,73.11,72.98,73.05,129526.93,70700.39,614857742.3985,354158.35269999504,11873.849999999999,-2399270.910000003,0.0001
2026-08-01 09:30:00 CST,1785547800000,73.06,73.07,72.95,73.02,113526.41,52887.29,615128294.4670968,139074.30877232552,-7751.83,-2407022.7400000035,0.0001
2026-08-01 10:00:00 CST,1785549600000,73.02,73.13,72.98,73.12,149225.2,81315.54999999999,616091334.393,925994.4605000019,13405.900000000001,-2393616.8400000036,0.0001
2026-08-01 10:30:00 CST,1785551400000,73.13,73.13,72.97,73.05,121792.40000000001,62214.44,616598669.057083,150849.76612973213,2636.4799999999977,-2390980.3600000036,0.0001
2026-08-01 11:00:00 CST,1785553200000,73.05,73.07,72.88,72.89,154829.09,72568.39,617032047.6662,-184200.782599926,-9692.310000000003,-2400672.670000003,0.0001
2026-08-01 11:30:00 CST,1785555000000,72.89,73.01,72.83,73.01,128733.03,58322.72,616392886.9750342,247906.49560582638,-12087.590000000004,-2412760.2600000035,0.0001
2026-08-01 12:00:00 CST,1785556800000,73.01,73.1,73.0,73.06,84982.95999999999,46861.66000000001,616584963.456,58486.46254706383,8740.360000000002,-2404019.9000000036,0.0001
2026-08-01 12:30:00 CST,1785558600000,73.06,73.18,73.03,73.13,72995.06,49312.11,617934335.4678733,1514221.0804733038,25629.159999999996,-2378390.740000003,0.0001
2026-08-01 13:00:00 CST,1785560400000,73.13,73.17,73.0,73.02,110550.49,55695.049999999996,617399284.119,-522039.14640009403,839.609999999997,-2377551.130000003,0.0001
2026-08-01 13:30:00 CST,1785562200000,73.02,73.07,72.83,72.91,165987.19,60474.51,617452758.9052677,346870.824267745,-45038.17,-2422589.3000000035,0.0001
2026-08-01 14:00:00 CST,1785564000000,72.91,73.0,72.85,72.96,121238.40000000001,59937.59,618398247.337346,606048.2617459297,-1363.2199999999993,-2423952.5200000037,0.0001
2026-08-01 14:30:00 CST,1785565800000,72.96,72.99,72.91,72.95,69846.66,30291.839999999997,618755203.0477939,436937.22369384766,-9262.980000000003,-2433215.5000000037,0.0001
2026-08-01 15:00:00 CST,1785567600000,72.95,73.08,72.94,72.94,89297.25,49129.530000000006,620094759.7139744,1302620.3652437925,8961.810000000005,-2424253.6900000037,0.0001
2026-08-01 15:30:00 CST,1785569400000,72.94,72.97,72.87,72.93,89576.54999999999,37224.670000000006,620369635.0989894,1020814.6790684462,-15127.209999999995,-2439380.9000000036,0.0001
2026-08-01 16:00:00 CST,1785571200000,72.93,73.05,72.91,73.0,97954.07,57061.83,620556101.5260153,612747.7118908167,16169.590000000002,-2423211.3100000042,0.0001
2026-08-01 16:30:00 CST,1785573000000,73.0,73.03,72.93,72.99,87753.95,36201.96,620843063.9718,118466.48581898212,-15350.03,-2438561.340000004,0.0001
2026-08-01 17:00:00 CST,1785574800000,72.99,73.05,72.9,72.9,107744.76000000001,40854.32,621813342.6572766,848524.7515056133,-26036.119999999995,-2464597.460000004,0.0001
2026-08-01 17:30:00 CST,1785576600000,72.9,72.94,72.79,72.8,95643.81000000001,33122.51,621965568.333774,234501.62776184082,-29398.79,-2493996.250000004,0.0001
2026-08-01 18:00:00 CST,1785578400000,72.8,72.85,72.62,72.79,207418.06,99289.18,623142411.6826338,1672652.2266337872,-8839.699999999993,-2502835.9500000044,0.0001
2026-08-01 18:30:00 CST,1785580200000,72.79,72.86,72.75,72.8,86389.08000000002,40827.27,623815598.4769001,890009.9036966562,-4734.540000000002,-2507570.490000004,0.0001
2026-08-01 19:00:00 CST,1785582000000,72.8,72.87,72.74,72.83,118920.11,50254.2,624926151.3112,1330964.623863101,-18411.710000000003,-2525982.2000000034,0.0001
2026-08-01 19:30:00 CST,1785583800000,72.83,72.86,72.79,72.85,72451.51000000001,38935.75,625773320.2536,875345.4493381977,5419.989999999996,-2520562.2100000037,0.0001
2026-08-01 20:00:00 CST,1785585600000,72.85,72.9,72.83,72.89,93891.5,47985.590000000004,626808632.7864,821817.432199955,2079.6800000000003,-2518482.5300000045,0.0001
2026-08-01 20:30:00 CST,1785587400000,72.9,72.91,72.84,72.89,66524.47,31219.559999999998,627122927.97,-79996.08599996567,-4085.350000000002,-2522567.880000005,0.0001
2026-08-01 21:00:00 CST,1785589200000,72.89,72.96,72.87,72.88,102352.31000000001,43810.16,626506149.5127,-226587.1369202137,-14731.990000000002,-2537299.8700000052,0.0001
2026-08-01 21:30:00 CST,1785591000000,72.89,72.96,72.86,72.93,121149.04,67882.49,626038971.2413129,-371260.71708869934,14615.940000000002,-2522683.9300000053,0.0001
2026-08-01 22:00:00 CST,1785592800000,72.94,73.02,72.83,72.94,148194.47,77038.25,626936374.664,429094.17037189007,5882.029999999993,-2516801.900000005,0.0001
2026-08-01 22:30:00 CST,1785594600000,72.94,73.0,72.89,72.99,103982.2,62292.799999999996,626745394.0963827,-661925.6646173,20603.399999999994,-2496198.5000000047,0.0001
2026-08-01 23:00:00 CST,1785596400000,72.99,73.0,72.8,72.81,99868.33,39255.39,626530327.1449394,-899733.6750606298,-21357.550000000003,-2517556.0500000045,0.0001
2026-08-01 23:30:00 CST,1785598200000,72.81,72.82,72.68,72.75,257842.86999999997,110479.41999999998,627767370.0342,1068826.7726999521,-36884.02999999999,-2554440.080000005,0.0001
2026-08-02 00:00:00 CST,1785600000000,72.75,72.88,72.69,72.84,147589.2,79782.62,629890781.2755,2583669.4080001116,11976.039999999999,-2542464.0400000047,3.159e-05
2026-08-02 00:30:00 CST,1785601800000,72.85,72.91,72.4,72.66,575104.79,217787.67,628829077.2522,-1044460.4283000231,-139529.44999999995,-2681993.4900000044,3.159e-05
2026-08-02 01:00:00 CST,1785603600000,72.67,72.75,72.01,72.11,862791.49,327928.93000000005,631733993.5508,1808698.0785688162,-206933.62999999998,-2888927.1200000043,3.159e-05
2026-08-02 01:30:00 CST,1785605400000,72.12,72.12,71.57,71.88,1356438.05,545322.73,624378833.9914,-2719892.229799986,-265792.59,-3154719.710000004,3.159e-05
2026-08-02 02:00:00 CST,1785607200000,71.88,71.93,71.32,71.49,1025371.3,462694.32999999996,621597323.2770282,-3149357.213138938,-99982.63999999998,-3254702.3500000043,3.159e-05
2026-08-02 02:30:00 CST,1785609000000,71.49,71.49,70.51,71.04,1986945.46,957862.12,607278555.996,-14532846.599399924,-71221.21999999994,-3325923.570000005,3.159e-05
2026-08-02 03:00:00 CST,1785610800000,71.04,71.28,71.0,71.2,392468.04,194345.78,613885916.7688696,1784423.0868695974,-3776.480000000014,-3329700.050000005,3.159e-05
2026-08-02 03:30:00 CST,1785612600000,71.21,71.33,71.12,71.21,162518.97,93897.8,616269518.2559,1329787.048308134,25276.63,-3304423.420000005,3.159e-05
2026-08-02 04:00:00 CST,1785614400000,71.21,71.48,71.14,71.38,259040.32,140516.23,617543766.0500883,1556584.0130883455,21992.139999999985,-3282431.280000005,3.159e-05
2026-08-02 04:30:00 CST,1785616200000,71.38,71.52,71.29,71.51,173859.15,100742.94,617846636.2943411,492517.0403559208,27626.730000000003,-3254804.550000005,3.159e-05
2026-08-02 05:00:00 CST,1785618000000,71.52,71.77,71.5,71.66,222668.78,117326.81,617117086.3646889,-1088043.9441518784,11984.83999999999,-3242819.710000005,3.159e-05
2026-08-02 05:30:00 CST,1785619800000,71.65,71.83,71.63,71.81,109068.75,66787.78,618166556.387026,698897.3207550049,24506.809999999998,-3218312.9000000046,3.159e-05
2026-08-02 06:00:00 CST,1785621600000,71.81,71.99,71.81,71.95,218453.13000000003,133316.33999999997,618324352.7724,-521438.86081147194,48179.549999999974,-3170133.350000005,3.159e-05
2026-08-02 06:30:00 CST,1785623400000,71.96,71.96,71.85,71.88,83717.76000000001,30357.040000000005,617935365.7951,-1321292.3274918795,-23003.679999999993,-3193137.0300000054,3.159e-05
2026-08-02 07:00:00 CST,1785625200000,71.87,72.07,71.79,71.8,219991.62000000002,120178.57,615811606.2995,-2027199.5735638142,20365.520000000004,-3172771.5100000054,3.159e-05
2026-08-02 07:30:00 CST,1785627000000,71.8,71.93,71.8,71.91,91918.12000000001,45069.11,616416789.6429511,886531.2308226824,-1779.9000000000015,-3174551.4100000053,3.159e-05
2026-08-02 08:00:00 CST,1785628800000,71.91,72.12,71.89,72.0,182409.62999999998,116040.89000000001,617844340.9283798,1248835.3163661957,49672.149999999994,-3124879.2600000054,-4.925e-05
2026-08-02 08:30:00 CST,1785630600000,72.01,72.08,71.97,72.07,99944.89000000001,48038.78,617066409.526464,-98653.29983603954,-3867.3300000000036,-3128746.5900000054,-4.925e-05
2026-08-02 09:00:00 CST,1785632400000,72.08,72.59,72.07,72.49,438936.05999999994,299599.95,619387509.0152,1555379.820800066,160263.84,-2968482.750000005,-4.925e-05
2026-08-02 09:30:00 CST,1785634200000,72.5,72.74,72.45,72.62,392472.37999999995,245376.25999999998,624810971.2606,5243976.381503344,98280.14,-2870202.6100000055,-4.925e-05
2026-08-02 10:00:00 CST,1785636000000,72.63,73.38,72.55,73.08,995842.1100000001,517605.91,625070690.2828,334748.6319999695,39369.70999999999,-2830832.900000005,-4.925e-05
2026-08-02 10:30:00 CST,1785637800000,73.07,73.13,72.89,73.1,309231.69,144654.82,622467068.8373529,-1163520.7175568342,-19922.049999999996,-2850754.9500000044,-4.925e-05
2026-08-02 11:00:00 CST,1785639600000,73.1,73.2,73.04,73.07,251949.83000000002,114719.87000000001,619966723.5392,-2361715.4034968615,-22510.090000000004,-2873265.040000004,-4.925e-05
2026-08-02 11:30:00 CST,1785641400000,73.06,73.22,73.06,73.17,147518.95,84551.31,619058293.854,-168314.28369998932,21583.67,-2851681.3700000043,-4.925e-05
2026-08-02 12:00:00 CST,1785643200000,73.17,73.41,73.17,73.33,240349.90000000002,126612.27,620580928.6670868,1056392.998786807,12874.64,-2838806.730000004,-4.925e-05
2026-08-02 12:30:00 CST,1785645000000,73.33,73.52,73.26,73.5,229788.25999999998,143714.3,620131285.0205,467770.021233201,57640.34,-2781166.390000004,-4.925e-05
2026-08-02 13:00:00 CST,1785646800000,73.49,73.63,73.43,73.51,408054.27999999997,234027.24,617600666.5442,-1726057.3108000755,60000.20000000002,-2721166.190000004,-4.925e-05
2026-08-02 13:30:00 CST,1785648600000,73.51,73.6,73.42,73.57,233916.5,102743.73,616523573.5723056,-624062.3100944757,-28429.039999999994,-2749595.230000004,-4.925e-05
2026-08-02 14:00:00 CST,1785650400000,73.56,73.63,73.46,73.54,173668.46000000002,67523.23,614468542.7300025,-1926459.199597478,-38622.0,-2788217.230000004,-4.925e-05
2026-08-02 14:30:00 CST,1785652200000,73.54,73.58,73.4,73.43,166908.86,63507.14,611933422.25491,-2657411.671090007,-39894.579999999994,-2828111.8100000042,-4.925e-05
2026-08-02 15:00:00 CST,1785654000000,73.43,73.48,73.37,73.46,153726.93,77018.31999999999,612345020.0824,294521.6110999584,309.71000000000186,-2827802.100000004,-4.925e-05
2026-08-02 15:30:00 CST,1785655800000,73.45,73.48,73.4,73.44,105605.4,47455.439999999995,611123815.0786765,-863691.7322717905,-10694.520000000004,-2838496.6200000034,-4.925e-05
2026-08-02 16:00:00 CST,1785657600000,73.43,73.51,73.28,73.31,209160.5,88137.17,608583867.6429,-2120656.3875000477,-32886.16,-2871382.780000003,0.0001
2026-08-02 16:30:00 CST,1785659400000,73.31,73.37,73.13,73.16,375582.61,167958.38,607338111.7527679,-30028.50871002674,-39665.84999999999,-2911048.6300000036,0.0001
2026-08-02 17:00:00 CST,1785661200000,73.16,73.34,72.92,73.27,377532.43999999994,150937.74000000002,604673806.3776,-2455852.682000041,-75656.95999999996,-2986705.5900000036,0.0001
2026-08-02 17:30:00 CST,1785663000000,73.26,73.39,73.25,73.35,101820.38,56835.77,604298998.2601881,422540.862588048,11851.16,-2974854.430000003,0.0001
2026-08-02 18:00:00 CST,1785664800000,73.34,73.36,73.11,73.16,218432.72,107284.88,602833054.5853798,-957295.4455002546,-3862.95999999999,-2978717.390000003,0.0001
2026-08-02 18:30:00 CST,1785666600000,73.17,73.28,73.16,73.24,78342.1,40551.86,603689301.072,242609.25779998302,2761.6199999999944,-2975955.770000003,0.0001
2026-08-02 19:00:00 CST,1785668400000,73.24,73.28,73.14,73.16,90520.46999999999,36650.799999999996,602994077.3812,-530362.1492000818,-17218.870000000003,-2993174.640000003,0.0001
2026-08-02 19:30:00 CST,1785670200000,73.15,73.19,72.91,72.97,300296.85,129454.25,602679865.3326083,-136634.22139167786,-41388.349999999984,-3034562.990000003,0.0001
2026-08-02 20:00:00 CST,1785672000000,72.96,73.2,72.96,73.11,200091.87,103828.37000000001,603220226.1584,381917.9682379961,7564.869999999998,-3026998.120000003,0.0001
2026-08-02 20:30:00 CST,1785673800000,73.11,73.15,72.86,72.86,156856.47999999998,70591.56,602796752.7758,-398180.44340002537,-15673.360000000004,-3042671.4800000023,0.0001
2026-08-02 21:00:00 CST,1785675600000,72.87,72.97,72.83,72.88,200930.25000000003,114488.73000000001,600318159.9987,-1515798.2500060797,28047.21,-3014624.2700000023,0.0001
2026-08-02 21:30:00 CST,1785677400000,72.88,72.98,72.65,72.93,291042.37,143068.02,600454933.882212,371447.38301205635,-4906.33,-3019530.6000000024,0.0001
2026-08-02 22:00:00 CST,1785679200000,72.93,73.12,72.88,73.11,220427.8,132862.87,601902299.1918784,1094419.256678462,45297.94,-2974232.6600000025,0.0001
2026-08-02 22:30:00 CST,1785681000000,73.12,73.2,73.03,73.05,169530.15000000002,90953.82999999999,600906983.4561844,-1284297.3310155869,12377.510000000006,-2961855.1500000027,0.0001
2026-08-02 23:00:00 CST,1785682800000,73.05,73.18,73.02,73.06,107611.92000000001,65053.549999999996,600984353.889,-25075.85639989376,22495.18,-2939359.970000003,0.0001
2026-08-02 23:30:00 CST,1785684600000,73.07,73.17,72.97,72.99,108584.87,57520.310000000005,600413064.2341015,-351794.4089385271,6455.750000000004,-2932904.2200000025,0.0001
2026-08-03 00:00:00 CST,1785686400000,72.98,73.03,72.87,73.0,170936.43,97396.62999999999,599196456.1053436,-1368671.7977564335,23856.829999999994,-2909047.390000003,1.348e-05
2026-08-03 00:30:00 CST,1785688200000,73.0,73.27,72.99,73.1,248061.48,159190.65999999997,600682678.0414028,1600105.035396099,70319.83999999997,-2838727.550000003,1.348e-05
2026-08-03 01:00:00 CST,1785690000000,73.11,73.36,73.05,73.2,130370.95999999999,79970.15999999999,601882138.2465,1229990.2828743458,29569.360000000008,-2809158.1900000027,1.348e-05
2026-08-03 01:30:00 CST,1785691800000,73.21,73.36,73.2,73.27,126508.61,77016.18000000001,602068189.0868,1400796.020399928,27523.75,-2781634.4400000027,1.348e-05
2026-08-03 02:00:00 CST,1785693600000,73.28,73.37,73.2,73.33,124650.40999999999,78733.76999999999,601544673.3084,133614.5588042736,32817.130000000005,-2748817.3100000033,1.348e-05
2026-08-03 02:30:00 CST,1785695400000,73.33,73.82,73.33,73.52,524770.96,334783.91,605410831.4093629,3782126.595762968,144796.86000000002,-2604020.450000003,1.348e-05
2026-08-03 03:00:00 CST,1785697200000,73.52,73.65,73.49,73.59,180000.11,107998.56999999999,607135117.3628,1972921.8039201498,35997.03,-2568023.4200000037,1.348e-05
2026-08-03 03:30:00 CST,1785699000000,73.6,73.76,73.57,73.68,134433.79,76308.71,607563099.1206751,-353772.06908631325,18183.629999999997,-2549839.7900000033,1.348e-05
2026-08-03 04:00:00 CST,1785700800000,73.68,73.71,73.52,73.54,127083.67000000001,48966.229999999996,605352327.9633042,-2064945.2271813154,-29151.21,-2578991.0000000033,1.348e-05
2026-08-03 04:30:00 CST,1785702600000,73.55,73.69,73.54,73.66,86729.27999999998,59358.47,606251569.8344,763397.5149000883,31987.659999999996,-2547003.340000003,1.348e-05
2026-08-03 05:00:00 CST,1785704400000,73.65,73.78,73.64,73.76,137623.18,66959.98,605744242.925,-783452.7948957682,-3703.2199999999993,-2550706.5600000033,1.348e-05
2026-08-03 05:30:00 CST,1785706200000,73.76,74.32,73.72,73.95,546264.96,342603.88,601189487.6994,-4313715.023800015,138942.80000000002,-2411763.7600000035,1.348e-05
2026-08-03 06:00:00 CST,1785708000000,73.96,74.19,73.86,73.92,262598.24,136485.33,604851573.5682,2601885.6230000257,10372.419999999998,-2401391.340000003,1.348e-05
2026-08-03 06:30:00 CST,1785709800000,73.93,73.94,73.6,73.61,315947.66,113440.0,600358819.029,-3879388.8352999687,-89067.65999999999,-2490459.000000003,1.348e-05
2026-08-03 07:00:00 CST,1785711600000,73.61,73.63,73.44,73.54,238531.49000000005,105585.2,596988487.1567906,-2722486.597809434,-27361.089999999997,-2517820.0900000026,1.348e-05
2026-08-03 07:30:00 CST,1785713400000,73.55,73.61,73.42,73.61,143061.88999999998,85788.6,595577217.4114,-1561089.6591000557,28515.309999999998,-2489304.780000003,1.348e-05
2026-08-03 08:00:00 CST,1785715200000,73.61,73.64,73.18,73.24,291296.51,130719.07999999999,593774327.781,-3653759.738999963,-29858.350000000013,-2519163.1300000027,7.985e-05
2026-08-03 08:30:00 CST,1785717000000,73.24,73.35,73.14,73.2,191496.05000000002,80902.77,591947007.0658635,-504081.3120377064,-29690.510000000002,-2548853.640000003,7.985e-05
2026-08-03 09:00:00 CST,1785718800000,73.19,73.23,72.96,73.01,330867.64999999997,166252.75,590682932.6922474,-1180387.2437525988,1637.8500000000022,-2547215.7900000033,7.985e-05
2026-08-03 09:30:00 CST,1785720600000,73.02,73.07,72.9,72.96,239232.9,110711.06,590884260.5697995,1074518.2710995674,-17810.779999999988,-2565026.570000003,7.985e-05
2026-08-03 10:00:00 CST,1785722400000,72.97,73.12,72.86,72.94,253926.07000000004,123547.47,591993767.8116,1061253.7073653936,-6831.130000000001,-2571857.7000000034,7.985e-05
2026-08-03 10:30:00 CST,1785724200000,72.95,73.09,72.91,72.99,118598.49999999999,66705.48999999999,591546609.9114,897321.5604000092,14812.479999999996,-2557045.220000004,7.985e-05
2026-08-03 11:00:00 CST,1785726000000,72.99,73.08,72.94,73.0,122098.33,63304.530000000006,591429315.5607,-375339.27929997444,4510.730000000003,-2552534.4900000035,7.985e-05
2026-08-03 11:30:00 CST,1785727800000,73.0,73.01,72.63,72.85,283338.17000000004,107010.2,590059941.35,-1893289.1269999743,-69317.77,-2621852.260000003,7.985e-05
2026-08-03 12:00:00 CST,1785729600000,72.85,73.03,72.79,72.89,181479.2,109103.19,592631052.07,3146570.666600108,36727.17999999999,-2585125.0800000024,7.985e-05
2026-08-03 12:30:00 CST,1785731400000,72.9,73.03,72.8,72.81,138126.97,77177.45999999999,592948276.9716978,908158.1313569546,16227.95,-2568897.130000002,7.985e-05
2026-08-03 13:00:00 CST,1785733200000,72.82,73.02,72.79,72.87,209502.27,111733.63,595045593.9,2825575.217100024,13964.989999999987,-2554932.1400000025,7.985e-05
2026-08-03 13:30:00 CST,1785735000000,72.88,72.9,72.79,72.88,115799.61000000002,64780.96,595989804.4096378,1098029.9148657322,13762.31,-2541169.830000002,7.985e-05
2026-08-03 14:00:00 CST,1785736800000,72.89,72.95,72.8,72.82,97590.81999999999,47017.189999999995,596242972.1350945,-112125.10080552101,-3556.4400000000023,-2544726.2700000023,7.985e-05
2026-08-03 14:30:00 CST,1785738600000,72.82,72.84,72.48,72.58,438773.16000000003,170442.02000000002,594614863.9958764,-1329890.0980235338,-97889.12,-2642615.3900000025,7.985e-05
2026-08-03 15:00:00 CST,1785740400000,72.57,72.62,72.4,72.57,374402.75,159606.85,598025683.2818,3208068.737600088,-55189.05000000001,-2697804.4400000027,7.985e-05
2026-08-03 15:30:00 CST,1785742200000,72.58,72.66,72.45,72.48,176306.58,94699.61000000002,598794511.9517515,691664.9862875938,13092.640000000003,-2684711.800000002,7.985e-05
2026-08-03 16:00:00 CST,1785744000000,72.49,72.53,71.87,72.04,677406.3400000001,255180.0,595202216.554,-3568039.540400028,-167046.33999999997,-2851758.140000002,2.558e-05
2026-08-03 16:30:00 CST,1785745800000,72.04,72.37,71.95,72.32,365307.04000000004,231732.66999999998,593208221.9236,1479451.6087999344,98158.29999999999,-2753599.840000002,2.558e-05
2026-08-03 17:00:00 CST,1785747600000,72.33,72.44,72.29,72.42,219754.46000000002,153042.62,594025778.9257662,763562.7616661787,86330.77999999998,-2667269.060000002,2.558e-05
2026-08-03 17:30:00 CST,1785749400000,72.42,72.77,72.41,72.7,239339.11,143656.81999999998,595499425.4259869,1169966.1247690916,47974.530000000006,-2619294.530000002,2.558e-05
2026-08-03 18:00:00 CST,1785751200000,72.7,72.77,72.57,72.57,199750.1,91871.31999999999,595818632.96,-1268658.6301506758,-16007.46000000001,-2635301.990000002,2.558e-05
2026-08-03 18:30:00 CST,1785753000000,72.57,72.64,72.49,72.57,172079.7,72179.31999999999,594206580.8412609,-981569.1955391169,-27721.06,-2663023.050000002,2.558e-05
2026-08-03 19:00:00 CST,1785754800000,72.57,72.6,72.35,72.45,224201.31000000003,107700.96,595116200.2847539,460941.31755387783,-8799.390000000001,-2671822.440000002,2.558e-05
2026-08-03 19:30:00 CST,1785756600000,72.45,72.62,72.37,72.42,151747.6,60687.630000000005,595281397.7080967,581925.8626967669,-30372.339999999997,-2702194.7800000017,2.558e-05
2026-08-03 20:00:00 CST,1785758400000,72.42,72.53,72.29,72.43,250158.67000000004,133702.0,594924632.2954879,68257.83814167976,17245.329999999987,-2684949.450000002,2.558e-05
2026-08-03 20:30:00 CST,1785760200000,72.43,72.5,72.38,72.38,113584.70999999999,61002.6,595198317.0394108,289649.58806455135,8420.489999999996,-2676528.960000002,2.558e-05
2026-08-03 21:00:00 CST,1785762000000,72.38,72.73,72.35,72.46,310696.28,182199.91999999998,596208614.3327478,1488921.872047782,53703.55999999999,-2622825.400000002,2.558e-05
2026-08-03 21:30:00 CST,1785763800000,72.47,73.25,72.29,73.22,1009844.8500000001,530369.78,600109777.0571992,5129751.580899239,50894.70999999999,-2571930.6900000023,2.558e-05
2026-08-03 22:00:00 CST,1785765600000,73.22,73.68,72.98,73.62,1054966.82,544127.71,599246899.7746,439470.65626978874,33288.60000000002,-2538642.090000002,2.558e-05
2026-08-03 22:30:00 CST,1785767400000,73.61,73.78,73.4,73.76,867522.68,433595.88,603863560.643721,2440360.248765588,-330.92000000002736,-2538973.0100000016,2.558e-05
2026-08-03 23:00:00 CST,1785769200000,73.76,73.79,73.38,73.58,577969.08,253698.46999999997,600389886.3154,-3627760.5038000345,-70572.14000000001,-2609545.150000002,2.558e-05
2026-08-03 23:30:00 CST,1785771000000,73.59,73.72,73.43,73.57,486420.73,229100.98,599455843.8232,364004.7511999607,-28218.769999999997,-2637763.920000002,2.558e-05
2026-08-04 00:00:00 CST,1785772800000,73.58,73.78,73.42,73.54,389678.2,206896.80999999997,600437500.212,746898.399929285,24115.420000000013,-2613648.5000000014,5.86e-05
2026-08-04 00:30:00 CST,1785774600000,73.55,73.55,73.2,73.39,411118.27,211313.46,599991547.9896,-661684.160900116,11508.649999999998,-2602139.8500000015,5.86e-05
2026-08-04 01:00:00 CST,1785776400000,73.4,73.84,73.28,73.6,302152.27,172807.23,604146918.7923131,3516586.9306902885,43462.19,-2558677.6600000015,5.86e-05
2026-08-04 01:30:00 CST,1785778200000,73.61,73.77,73.55,73.66,243592.08,111945.20999999999,602472437.952,-657387.0224999189,-19701.65999999999,-2578379.320000001,5.86e-05
2026-08-04 02:00:00 CST,1785780000000,73.67,74.27,73.66,73.94,558958.89,319172.64999999997,608222106.3105,4484670.583899975,79386.41,-2498992.9100000015,5.86e-05
2026-08-04 02:30:00 CST,1785781800000,73.94,74.06,73.85,73.94,224991.99,100649.84999999999,606854308.7542229,131738.59572291374,-23692.29,-2522685.2000000016,5.86e-05
2026-08-04 03:00:00 CST,1785783600000,73.95,74.12,73.92,74.06,180929.34,84709.62,606217119.0875,664717.1232999563,-11510.099999999999,-2534195.3000000017,5.86e-05
2026-08-04 03:30:00 CST,1785785400000,74.06,74.15,73.95,73.99,215117.09,99604.41,606251712.1668,-460488.38639998436,-15908.27,-2550103.5700000017,5.86e-05
2026-08-04 04:00:00 CST,1785787200000,74.0,74.13,73.88,73.98,174315.22999999998,76792.05,605734342.9177253,496381.85428094864,-20731.129999999997,-2570834.7000000016,5.86e-05
2026-08-04 04:30:00 CST,1785789000000,73.98,74.01,73.74,73.83,188207.25,64846.87999999999,604061770.392,-1112948.4077000618,-58513.490000000005,-2629348.1900000013,5.86e-05
2026-08-04 05:00:00 CST,1785790800000,73.83,73.85,73.69,73.77,147527.16000000003,75307.48,602424428.7789,-1748406.6600914001,3087.7999999999956,-2626260.390000001,5.86e-05
2026-08-04 05:30:00 CST,1785792600000,73.76,73.8,73.63,73.68,125389.36,44701.37,600877164.0884,-1819053.8907999992,-35986.62,-2662247.010000001,5.86e-05
2026-08-04 06:00:00 CST,1785794400000,73.69,73.71,73.33,73.52,334891.95999999996,139606.74000000002,600031453.5708245,-1952991.2163745165,-55678.48000000002,-2717925.4900000016,5.86e-05
2026-08-04 06:30:00 CST,1785796200000,73.52,73.54,73.37,73.52,128471.05,61728.29,599772280.4928,-248520.2365309,-5014.47,-2722939.960000001,5.86e-05
2026-08-04 07:00:00 CST,1785798000000,73.52,73.52,73.36,73.48,135972.65999999997,75800.35,596805020.8020334,-2831784.9787665606,15628.04,-2707311.9200000013,5.86e-05
2026-08-04 07:30:00 CST,1785799800000,73.48,73.54,73.38,73.54,100681.43999999999,61746.51999999999,596260777.3901376,-673311.6842623949,22811.6,-2684500.3200000008,5.86e-05
2026-08-04 08:00:00 CST,1785801600000,73.53,73.6,73.4,73.44,282102.17,127126.92,594066784.3731277,-2115528.429572344,-27848.329999999994,-2712348.650000001,0.0001
2026-08-04 08:30:00 CST,1785803400000,73.44,73.44,73.02,73.06,372029.1,136862.37,591316017.057902,-2810204.2085980177,-98304.36,-2810653.0100000007,0.0001
2026-08-04 09:00:00 CST,1785805200000,73.06,73.24,73.02,73.17,185999.22,102433.45999999999,591471017.5494,-18860.559400081635,18867.699999999993,-2791785.3100000005,0.0001
2026-08-04 09:30:00 CST,1785807000000,73.17,73.76,73.17,73.74,447822.73,285093.94,596102883.544,4576552.037199974,122365.15000000002,-2669420.1600000006,0.0001
2026-08-04 10:00:00 CST,1785808800000,73.75,73.83,73.64,73.72,185298.66999999998,99254.13,596064718.3623195,-464952.50018048286,13209.589999999995,-2656210.5700000003,0.0001
2026-08-04 10:30:00 CST,1785810600000,73.73,74.1,73.71,73.85,441417.07999999996,248876.66999999998,601255124.5018,4810598.443303347,56336.26,-2599874.31,0.0001
2026-08-04 11:00:00 CST,1785812400000,73.84,73.88,73.44,73.53,295952.81,120856.49,596347871.9408481,-4501810.594742894,-54239.83,-2654114.1399999997,0.0001
2026-08-04 11:30:00 CST,1785814200000,73.53,73.77,73.52,73.66,124696.48,75389.33,597522108.122183,385052.38748300076,26082.18,-2628031.9599999995,0.0001
2026-08-04 12:00:00 CST,1785816000000,73.66,73.78,73.56,73.68,116908.45999999998,60770.049999999996,598627758.1584,1315311.5597412586,4631.6399999999985,-2623400.32,0.0001
2026-08-04 12:30:00 CST,1785817800000,73.68,74.08,73.68,73.79,346340.17000000004,196394.59,601614334.5767,3275752.7951999903,46449.00999999998,-2576951.3099999996,0.0001
2026-08-04 13:00:00 CST,1785819600000,73.8,73.85,73.67,73.69,128210.59000000003,53527.47,600782347.35,-969751.6740000248,-21155.650000000005,-2598106.9599999995,0.0001
2026-08-04 13:30:00 CST,1785821400000,73.7,73.77,73.69,73.71,97974.93000000001,46002.52999999999,600081370.2809246,-384150.4928377867,-5969.869999999999,-2604076.8299999996,0.0001
2026-08-04 14:00:00 CST,1785823200000,73.71,73.89,73.64,73.65,191377.97,93906.69,600011870.8688575,40366.41835749149,-3564.59,-2607641.4199999995,0.0001
2026-08-04 14:30:00 CST,1785825000000,73.65,73.68,73.37,73.4,269125.2,109818.23000000001,597230619.5857,-2762157.1344999075,-49488.740000000005,-2657130.159999999,0.0001
2026-08-04 15:00:00 CST,1785826800000,73.4,73.45,73.17,73.35,268070.18,141680.58000000002,595356345.4158,-2189698.7913000584,15290.98,-2641839.1799999992,0.0001
2026-08-04 15:30:00 CST,1785828600000,73.35,73.71,73.35,73.66,262995.57,145286.07,598495262.8725368,2371874.262136817,27576.570000000018,-2614262.609999999,0.0001
2026-08-04 16:00:00 CST,1785830400000,73.66,73.73,73.33,73.42,189356.44,77147.68999999999,596557030.9185,-1441871.3067239523,-35061.06,-2649323.6699999985,0.0001
2026-08-04 16:30:00 CST,1785832200000,73.42,73.43,73.25,73.33,184730.87999999998,95965.05,594943284.4911202,-1973301.2603797913,7199.220000000005,-2642124.4499999983,0.0001
2026-08-04 17:00:00 CST,1785834000000,73.33,73.33,73.13,73.22,209182.27000000002,88716.29999999999,593691048.3384665,-1080038.6453335285,-31749.670000000002,-2673874.119999998,0.0001
2026-08-04 17:30:00 CST,1785835800000,73.22,73.29,73.16,73.26,149552.81999999998,79758.66,594261928.2975,452771.6757000685,9964.5,-2663909.619999998,0.0001
2026-08-04 18:00:00 CST,1785837600000,73.27,73.29,73.06,73.08,194419.8,91393.85,593760352.0932,-921202.3967602253,-11632.099999999995,-2675541.719999997,0.0001
2026-08-04 18:30:00 CST,1785839400000,73.09,73.68,73.06,73.58,358716.7,212579.49,595768032.6564,2688043.826715708,66442.28,-2609099.4399999967,0.0001
2026-08-04 19:00:00 CST,1785841200000,73.58,73.72,73.51,73.7,200577.51,119201.56000000001,597106912.1102349,410917.4193713665,37825.61000000001,-2571273.829999997,0.0001
2026-08-04 19:30:00 CST,1785843000000,73.7,73.95,73.64,73.92,308212.02,150809.99,598395253.2096,799476.8276000023,-6592.040000000001,-2577865.8699999973,0.0001
2026-08-04 20:00:00 CST,1785844800000,73.92,73.92,73.72,73.89,203839.4,103474.67,598353920.1563,-521506.0573877096,3109.9400000000023,-2574755.929999998,0.0001
2026-08-04 20:30:00 CST,1785846600000,73.89,74.06,73.78,73.79,228179.87,117102.05000000002,600038295.4269,1611857.0460430384,6024.229999999998,-2568731.6999999983,0.0001
2026-08-04 21:00:00 CST,1785848400000,73.78,73.94,73.67,73.82,250511.74000000002,132465.91999999998,600198068.325,614575.8707256317,14420.099999999999,-2554311.599999998,0.0001
2026-08-04 21:30:00 CST,1785850200000,73.82,74.02,73.55,73.61,507884.04,236838.32,599629281.7719,-299839.0190999508,-34207.400000000016,-2588518.9999999977,0.0001
2026-08-04 22:00:00 CST,1785852000000,73.61,73.82,73.28,73.52,456638.27999999997,214038.41000000003,595587838.2787453,-3250141.6598546505,-28561.459999999992,-2617080.4599999976,0.0001
2026-08-04 22:30:00 CST,1785853800000,73.53,73.9,73.48,73.79,355078.64999999997,204889.55000000002,600473983.2922257,4407579.505025744,54700.45,-2562380.009999997,0.0001
2026-08-04 23:00:00 CST,1785855600000,73.79,73.98,73.54,73.58,316443.43,136164.43,602844068.1388,1609475.6124691963,-44114.57000000001,-2606494.579999997,0.0001
2026-08-04 23:30:00 CST,1785857400000,73.58,74.18,73.37,73.95,586480.9099999999,318753.62,603674438.9988,3177957.200600028,51026.33000000003,-2555468.2499999967,0.0001
2026-08-05 00:00:00 CST,1785859200000,73.96,73.98,73.76,73.81,351359.12999999995,171331.54,604516056.8586761,1173469.6324721575,-8696.049999999996,-2564164.299999997,0.0001
2026-08-05 00:30:00 CST,1785861000000,73.81,73.88,73.56,73.71,206831.58,100569.15,600511879.149,-3199902.0243599415,-5693.279999999995,-2569857.579999997,0.0001
2026-08-05 01:00:00 CST,1785862800000,73.71,74.22,73.68,74.09,463913.46,231783.44999999998,604639769.3952,3231847.216500044,-346.56000000000495,-2570204.139999997,0.0001
2026-08-05 01:30:00 CST,1785864600000,74.08,74.12,73.69,73.73,322875.95999999996,141443.62,606228970.9615711,-390485.8240288496,-39988.719999999994,-2610192.8599999966,0.0001
2026-08-05 02:00:00 CST,1785866400000,73.74,74.37,73.72,74.27,443874.47,246464.33000000002,610151343.7421057,5335100.533105731,49054.189999999995,-2561138.6699999967,0.0001
2026-08-05 02:30:00 CST,1785868200000,74.27,74.32,74.01,74.12,230909.84999999998,107614.26,609531380.8937,-474644.92750000954,-15681.330000000018,-2576819.999999997,0.0001
2026-08-05 03:00:00 CST,1785870000000,74.13,74.37,74.08,74.14,230084.41999999998,113762.38,608379854.379,-1303182.3254605532,-2559.66,-2579379.659999997,0.0001
2026-08-05 03:30:00 CST,1785871800000,74.14,74.34,74.09,74.16,282074.13,156532.36,610661981.9664,2475348.960000038,30990.590000000004,-2548389.0699999966,0.0001
2026-08-05 04:00:00 CST,1785873600000,74.17,74.2,73.84,74.06,368930.65,153454.86000000002,608564717.2635,-2415692.699000001,-62020.929999999986,-2610409.9999999963,0.0001
2026-08-05 04:30:00 CST,1785875400000,74.06,74.44,74.04,74.24,394666.91,247730.10000000003,610347988.9156,1164919.530999899,100793.29000000001,-2509616.7099999962,0.0001
2026-08-05 05:00:00 CST,1785877200000,74.24,74.25,73.98,74.03,165235.61,80494.99,604361691.1059,-2946610.7629383802,-4245.630000000003,-2513862.339999996,0.0001
2026-08-05 05:30:00 CST,1785879000000,74.02,74.11,73.99,74.09,96769.51,56465.75,603483329.9124,-152561.11521208286,16161.990000000005,-2497700.349999996,0.0001
2026-08-05 06:00:00 CST,1785880800000,74.1,74.17,73.94,74.13,129524.56000000001,71571.07999999999,605181294.4436,1279177.0149490833,13617.599999999991,-2484082.7499999963,0.0001
2026-08-05 06:30:00 CST,1785882600000,74.14,74.19,73.98,74.07,88731.05,45437.95999999999,605599333.0180168,-212283.01818323135,2144.869999999998,-2481937.879999996,0.0001
2026-08-05 07:00:00 CST,1785884400000,74.07,74.26,73.85,73.86,282032.04,143929.29,607053630.2074087,773141.1721086502,5826.540000000012,-2476111.339999996,0.0001
2026-08-05 07:30:00 CST,1785886200000,73.85,73.91,73.69,73.72,336698.51999999996,170482.02,605900666.3108722,73294.34650874138,4265.52,-2471845.8199999956,0.0001
2026-08-05 08:00:00 CST,1785888000000,73.72,73.76,73.52,73.61,304861.23,142644.27000000002,604264701.9481171,-1281544.0398828983,-19572.689999999995,-2491418.5099999965,6.418e-05
2026-08-05 08:30:00 CST,1785889800000,73.61,73.76,73.42,73.48,235438.03,112930.93000000001,601893828.3806826,-1959948.7355173826,-9576.170000000006,-2500994.679999996,6.418e-05
2026-08-05 09:00:00 CST,1785891600000,73.48,73.69,73.35,73.69,230295.28,135678.58,602575356.2865,612539.9657000303,41061.880000000005,-2459932.799999996,6.418e-05
2026-08-05 09:30:00 CST,1785893400000,73.68,74.08,73.68,74.08,310188.77,175350.57,605037182.5125642,2341587.4885550737,40512.37,-2419420.429999996,6.418e-05
2026-08-05 10:00:00 CST,1785895200000,74.08,74.36,74.04,74.17,431326.31,174449.56,607823523.0798179,2075284.8750178814,-82427.19000000003,-2501847.619999997,6.418e-05
2026-08-05 10:30:00 CST,1785897000000,74.17,74.47,74.14,74.19,451316.4,253931.74999999997,612153176.7743,3975056.1680966616,56547.09999999999,-2445300.5199999968,6.418e-05
2026-08-05 11:00:00 CST,1785898800000,74.19,74.28,73.69,73.71,624899.17,320711.93,602705239.8891,-9027613.49957943,16524.69000000001,-2428775.8299999963,6.418e-05
2026-08-05 11:30:00 CST,1785900600000,73.7,73.81,73.67,73.75,184633.63,100102.13,601773537.2366843,87040.71767640114,15570.630000000008,-2413205.1999999965,6.418e-05
2026-08-05 12:00:00 CST,1785902400000,73.75,73.78,73.58,73.64,171727.14,92712.2,599506061.7125359,-1947457.0999641418,13697.259999999998,-2399507.9399999967,6.418e-05
2026-08-05 12:30:00 CST,1785904200000,73.65,73.82,73.64,73.75,133352.22999999998,79917.38,600130709.4608,488298.7118000984,26482.530000000002,-2373025.409999997,6.418e-05
2026-08-05 13:00:00 CST,1785906000000,73.76,74.28,73.7,74.16,367307.5,217622.49,602233374.4240779,1946251.2602024078,67937.48000000001,-2305087.9299999974,6.418e-05
2026-08-05 13:30:00 CST,1785907800000,74.15,74.18,74.02,74.11,253890.90999999997,105760.78,601079643.9304597,-2941774.553954959,-42369.35,-2347457.2799999975,6.418e-05
2026-08-05 14:00:00 CST,1785909600000,74.11,74.13,74.01,74.1,106450.32,51085.78999999999,600862450.5449932,-571329.6708981991,-4278.740000000002,-2351736.0199999977,6.418e-05
2026-08-05 14:30:00 CST,1785911400000,74.09,74.22,73.92,73.98,184665.50000000003,62315.66,601312984.3818,362737.05010068417,-60034.18000000001,-2411770.199999998,6.418e-05
2026-08-05 15:00:00 CST,1785913200000,73.98,74.01,73.65,73.67,321969.91000000003,152612.68,596569684.2504,-5157345.476999998,-16744.54999999999,-2428514.749999998,6.418e-05
2026-08-05 15:30:00 CST,1785915000000,73.68,73.95,73.64,73.93,278681.05,177804.81,598665868.3152,2128329.1751999855,76928.56999999999,-2351586.1799999983,6.418e-05
2026-08-05 16:00:00 CST,1785916800000,73.94,74.13,73.91,74.11,237160.25999999998,132758.94,599562654.5731993,262088.14779937267,28357.620000000006,-2323228.5599999987,3.7e-05
2026-08-05 16:30:00 CST,1785918600000,74.11,74.12,73.95,74.05,171534.26,62877.45,600303149.8675115,-344440.5592787266,-45779.36000000001,-2369007.919999998,3.7e-05
2026-08-05 17:00:00 CST,1785920400000,74.05,74.17,73.97,74.12,138269.08000000002,70417.57,602045682.4603,1343631.874300003,2566.059999999994,-2366441.859999998,3.7e-05
2026-08-05 17:30:00 CST,1785922200000,74.12,74.16,73.96,73.98,127358.54999999999,61602.329999999994,601920604.6524,167502.7304996252,-4153.889999999999,-2370595.7499999977,3.7e-05
2026-08-05 18:00:00 CST,1785924000000,73.98,74.06,73.87,74.02,158869.32,78885.83,600509775.2837586,-961434.5628414154,-1097.6600000000053,-2371693.409999998,3.7e-05
2026-08-05 18:30:00 CST,1785925800000,74.02,74.09,73.76,73.81,222621.22,111042.40000000001,599706341.0701975,-1515236.1542025805,-536.4200000000073,-2372229.8299999977,3.7e-05
2026-08-05 19:00:00 CST,1785927600000,73.82,73.97,73.77,73.78,137039.96,70096.22,601728413.1615,1347503.2646716833,3152.480000000003,-2369077.349999998,3.7e-05
2026-08-05 19:30:00 CST,1785929400000,73.78,73.86,73.69,73.73,147995.02000000002,65669.83,600184593.4266,-500655.87320005894,-16655.360000000008,-2385732.7099999986,3.7e-05
2026-08-05 20:00:00 CST,1785931200000,73.74,74.36,73.67,74.25,697363.07,375958.76,603743979.9695778,3302992.5877331495,54554.450000000004,-2331178.2599999984,3.7e-05
2026-08-05 20:30:00 CST,1785933000000,74.25,74.3,73.96,74.03,296682.64,102399.47,601155544.8394891,-2212244.312838912,-91883.70000000001,-2423061.959999999,3.7e-05
2026-08-05 21:00:00 CST,1785934800000,74.04,74.08,73.67,73.74,572745.12,209845.97999999998,599620620.6594,-2009938.216199994,-153053.15999999997,-2576115.119999999,3.7e-05
2026-08-05 21:30:00 CST,1785936600000,73.74,73.95,73.21,73.94,1327449.6900000002,693789.5999999999,608647718.6336,3574520.2832000256,60129.51000000001,-2515985.609999999,3.7e-05
2026-08-05 22:00:00 CST,1785938400000,73.95,74.12,73.73,73.78,636944.49,315220.27,605734068.798,-3122555.8574870825,-6503.950000000004,-2522489.5599999987,3.7e-05
2026-08-05 22:30:00 CST,1785940200000,73.77,74.02,73.57,73.91,421921.62,206456.9,607224548.4096,1579811.9365999699,-9007.820000000014,-2531497.379999998,3.7e-05
2026-08-05 23:00:00 CST,1785942000000,73.92,74.2,73.81,74.0,526661.48,271575.24,610532262.7514739,3049000.750891447,16489.000000000007,-2515008.379999998,3.7e-05
2026-08-05 23:30:00 CST,1785943800000,73.99,74.29,73.91,73.91,547659.6599999999,314603.44999999995,618724942.3142,7819013.606999993,81547.24000000002,-2433461.139999998,3.7e-05
2026-08-06 00:00:00 CST,1785945600000,73.91,74.4,73.9,74.37,494465.83,277317.26,621437991.6150279,3830314.4443358183,60168.69,-2373292.449999998,5.055e-05
2026-08-06 00:30:00 CST,1785947400000,74.37,74.41,74.15,74.25,340650.97000000003,167092.82,628091885.0517157,3655019.7997157574,-6465.330000000002,-2379757.7799999984,5.055e-05
2026-08-06 01:00:00 CST,1785949200000,74.25,74.39,74.09,74.17,232648.25,124272.78,627872487.2667,-1168913.8779706955,15897.30999999999,-2363860.4699999983,5.055e-05
2026-08-06 01:30:00 CST,1785951000000,74.16,74.64,74.12,74.52,654152.4,414491.4,634969386.3084,6920983.410965323,174830.39999999994,-2189030.0699999984,5.055e-05
2026-08-06 02:00:00 CST,1785952800000,74.52,74.82,74.39,74.49,476627.48,290573.55999999994,634770610.3266,827986.4676036835,104519.63999999998,-2084510.429999998,5.055e-05
2026-08-06 02:30:00 CST,1785954600000,74.49,74.65,74.42,74.5,224092.56,121345.3,635938000.0369,1024231.9395697117,18598.040000000008,-2065912.3899999983,5.055e-05
2026-08-06 03:00:00 CST,1785956400000,74.5,74.6,74.4,74.44,165443.24,85226.37000000001,636282486.8854873,-304965.95064663887,5009.499999999993,-2060902.8899999983,5.055e-05
2026-08-06 03:30:00 CST,1785958200000,74.44,74.54,74.38,74.43,243740.62,116990.7,635206838.277,-1135406.8041000366,-9759.219999999998,-2070662.1099999985,5.055e-05
2026-08-06 04:00:00 CST,1785960000000,74.43,74.56,74.27,74.39,328404.05,176062.88,632891680.8163377,-1175810.7930893898,23721.709999999992,-2046940.3999999987,5.055e-05
2026-08-06 04:30:00 CST,1785961800000,74.4,74.51,74.33,74.35,130868.45,59635.340000000004,633261189.149,520211.9297350645,-11597.77,-2058538.1699999985,5.055e-05
2026-08-06 05:00:00 CST,1785963600000,74.34,74.36,74.04,74.08,283358.39999999997,92163.88,626883803.9058,-5683549.358191371,-99030.64,-2157568.8099999987,5.055e-05
2026-08-06 05:30:00 CST,1785965400000,74.08,74.18,74.03,74.08,138122.14999999997,69482.40000000001,626119503.4424,-13425.45980000496,842.6499999999978,-2156726.1599999983,5.055e-05
2026-08-06 06:00:00 CST,1785967200000,74.09,74.16,73.95,74.01,210016.52000000002,106583.26000000001,626110628.0070983,-34423.500901699066,3150.0000000000127,-2153576.1599999988,5.055e-05
2026-08-06 06:30:00 CST,1785969000000,74.01,74.08,73.96,73.96,122585.87,71351.38,624893482.2628521,-471791.8264080286,20116.89,-2133459.269999999,5.055e-05
2026-08-06 07:00:00 CST,1785970800000,73.96,74.01,73.8,73.98,302868.32999999996,147562.47999999998,622936720.6225116,-1407226.8718883991,-7743.369999999999,-2141202.6399999997,5.055e-05
2026-08-06 07:30:00 CST,1785972600000,73.98,74.07,73.93,74.0,125345.11,63749.24,622132703.7736727,-1102811.2480273247,2153.3700000000026,-2139049.2699999996,5.055e-05
2026-08-06 08:00:00 CST,1785974400000,74.0,74.24,73.99,74.14,203073.97999999998,81245.73999999999,624661450.2414,2382307.1014000177,-40582.500000000015,-2179631.77,9e-07
2026-08-06 08:30:00 CST,1785976200000,74.15,74.19,74.0,74.03,100803.7,48441.25000000001,622446277.752,-574522.4550000429,-3921.1999999999953,-2183552.97,9e-07
2026-08-06 09:00:00 CST,1785978000000,74.03,74.08,73.71,73.74,372064.31,126591.01999999999,615908060.5716,-5790795.048000097,-118882.26999999999,-2302435.2399999998,9e-07
2026-08-06 09:30:00 CST,1785979800000,73.74,73.89,73.68,73.7,232639.74999999994,118746.05,613892573.9285306,-962031.1620694399,4852.350000000006,-2297582.89,9e-07
2026-08-06 10:00:00 CST,1785981600000,73.7,73.74,73.34,73.38,744817.7,321082.23,615665946.5614712,2109226.449809313,-102653.24,-2400236.1300000004,9e-07
2026-08-06 10:30:00 CST,1785983400000,73.39,73.57,73.33,73.48,300334.12999999995,142258.52,616571788.2414055,981772.7902400494,-15817.089999999993,-2416053.2200000007,9e-07
2026-08-06 11:00:00 CST,1785985200000,73.49,73.52,73.39,73.5,164600.09999999998,71545.67,616922142.0628,532561.4122000933,-21508.760000000002,-2437561.980000001,9e-07
2026-08-06 11:30:00 CST,1785987000000,73.51,73.55,73.4,73.44,214920.91,105142.58000000002,618921754.4950308,1437228.16343081,-4635.749999999996,-2442197.7300000014,9e-07
2026-08-06 12:00:00 CST,1785988800000,73.45,73.78,73.34,73.75,370667.46,205375.73,619643637.6527051,628526.6163117886,40084.000000000015,-2402113.7300000014,9e-07
2026-08-06 12:30:00 CST,1785990600000,73.76,73.84,73.64,73.83,166624.19999999998,93297.0,617969250.2494,-1507271.8417999744,19969.800000000007,-2382143.9300000016,9e-07
2026-08-06 13:00:00 CST,1785992400000,73.82,74.33,73.81,74.11,712054.0900000001,375512.49000000005,617188854.2242614,-932294.1100957394,38970.89000000004,-2343173.0400000014,9e-07
2026-08-06 13:30:00 CST,1785994200000,74.1,74.2,74.04,74.2,186299.79,91353.03000000001,616598363.8298,766932.3157999516,-3593.729999999994,-2346766.7700000014,9e-07
2026-08-06 14:00:00 CST,1785996000000,74.2,74.21,73.91,74.04,239348.35,119511.48,615957002.7237,-854802.5358605385,-325.3899999999994,-2347092.160000002,9e-07
2026-08-06 14:30:00 CST,1785997800000,74.04,74.1,73.98,74.01,96555.56,48396.4,615495161.5939002,-531804.4792997837,237.23999999999614,-2346854.9200000023,9e-07
2026-08-06 15:00:00 CST,1785999600000,74.02,74.1,73.95,74.03,121620.38,72127.09999999999,616836328.1164836,1059817.8004835844,22633.819999999996,-2324221.100000002,9e-07
2026-08-06 15:30:00 CST,1786001400000,74.03,74.05,73.83,73.84,135463.35,62603.57,613892443.5012,-2696775.4495784044,-10256.21,-2334477.310000002,9e-07
2026-08-06 16:00:00 CST,1786003200000,73.85,73.87,73.66,73.76,276731.61,122476.04999999999,611147851.5469071,-2987274.407092929,-31779.51000000001,-2366256.820000002,-4.113e-05
2026-08-06 16:30:00 CST,1786005000000,73.77,74.08,73.72,73.95,245002.61999999997,134152.92,614627992.0332981,2923135.256798148,23303.220000000012,-2342953.6000000015,-4.113e-05
2026-08-06 17:00:00 CST,1786006800000,73.95,73.96,73.43,73.48,653782.01,232363.89,610147054.3129826,-3881332.1455174685,-189054.22999999998,-2532007.8300000015,-4.113e-05
2026-08-06 17:30:00 CST,1786008600000,73.48,73.48,73.12,73.25,739062.51,323716.65,614227881.1193215,5711769.479934931,-91629.21000000002,-2623637.0400000014,-4.113e-05
2026-08-06 18:00:00 CST,1786010400000,73.24,73.37,73.12,73.34,400379.06999999995,228349.63,614825443.5414,601301.6069520712,56320.189999999995,-2567316.850000001,-4.113e-05
2026-08-06 18:30:00 CST,1786012200000,73.34,73.4,73.2,73.27,195926.43000000002,92469.49,613727098.536,-1049597.9082860947,-10987.450000000004,-2578304.300000001,-4.113e-05
2026-08-06 19:00:00 CST,1786014000000,73.27,73.44,73.13,73.34,197247.66999999998,109533.95,616412733.9354485,1780406.8607485294,21820.229999999996,-2556484.0700000008,-4.113e-05
2026-08-06 19:30:00 CST,1786015800000,73.34,73.52,73.34,73.41,152571.45,75863.23000000001,616889980.5492579,870445.4730945826,-844.9900000000034,-2557329.060000001,-4.113e-05
2026-08-06 20:00:00 CST,1786017600000,73.42,73.44,73.18,73.35,242684.90999999997,107868.35,615253494.2185843,-1378827.0400156975,-26948.209999999985,-2584277.270000001,-4.113e-05
2026-08-06 20:30:00 CST,1786019400000,73.35,73.4,73.08,73.1,216167.01,88172.43,615416666.5917674,-506143.7325440645,-39822.149999999994,-2624099.420000001,-4.113e-05
2026-08-06 21:00:00 CST,1786021200000,73.1,73.14,72.78,72.92,641169.3600000001,253986.86,610523652.4443,-4727132.201741815,-133195.64,-2757295.0600000005,-4.113e-05
2026-08-06 21:30:00 CST,1786023000000,72.92,73.29,72.81,73.19,450103.28,230895.3,615628517.58,4073800.5084000826,11687.319999999978,-2745607.7400000007,-4.113e-05
2026-08-06 22:00:00 CST,1786024800000,73.2,73.35,73.11,73.13,281523.42,128346.57000000002,615905708.1207211,512332.3647210598,-24830.28000000001,-2770438.0200000005,-4.113e-05
2026-08-06 22:30:00 CST,1786026600000,73.13,73.56,73.05,73.42,547527.9500000001,343514.79000000004,616813682.5683844,1535303.617586255,139501.63,-2630936.3900000006,-4.113e-05
2026-08-06 23:00:00 CST,1786028400000,73.42,73.59,73.31,73.48,282656.15,108853.44,616599172.4021446,-1029732.6150128841,-64949.26999999999,-2695885.6600000006,-4.113e-05
2026-08-06 23:30:00 CST,1786030200000,73.48,73.59,73.26,73.27,242875.44,104062.12,614507837.1843575,-2806546.0356425047,-34751.200000000004,-2730636.8600000003,-4.113e-05
2026-08-07 00:00:00 CST,1786032000000,73.27,73.35,73.03,73.27,348509.94,155701.56,611959667.3620293,-1974762.7819584608,-37106.81999999999,-2767743.6799999997,-6.988e-05
2026-08-07 00:30:00 CST,1786033800000,73.28,73.45,73.21,73.4,161631.22999999998,83733.44,612444913.9068788,-275793.2742174864,5835.649999999994,-2761908.0299999993,-6.988e-05
2026-08-07 01:00:00 CST,1786035600000,73.4,73.51,73.28,73.29,160878.27,75112.17000000001,611887440.1068,-1326488.6547000408,-10653.93,-2772561.959999999,-6.988e-05
2026-08-07 01:30:00 CST,1786037400000,73.28,73.35,73.01,73.15,198759.51,103473.02,610816676.699,-613203.3187992573,8186.530000000006,-2764375.4299999992,-6.988e-05
2026-08-07 02:00:00 CST,1786039200000,73.15,73.19,72.91,73.08,230312.09000000003,103150.93000000001,612235651.3143,916692.5796607733,-24010.22999999999,-2788385.659999999,-6.988e-05
2026-08-07 02:30:00 CST,1786041000000,73.07,73.08,72.66,72.79,388822.54,175716.2,608458720.7428472,-3460053.2887527943,-37390.14,-2825775.799999999,-6.988e-05
2026-08-07 03:00:00 CST,1786042800000,72.78,72.83,72.51,72.59,299841.58999999997,140916.73,610926794.694,-474572.5519000292,-18008.12999999999,-2843783.929999999,-6.988e-05
2026-08-07 03:30:00 CST,1786044600000,72.58,72.91,72.55,72.76,223946.71000000002,116207.98000000001,611969869.5219,1633005.793700099,8469.250000000011,-2835314.6799999983,-6.988e-05
2026-08-07 04:00:00 CST,1786046400000,72.75,72.93,72.75,72.86,142512.0,78433.78,611596428.7012671,645878.4336670637,14355.560000000001,-2820959.1199999982,-6.988e-05
2026-08-07 04:30:00 CST,1786048200000,72.86,72.96,72.79,72.81,83129.22,36054.21,611565928.221571,-537774.0912191868,-11020.800000000001,-2831979.919999998,-6.988e-05
2026-08-07 05:00:00 CST,1786050000000,72.8,72.96,72.74,72.92,160947.7,84006.32,611358316.5312,121180.96772563457,7064.9400000000005,-2824914.9799999986,-6.988e-05
2026-08-07 05:30:00 CST,1786051800000,72.91,72.95,72.75,72.83,164324.29,72518.55,609421180.1744062,-1837915.1167128086,-19287.19,-2844202.1699999985,-6.988e-05
2026-08-07 06:00:00 CST,1786053600000,72.82,72.85,72.61,72.66,142510.28,65110.630000000005,609539156.079,186588.76108705997,-12289.020000000002,-2856491.189999998,-6.988e-05
2026-08-07 06:30:00 CST,1786055400000,72.67,72.74,72.63,72.66,120206.93,47726.61000000001,609469695.6610235,-17736.52897655964,-24753.71,-2881244.899999998,-6.988e-05
2026-08-07 07:00:00 CST,1786057200000,72.65,72.71,72.29,72.35,407380.01,143529.51,607882012.4046,-1831487.8426197767,-120320.99000000002,-3001565.889999998,-6.988e-05
2026-08-07 07:30:00 CST,1786059000000,72.35,72.67,72.3,72.65,284793.11,156561.97000000003,608108887.1048741,1926832.9358741045,28330.830000000013,-2973235.0599999973,-6.988e-05
2026-08-07 08:00:00 CST,1786060800000,72.65,72.78,72.54,72.62,311371.82999999996,148443.93,608498624.3301,-1185814.357267499,-14483.969999999998,-2987719.0299999975,-1.898e-05
2026-08-07 08:30:00 CST,1786062600000,72.62,72.71,72.52,72.63,93335.57,47720.84000000001,608807187.797601,-130601.82179903984,2106.1100000000006,-2985612.9199999976,-1.898e-05
2026-08-07 09:00:00 CST,1786064400000,72.63,72.79,72.58,72.71,129726.05,71331.66,609497116.4666982,552863.6624981165,12937.269999999995,-2972675.6499999976,-1.898e-05
2026-08-07 09:30:00 CST,1786066200000,72.72,72.84,72.54,72.7,140647.41,74686.45000000001,610828928.853967,296721.9987668991,8725.49,-2963950.159999998,-1.898e-05
2026-08-07 10:00:00 CST,1786068000000,72.7,72.91,72.42,72.58,342541.91,167806.27,610825214.9425404,-403656.8891288042,-6929.37000000001,-2970879.529999998,-1.898e-05
2026-08-07 10:30:00 CST,1786069800000,72.59,72.75,72.53,72.67,134620.81,73655.25,610956580.9647558,733246.5913558006,12689.689999999997,-2958189.8399999975,-1.898e-05
2026-08-07 11:00:00 CST,1786071600000,72.67,72.72,72.55,72.65,137934.51,56407.240000000005,610936149.5009415,427543.9369415045,-25120.03,-2983309.869999998,-1.898e-05
2026-08-07 11:30:00 CST,1786073400000,72.64,72.73,72.49,72.57,96618.89000000001,41548.0,610669795.5855,-626678.510514617,-13522.890000000001,-2996832.759999998,-1.898e-05
2026-08-07 12:00:00 CST,1786075200000,72.57,72.76,72.45,72.7,147762.97000000003,72451.13,612362666.2270025,1800612.6064025164,-2860.710000000008,-2999693.469999998,-1.898e-05
2026-08-07 12:30:00 CST,1786077000000,72.7,72.76,72.55,72.63,155426.13,61548.92999999999,612247822.0194858,-189799.6382058859,-32328.270000000004,-3032021.739999998,-1.898e-05
2026-08-07 13:00:00 CST,1786078800000,72.64,72.71,72.49,72.51,148060.16,64616.18,613293390.5688843,122747.00408422947,-18827.8,-3050849.539999998,-1.898e-05
2026-08-07 13:30:00 CST,1786080600000,72.52,72.92,72.39,72.84,359845.27,180447.65999999997,615352060.7514997,2371564.3501210213,1050.0500000000138,-3049799.489999998,-1.898e-05
2026-08-07 14:00:00 CST,1786082400000,72.84,73.04,72.78,72.98,359351.98000000004,217579.6,614846540.4194,-72730.9758131504,75807.22,-2973992.2699999977,-1.898e-05
2026-08-07 14:30:00 CST,1786084200000,72.98,73.0,72.77,72.81,196783.59000000003,74001.63,615048190.4000882,-2374659.937235713,-48780.33,-3022772.5999999973,-1.898e-05
2026-08-07 15:00:00 CST,1786086000000,72.81,72.98,72.71,72.93,253177.41000000003,140023.74,615398291.8584659,869515.6146658659,26870.069999999992,-2995902.529999998,-1.898e-05
2026-08-07 15:30:00 CST,1786087800000,72.93,73.0,72.88,72.9,116889.70999999999,44455.75,615668651.6364282,-435625.1361285448,-27978.209999999995,-3023880.7399999974,-1.898e-05
2026-08-07 16:00:00 CST,1786089600000,72.9,73.0,72.88,72.94,113549.86999999998,61086.08,615778708.8438265,597122.3628265858,8622.289999999997,-3015258.449999998,3.45e-05
2026-08-07 16:30:00 CST,1786091400000,72.93,73.3,72.93,73.16,355319.79000000004,217557.68,614417493.2665,-1197471.4408999681,79795.56999999999,-2935462.879999998,3.45e-05
2026-08-07 17:00:00 CST,1786093200000,73.16,73.63,73.15,73.49,637310.9299999999,396998.2,613092618.5104,-1466840.9554998875,156685.47,-2778777.409999998,3.45e-05
2026-08-07 17:30:00 CST,1786095000000,73.49,73.71,73.49,73.59,441923.55000000005,213439.67,610591022.6436764,-586770.9113235474,-15044.21,-2793821.619999998,3.45e-05
2026-08-07 18:00:00 CST,1786096800000,73.59,73.74,73.5,73.59,273171.08,106641.73000000001,611549233.8828686,163371.51486861706,-59887.62000000001,-2853709.239999997,3.45e-05
2026-08-07 18:30:00 CST,1786098600000,73.6,73.62,73.46,73.51,182157.26,80701.76999999999,610678023.4243058,-1153048.7531613111,-20753.719999999998,-2874462.959999997,3.45e-05
2026-08-07 19:00:00 CST,1786100400000,73.51,73.75,73.5,73.57,221653.67,119385.01000000001,611845768.2714932,1046470.1490931511,17116.34999999999,-2857346.609999997,3.45e-05
2026-08-07 19:30:00 CST,1786102200000,73.58,73.65,73.52,73.61,140308.09000000003,58708.22,612488456.608,416581.8560000658,-22891.649999999998,-2880238.2599999974,3.45e-05
2026-08-07 20:00:00 CST,1786104000000,73.61,74.08,73.6,73.96,815331.3599999999,466833.64,610054573.4976,-2195559.2174384594,118335.92000000004,-2761902.339999997,3.45e-05
2026-08-07 20:30:00 CST,1786105800000,73.97,74.31,73.61,73.88,896357.57,400646.52999999997,611265079.7682,1943729.3506000042,-95064.51,-2856966.849999997,3.45e-05
2026-08-07 21:00:00 CST,1786107600000,73.87,73.93,73.76,73.84,318925.92,126082.62,613862245.3397182,994040.2829182148,-66760.68000000001,-2923727.5299999965,3.45e-05
2026-08-07 21:30:00 CST,1786109400000,73.85,74.33,73.8,74.09,1002704.49,527869.19,616551623.6796,1071628.6685999632,53033.89000000003,-2870693.6399999964,3.45e-05
2026-08-07 22:00:00 CST,1786111200000,74.1,74.14,73.57,74.1,1075075.12,436837.74,607214247.1533115,-7224275.531688452,-201399.63999999998,-3072093.279999996,3.45e-05
2026-08-07 22:30:00 CST,1786113000000,74.1,74.2,73.52,73.68,550005.7,239026.57000000004,607269009.8355,-3636900.266206622,-71952.56000000001,-3144045.839999996,3.45e-05
2026-08-07 23:00:00 CST,1786114800000,73.69,73.93,73.66,73.73,297154.81999999995,136674.71,607623155.9562918,63403.290091753006,-23805.40000000001,-3167851.2399999965,3.45e-05
2026-08-07 23:30:00 CST,1786116600000,73.73,73.95,73.71,73.85,188670.45,105450.23999999999,607931947.41,514667.2660701275,22230.030000000006,-3145621.2099999967,3.45e-05
2026-08-08 00:00:00 CST,1786118400000,73.86,74.1,73.8,73.82,306149.88999999996,156856.0,609058785.9665537,1095258.2363536358,7562.110000000008,-3138059.099999997,0.0001
2026-08-08 00:30:00 CST,1786120200000,73.83,73.86,73.54,73.55,219746.24000000002,102387.64,608391726.7673,-453741.23829996586,-14970.960000000006,-3153030.059999997,0.0001
2026-08-08 01:00:00 CST,1786122000000,73.55,73.55,73.22,73.24,583522.63,247599.50000000003,601148794.2471834,-5692793.687316537,-88323.63,-3241353.6899999967,0.0001
2026-08-08 01:30:00 CST,1786123800000,73.25,73.41,73.15,73.38,362907.49000000005,193246.86,600369203.1267802,-1017839.838219881,23586.229999999992,-3217767.4599999967,0.0001
2026-08-08 02:00:00 CST,1786125600000,73.39,73.55,73.38,73.46,227356.51,125666.47,600059159.8964087,-917745.1458257437,23976.429999999993,-3193791.029999996,0.0001
2026-08-08 02:30:00 CST,1786127400000,73.46,73.49,73.24,73.37,161173.22999999998,73531.52,597641687.552152,-2021393.5001547337,-14110.189999999999,-3207901.219999996,0.0001
2026-08-08 03:00:00 CST,1786129200000,73.38,73.87,73.37,73.81,327528.45,183280.75999999998,601086533.9388168,2259055.5018377304,39033.07000000002,-3168868.1499999957,0.0001
2026-08-08 03:30:00 CST,1786131000000,73.8,74.0,73.75,74.0,286351.37,139640.07,602257775.6125258,1295100.7308257818,-7071.229999999992,-3175939.3799999957,0.0001
2026-08-08 04:00:00 CST,1786132800000,73.99,74.06,73.92,73.97,258509.03999999998,110949.25,606308439.8503,3082227.670300007,-36610.54,-3212549.919999996,0.0001
2026-08-08 04:30:00 CST,1786134600000,73.96,73.96,73.75,73.8,190721.18000000002,76433.51000000001,605597240.3067,-767924.0688222647,-37854.16,-3250404.0799999963,0.0001
2026-08-08 05:00:00 CST,1786136400000,73.8,73.86,73.6,73.69,169082.22000000003,78509.28,603144736.3727137,-2244878.1937781572,-12063.66,-3262467.739999996,0.0001
2026-08-08 05:30:00 CST,1786138200000,73.69,73.83,73.57,73.63,111826.3,60824.46,601530866.4019369,-1475485.3672630787,9822.620000000003,-3252645.1199999964,0.0001
2026-08-08 06:00:00 CST,1786140000000,73.63,73.7,73.56,73.66,140834.28,73741.05,603508555.7674086,1718073.7016086578,6647.819999999991,-3245997.2999999966,0.0001
2026-08-08 06:30:00 CST,1786141800000,73.66,73.66,73.55,73.61,94157.88,41842.31,601337537.0367742,-2264650.3970258236,-10473.259999999998,-3256470.559999997,0.0001
2026-08-08 07:00:00 CST,1786143600000,73.62,73.72,73.6,73.6,88642.29000000001,38768.64,601080586.2602046,-381809.188744545,-11105.009999999997,-3267575.569999997,0.0001
2026-08-08 07:30:00 CST,1786145400000,73.59,73.75,73.58,73.62,79971.59,36999.29,600610748.78,22029.337499976158,-5973.01,-3273548.5799999973,0.0001
2026-08-08 08:00:00 CST,1786147200000,73.63,73.7,73.53,73.62,140880.03,63567.700000000004,600724221.062408,243900.17210793495,-13744.629999999992,-3287293.209999997,8.378e-05
2026-08-08 08:30:00 CST,1786149000000,73.62,73.72,73.59,73.68,93699.29999999999,51282.44,600351853.5231,-621923.3552999496,8865.579999999996,-3278427.629999997,8.378e-05
2026-08-08 09:00:00 CST,1786150800000,73.68,73.8,73.64,73.79,119670.57,80132.17000000001,601273259.6684896,838440.5639895201,40593.77,-3237833.859999997,8.378e-05
2026-08-08 09:30:00 CST,1786152600000,73.79,73.94,73.77,73.85,136052.75,80778.26,602118723.1591,655417.7199453115,25503.76999999999,-3212330.089999997,8.378e-05
2026-08-08 10:00:00 CST,1786154400000,73.85,73.94,73.84,73.92,106315.36,62064.700000000004,602741475.7331,912459.959672451,17814.04,-3194516.0499999975,8.378e-05
2026-08-08 10:30:00 CST,1786156200000,73.92,73.94,73.82,73.83,82208.83,34588.86,602808989.7622885,-120881.10991156101,-13031.109999999997,-3207547.159999998,8.378e-05
2026-08-08 11:00:00 CST,1786158000000,73.84,74.18,73.82,74.14,219250.22,142353.06,605362123.150438,2650498.7379182577,65455.900000000016,-3142091.2599999974,8.378e-05
2026-08-08 11:30:00 CST,1786159800000,74.13,74.99,74.13,74.81,1042079.54,632208.0700000001,613527741.623,7655894.0528934,222336.60000000003,-2919754.6599999974,8.378e-05
2026-08-08 12:00:00 CST,1786161600000,74.82,75.13,74.56,74.56,671234.76,326531.29000000004,624239254.2568,3078183.3097929955,-18172.18,-2937926.839999997,8.378e-05
2026-08-08 12:30:00 CST,1786163400000,74.57,74.72,74.55,74.61,177210.27,95049.47,626662205.5029584,1470196.0304534435,12888.669999999996,-2925038.169999997,8.378e-05
2026-08-08 13:00:00 CST,1786165200000,74.61,74.69,74.49,74.66,200224.68,100297.94999999998,626812263.0691,595413.3219900131,371.2199999999975,-2924666.949999998,8.378e-05
2026-08-08 13:30:00 CST,1786167000000,74.65,74.73,74.45,74.64,215678.30999999997,109876.56,626122758.4024,-1142178.3076707125,4074.8100000000013,-2920592.1399999983,8.378e-05
2026-08-08 14:00:00 CST,1786168800000,74.64,74.72,74.54,74.71,141471.45,84309.03,627451473.7272117,250083.60885059834,27146.609999999997,-2893445.5299999984,8.378e-05
2026-08-08 14:30:00 CST,1786170600000,74.71,74.79,74.63,74.68,156949.09,75765.93,627716785.5126674,-625762.1676325798,-5417.230000000003,-2898862.7599999984,8.378e-05
2026-08-08 15:00:00 CST,1786172400000,74.67,74.79,74.64,74.68,112120.32,55627.56,628363847.5013,1070724.3573260307,-865.2000000000007,-2899727.9599999986,8.378e-05
2026-08-08 15:30:00 CST,1786174200000,74.67,74.8,74.63,74.79,97277.64,57609.07,629567223.2525,1521453.6622995138,17940.500000000004,-2881787.4599999986,8.378e-05
2026-08-08 16:00:00 CST,1786176000000,74.78,74.82,74.66,74.81,178167.47,98423.39,629502205.9889,-567698.6599000692,18679.309999999998,-2863108.1499999985,0.0001
2026-08-08 16:30:00 CST,1786177800000,74.81,74.9,74.68,74.78,173984.96000000002,89009.0,629955875.4643407,-169251.59866845608,4033.039999999999,-2859075.109999999,0.0001
2026-08-08 17:00:00 CST,1786179600000,74.79,74.93,74.78,74.92,122085.67,73815.79999999999,630934838.4588,861960.1595999002,25545.93,-2833529.1799999992,0.0001
2026-08-08 17:30:00 CST,1786181400000,74.92,75.02,74.79,74.85,416188.87,209275.95,631110909.9124,-20753.12600004673,2363.029999999988,-2831166.149999999,0.0001
2026-08-08 18:00:00 CST,1786183200000,74.84,75.0,74.84,74.96,171960.90000000002,94062.05,631718419.5807,728590.2567000389,16163.199999999997,-2815002.9499999993,0.0001
2026-08-08 18:30:00 CST,1786185000000,74.95,75.18,74.91,75.06,206725.16,125347.84999999999,634375259.8736,1723913.5283459425,43970.54,-2771032.409999999,0.0001
2026-08-08 19:00:00 CST,1786186800000,75.06,75.66,75.03,75.24,796818.0299999999,459203.37,636168364.16,1616564.5306050777,121588.70999999996,-2649443.6999999997,0.0001
2026-08-08 19:30:00 CST,1786188600000,75.24,75.7,75.16,75.58,436712.43,261528.15999999997,638010369.1179974,1596527.9163974524,86343.88999999998,-2563099.8099999996,0.0001
2026-08-08 20:00:00 CST,1786190400000,75.58,75.66,75.33,75.35,454816.49,209593.75,638412134.3388,-1039805.8162000179,-35628.99000000001,-2598728.7999999993,0.0001
2026-08-08 20:30:00 CST,1786192200000,75.36,75.57,75.36,75.41,203306.75,107746.75,641463776.2278,3429088.5600061417,12186.749999999996,-2586542.0499999993,0.0001
2026-08-08 21:00:00 CST,1786194000000,75.41,75.51,75.4,75.51,126644.33,64569.719999999994,642729526.7805995,1659731.1687995195,2495.1099999999988,-2584046.939999999,0.0001
2026-08-08 21:30:00 CST,1786195800000,75.51,75.53,75.42,75.51,174358.65,82581.5,642311653.3032,-935575.492200017,-9195.649999999994,-2593242.5899999985,0.0001
2026-08-08 22:00:00 CST,1786197600000,75.51,75.87,75.5,75.79,360215.11,221077.57,646227127.2789,3706166.500200033,81940.03000000001,-2511302.5599999987,0.0001
2026-08-08 22:30:00 CST,1786199400000,75.79,76.63,75.76,76.48,1030030.1500000001,618694.66,659103171.3861809,11497462.450280905,207359.16999999995,-2303943.3899999983,0.0001
2026-08-08 23:00:00 CST,1786201200000,76.48,76.82,76.38,76.48,802718.7,402209.04,667202817.8281,5414148.173699975,1699.37999999999,-2302244.0099999984,0.0001
2026-08-08 23:30:00 CST,1786203000000,76.48,76.5,76.22,76.37,389721.2,173991.09,665602435.5264567,-1174037.2185543776,-41739.02000000001,-2343983.0299999984,0.0001
2026-08-09 00:00:00 CST,1786204800000,76.37,76.49,76.22,76.29,292109.25,130972.88,662587965.5363114,-1965720.6672759056,-30163.49000000001,-2374146.519999998,0.0001
2026-08-09 00:30:00 CST,1786206600000,76.29,76.38,76.14,76.34,203281.71999999997,88885.73000000001,664381820.774814,1514001.7884818316,-25510.260000000002,-2399656.7799999984,0.0001
2026-08-09 01:00:00 CST,1786208400000,76.35,76.43,76.24,76.42,186123.88,101662.83,663627596.3034,-1187160.2271000147,17201.780000000006,-2382454.9999999977,0.0001
2026-08-09 01:30:00 CST,1786210200000,76.42,76.47,76.31,76.37,177243.22000000003,92839.87,665837971.1564,650127.7551107407,8436.520000000008,-2374018.479999998,0.0001
2026-08-09 02:00:00 CST,1786212000000,76.36,76.36,76.05,76.07,244342.82,98713.27,665452980.655184,-374736.88041591644,-46916.28,-2420934.7599999984,0.0001
2026-08-09 02:30:00 CST,1786213800000,76.07,76.18,76.05,76.12,121626.31,59464.869999999995,666206819.0547,1313826.3890000582,-2696.5699999999997,-2423631.3299999977,0.0001
2026-08-09 03:00:00 CST,1786215600000,76.11,76.13,75.96,75.96,182827.56999999998,73147.12999999999,665974787.9828,-404051.1784000397,-36533.310000000005,-2460164.6399999983,0.0001
2026-08-09 03:30:00 CST,1786217400000,75.96,76.26,75.94,76.13,283208.81,158194.46,667101773.0901058,1849694.1746382713,33180.11000000001,-2426984.529999998,0.0001
2026-08-09 04:00:00 CST,1786219200000,76.14,76.27,76.11,76.16,85087.4,47821.25,667131742.2336,400995.9888000488,10555.100000000004,-2416429.4299999983,0.0001
2026-08-09 04:30:00 CST,1786221000000,76.17,76.25,76.16,76.23,86565.28,53042.33,667621265.8172,239902.48849999905,19519.380000000005,-2396910.049999998,0.0001
2026-08-09 05:00:00 CST,1786222800000,76.24,76.35,76.23,76.31,133681.84,75702.43000000001,667673661.6291,-190445.3845000267,17723.020000000004,-2379187.0299999975,0.0001
2026-08-09 05:30:00 CST,1786224600000,76.3,76.31,76.11,76.19,91932.93,35021.14,666874580.904,-1046705.0478156805,-21890.649999999998,-2401077.679999998,0.0001
2026-08-09 06:00:00 CST,1786226400000,76.19,76.27,76.15,76.23,122611.11,56798.65,668820526.8315111,1680144.104011178,-9013.810000000001,-2410091.489999998,0.0001
2026-08-09 06:30:00 CST,1786228200000,76.22,76.25,75.84,75.89,229818.68,74730.57,667752471.8632,-993793.3469001055,-80357.54,-2490449.0299999984,0.0001
2026-08-09 07:00:00 CST,1786230000000,75.9,75.92,75.74,75.88,244562.55,107498.71,665504170.1568,-1058776.5521999598,-29565.130000000016,-2520014.1599999988,0.0001
2026-08-09 07:30:00 CST,1786231800000,75.88,76.08,75.87,76.0,134454.03,89452.11000000002,664822162.7595389,-20625.285192728043,44450.189999999995,-2475563.9699999993,0.0001
2026-08-09 08:00:00 CST,1786233600000,76.0,76.04,75.88,75.92,113661.01999999999,47647.88999999999,664274365.447,-388454.4729999304,-18365.239999999994,-2493929.209999999,0.0001
2026-08-09 08:30:00 CST,1786235400000,75.91,76.0,75.83,76.0,140069.21999999997,77689.3,662358318.8301,-1517027.2050999403,15309.380000000003,-2478619.8299999987,0.0001
2026-08-09 09:00:00 CST,1786237200000,75.99,76.08,75.74,75.74,246774.1,95833.83,662707709.0304,-1165742.2095999718,-55106.44000000001,-2533726.2699999986,0.0001
2026-08-09 09:30:00 CST,1786239000000,75.74,75.91,75.71,75.86,109069.0,60258.4,662696561.3438,799983.3787999153,11447.800000000005,-2522278.4699999983,0.0001
2026-08-09 10:00:00 CST,1786240800000,75.85,75.93,75.77,75.91,90444.98999999999,40409.54,663847003.6845,1058510.6410999298,-9625.909999999998,-2531904.379999998,0.0001
2026-08-09 10:30:00 CST,1786242600000,75.91,75.99,75.78,75.86,184853.31,86831.80000000002,664341425.6034088,941514.0667088032,-11189.710000000003,-2543094.089999998,0.0001
2026-08-09 11:00:00 CST,1786244400000,75.85,75.99,75.75,75.99,133288.69,77218.20000000001,665867957.6932,476301.43256628513,21147.710000000006,-2521946.3799999985,0.0001
2026-08-09 11:30:00 CST,1786246200000,75.99,76.03,75.94,75.97,129849.19999999998,63599.84999999999,666561523.5413531,-61702.64217913151,-2649.5,-2524595.8799999985,0.0001
2026-08-09 12:00:00 CST,1786248000000,75.96,76.11,75.95,76.05,140505.82,74810.16,667578447.2913,1075007.2337738276,9114.500000000004,-2515481.379999998,0.0001
2026-08-09 12:30:00 CST,1786249800000,76.04,76.05,75.93,75.95,67129.48,29240.899999999998,667025374.701,-853041.9343637228,-8647.68,-2524129.059999998,0.0001
2026-08-09 13:00:00 CST,1786251600000,75.96,76.01,75.92,75.92,76768.69,37656.409999999996,667257850.6566645,417967.9134645462,-1455.8700000000026,-2525584.929999998,0.0001
2026-08-09 13:30:00 CST,1786253400000,75.92,76.01,75.86,75.99,125700.38999999998,51482.89,666958261.100131,-171816.78769528866,-22734.609999999993,-2548319.539999998,0.0001
2026-08-09 14:00:00 CST,1786255200000,75.99,76.28,75.94,76.21,230575.87000000002,145268.71000000002,668786710.4576,1503416.4679410458,59961.54999999998,-2488357.9899999984,0.0001
2026-08-09 14:30:00 CST,1786257000000,76.22,76.48,76.2,76.4,365137.3,206907.26,671852244.5921115,3689710.7573114634,48677.219999999994,-2439680.7699999977,0.0001
2026-08-09 15:00:00 CST,1786258800000,76.4,76.47,76.3,76.34,238083.92,113198.98000000001,672875206.5723872,-200022.35781276226,-11685.960000000006,-2451366.729999998,0.0001
2026-08-09 15:30:00 CST,1786260600000,76.34,76.36,76.22,76.34,161457.8,76654.79000000001,673080259.6004,247999.19815647602,-8148.220000000001,-2459514.949999998,0.0001
2026-08-09 16:00:00 CST,1786262400000,76.34,76.57,76.3,76.36,225664.03999999998,126879.20000000001,675812804.6508,2360604.317800045,28094.36,-2431420.589999997,0.0001
2026-08-09 16:30:00 CST,1786264200000,76.36,76.43,76.08,76.3,288525.13,137632.58000000002,673195247.2793891,-2668247.8036108017,-13259.970000000005,-2444680.559999997,0.0001
2026-08-09 17:00:00 CST,1786266000000,76.3,76.45,76.23,76.24,220667.49,94076.86000000002,674536661.3973,689714.1642096043,-32513.770000000015,-2477194.3299999963,0.0001
2026-08-09 17:30:00 CST,1786267800000,76.23,76.51,76.23,76.42,177027.85,112922.87,675448223.4216,1716669.2351999283,48817.89,-2428376.439999996,0.0001
2026-08-09 18:00:00 CST,1786269600000,76.43,76.64,76.39,76.49,213464.61,120160.3,678284728.0482942,2590996.1806942225,26855.990000000005,-2401520.4499999965,0.0001
2026-08-09 18:30:00 CST,1786271400000,76.49,76.52,76.34,76.36,120488.04999999999,43810.9,677341617.4456189,-77293.29438114166,-32866.25,-2434386.699999997,0.0001
2026-08-09 19:00:00 CST,1786273200000,76.36,76.46,76.31,76.44,106223.66,52270.99999999999,676513345.6238614,-331342.81843852997,-1681.6600000000035,-2436068.3599999966,0.0001
2026-08-09 19:30:00 CST,1786275000000,76.44,76.51,76.41,76.47,106117.14,55877.520000000004,677308531.1255438,101948.55750155449,5637.900000000007,-2430430.4599999962,0.0001
2026-08-09 20:00:00 CST,1786276800000,76.47,76.57,76.39,76.39,154156.87,50955.810000000005,678042994.4068,686388.6404000521,-52245.24999999999,-2482675.7099999962,0.0001
2026-08-09 20:30:00 CST,1786278600000,76.39,76.4,76.27,76.34,120727.68000000001,48068.97,676179408.8021,-1484057.6219000816,-24589.74000000001,-2507265.4499999965,0.0001
2026-08-09 21:00:00 CST,1786280400000,76.35,76.87,76.32,76.69,480638.21,272079.0,680941347.0639,4215399.730889678,63519.78999999999,-2443745.659999997,0.0001
2026-08-09 21:30:00 CST,1786282200000,76.7,76.74,76.54,76.54,180280.22,73427.59999999999,680320511.2875139,-1030870.5664861202,-33425.020000000004,-2477170.6799999974,0.0001
2026-08-09 22:00:00 CST,1786284000000,76.54,76.71,76.54,76.66,186902.9,89549.42,679622142.0646,482787.1236000061,-7804.060000000001,-2484974.7399999974,0.0001
2026-08-09 22:30:00 CST,1786285800000,76.67,77.07,76.64,77.0,591230.6000000001,355004.17000000004,684628436.736,4293831.289899945,118777.74000000002,-2366196.9999999977,0.0001
2026-08-09 23:00:00 CST,1786287600000,76.99,77.06,76.83,76.91,277238.55,126628.08,685513772.6515,-1406854.2231163979,-23982.39,-2390179.3899999983,0.0001
2026-08-09 23:30:00 CST,1786289400000,76.91,77.46,76.87,77.41,865898.66,518648.62,692043122.4925177,5878936.391517758,171398.57999999993,-2218780.809999998,0.0001
2026-08-10 00:00:00 CST,1786291200000,77.41,77.56,77.07,77.08,631628.46,318435.07999999996,698536901.0240499,-740260.1725500822,5241.699999999961,-2213539.1099999985,0.0001
2026-08-10 00:30:00 CST,1786293000000,77.08,77.34,77.07,77.31,236101.19000000003,136090.59,698964280.3472,900525.5892000198,36079.98999999999,-2177459.1199999987,0.0001
2026-08-10 01:00:00 CST,1786294800000,77.31,77.32,77.18,77.25,147601.63999999998,61082.11,699972983.4008,268218.1177904606,-25437.41999999999,-2202896.539999998,0.0001
2026-08-10 01:30:00 CST,1786296600000,77.24,77.32,77.11,77.16,138771.43,62664.799999999996,697394944.9053,-2115610.2659984827,-13441.830000000002,-2216338.3699999982,0.0001
2026-08-10 02:00:00 CST,1786298400000,77.15,77.22,77.06,77.18,115089.59999999999,47436.32,698571673.164,656950.8036000729,-20216.960000000003,-2236555.329999998,0.0001
2026-08-10 02:30:00 CST,1786300200000,77.18,77.24,77.1,77.19,81931.22,36443.65,697890010.7641,-345357.44530010223,-9043.920000000002,-2245599.249999998,0.0001
2026-08-10 03:00:00 CST,1786302000000,77.18,77.29,77.12,77.26,78632.26,40401.09,698232216.3656,483606.76602756977,2169.9199999999973,-2243429.329999998,0.0001
2026-08-10 03:30:00 CST,1786303800000,77.25,77.35,77.21,77.22,129112.1,62583.02,697597309.2735,-1009801.9194486141,-3946.0600000000004,-2247375.3899999983,0.0001
2026-08-10 04:00:00 CST,1786305600000,77.21,77.24,77.04,77.2,99184.31999999998,43552.43,697137196.507,-262578.678702116,-12079.46,-2259454.8499999987,0.0001
2026-08-10 04:30:00 CST,1786307400000,77.2,77.28,77.19,77.25,59807.14,30749.640000000003,698164566.6996,576806.7635999918,1692.1400000000003,-2257762.709999998,0.0001
2026-08-10 05:00:00 CST,1786309200000,77.24,77.37,77.13,77.37,100007.43000000001,50890.97000000001,698253002.6568,-223758.12383258343,1774.5100000000057,-2255988.199999998,0.0001
2026-08-10 05:30:00 CST,1786311000000,77.36,77.5,77.31,77.34,118868.40000000001,71349.70999999999,699064896.3264,386186.63310575485,23831.020000000004,-2232157.179999998,0.0001
2026-08-10 06:00:00 CST,1786312800000,77.33,77.88,77.33,77.42,565186.2699999999,306615.01,699889677.3256,757701.8813247681,48043.749999999985,-2184113.429999998,0.0001
2026-08-10 06:30:00 CST,1786314600000,77.42,77.45,76.63,76.8,788887.42,331750.04000000004,685218184.0939,-14550612.683500051,-125387.34,-2309500.769999997,0.0001
2026-08-10 07:00:00 CST,1786316400000,76.8,76.89,76.32,76.39,519899.06000000006,209544.21000000002,684022449.0945745,-1593521.9774255753,-100810.64000000001,-2410311.4099999974,0.0001
2026-08-10 07:30:00 CST,1786318200000,76.39,76.49,76.16,76.23,719538.94,300598.87,674431863.6136997,-7103297.655655146,-118341.2,-2528652.609999997,0.0001
2026-08-10 08:00:00 CST,1786320000000,76.23,77.0,76.17,76.54,772382.37,394313.36,669809905.2828,-3188101.7581301928,16244.350000000013,-2512408.2599999974,0.0001
2026-08-10 08:30:00 CST,1786321800000,76.53,76.65,76.27,76.51,397856.74,206204.86000000002,670370235.145,6496.46297621727,14552.980000000014,-2497855.2799999975,0.0001
2026-08-10 09:00:00 CST,1786323600000,76.5,76.81,76.42,76.58,255706.28999999998,138901.49,671491408.0756607,1518535.659090042,22096.69,-2475758.589999998,0.0001
2026-08-10 09:30:00 CST,1786325400000,76.58,77.14,76.37,76.88,409712.76999999996,228099.52,673447615.02698,2894142.9903800488,46486.27000000002,-2429272.3199999975,0.0001
2026-08-10 10:00:00 CST,1786327200000,76.87,76.91,76.4,76.49,283685.69999999995,131081.32,667210798.4084,-6170545.978799939,-21523.060000000005,-2450795.3799999976,0.0001
2026-08-10 10:30:00 CST,1786329000000,76.5,76.86,76.49,76.79,189199.87,115856.14,668701614.7627051,1647773.93770504,42512.41,-2408282.969999997,0.0001
2026-08-10 11:00:00 CST,1786330800000,76.78,76.92,76.34,76.69,384188.74,196233.73,668302148.6568,-1895960.0722999573,8278.719999999998,-2400004.2499999967,0.0001
2026-08-10 11:30:00 CST,1786332600000,76.68,76.83,76.53,76.6,154631.8,64797.17999999999,666931465.8351,-198640.98449993134,-25037.43999999999,-2425041.689999997,0.0001
2026-08-10 12:00:00 CST,1786334400000,76.6,76.72,76.57,76.59,171119.71000000002,87059.16,668513199.3180155,1520786.1004154682,2998.6100000000097,-2422043.0799999977,0.0001
2026-08-10 12:30:00 CST,1786336200000,76.6,76.63,76.39,76.51,140403.74000000002,63186.689999999995,667565271.6824,-1324660.8475999832,-14030.36,-2436073.4399999976,0.0001
2026-08-10 13:00:00 CST,1786338000000,76.51,76.75,76.5,76.75,112246.37,60941.869999999995,668491372.6619816,921039.9467816353,9637.369999999994,-2426436.069999998,0.0001
2026-08-10 13:30:00 CST,1786339800000,76.74,76.95,76.68,76.86,153165.44,85547.41,669184169.6290952,564392.801595211,17929.379999999997,-2408506.689999998,0.0001
2026-08-10 14:00:00 CST,1786341600000,76.85,77.05,76.77,76.87,231926.68,108364.61,669829750.5231322,1055772.5203431845,-15197.46,-2423704.1499999985,0.0001
2026-08-10 14:30:00 CST,1786343400000,76.86,77.0,76.86,76.96,129316.62,63047.93999999999,671129584.3448266,1718300.134626627,-3220.7400000000016,-2426924.8899999987,0.0001
2026-08-10 15:00:00 CST,1786345200000,76.95,76.99,76.79,76.96,84724.23,41060.64,671542549.6916559,252087.47082531452,-2602.9500000000007,-2429527.839999998,0.0001
2026-08-10 15:30:00 CST,1786347000000,76.95,77.09,76.89,76.95,153082.96,53307.33,671090776.0644,-515106.8778203726,-46468.299999999996,-2475996.139999998,0.0001
2026-08-10 16:00:00 CST,1786348800000,76.94,77.12,76.83,76.95,238977.09,122121.26000000001,672756172.4772133,1444143.166213274,5265.430000000006,-2470730.709999998,9.534e-05
2026-08-10 16:30:00 CST,1786350600000,76.94,76.96,76.63,76.91,291602.75,130375.95999999999,671290944.7543079,-627230.8755452633,-30850.829999999998,-2501581.539999998,9.534e-05
2026-08-10 17:00:00 CST,1786352400000,76.91,77.0,76.8,76.81,158475.11000000002,60164.08,672471910.1023,1442356.204300046,-38146.95000000001,-2539728.489999999,9.534e-05
2026-08-10 17:30:00 CST,1786354200000,76.8,76.8,76.53,76.53,283721.11,145431.27,668378752.8276292,-2734678.143688321,7141.43,-2532587.0599999987,9.534e-05
2026-08-10 18:00:00 CST,1786356000000,76.53,76.67,76.51,76.63,236055.58999999997,112410.81,670390853.5468988,1913159.5143948793,-11233.970000000001,-2543821.029999998,9.534e-05
2026-08-10 18:30:00 CST,1786357800000,76.63,76.84,76.56,76.78,211448.68000000002,120439.0,671700810.010341,1406955.3241410255,29429.319999999992,-2514391.709999998,9.534e-05
2026-08-10 19:00:00 CST,1786359600000,76.78,76.86,76.63,76.83,175469.86000000002,73101.4,669294612.1792,-2284570.0751999617,-29267.059999999994,-2543658.769999998,9.534e-05
2026-08-10 19:30:00 CST,1786361400000,76.84,77.03,76.8,77.02,173019.78,103227.01000000001,669719514.3474,198353.55705571175,33434.23999999999,-2510224.5299999984,9.534e-05
2026-08-10 20:00:00 CST,1786363200000,77.03,77.1,76.85,76.85,299033.18,135463.30000000002,672944664.1848,2126527.752799988,-28106.579999999998,-2538331.1099999985,9.534e-05
2026-08-10 20:30:00 CST,1786365000000,76.86,76.86,76.57,76.61,327257.16000000003,131567.03,670816905.5208744,-1153963.4668582678,-64123.100000000006,-2602454.2099999986,9.534e-05
2026-08-10 21:00:00 CST,1786366800000,76.61,76.75,76.56,76.66,255420.71000000002,133955.84999999998,668965343.7852,-323913.3575999737,12490.98999999999,-2589963.219999999,9.534e-05
2026-08-10 21:30:00 CST,1786368600000,76.67,76.69,76.1,76.28,796281.57,352168.83999999997,660206046.4587,-8658951.630500078,-91943.88999999997,-2681907.1099999985,9.534e-05
2026-08-10 22:00:00 CST,1786370400000,76.28,76.68,76.24,76.61,396313.9,214624.45,662828687.685,1619074.7042999268,32935.0,-2648972.109999999,9.534e-05
2026-08-10 22:30:00 CST,1786372200000,76.61,76.67,76.21,76.24,343078.39,141532.22,661233350.5769,-3519239.6791000366,-60013.95,-2708986.059999999,9.534e-05
2026-08-10 23:00:00 CST,1786374000000,76.23,76.41,75.78,75.98,968574.0999999999,426791.46,651924775.8864,-9255958.060402036,-114991.18,-2823977.2399999993,9.534e-05
2026-08-10 23:30:00 CST,1786375800000,75.98,76.11,75.84,75.93,535366.12,264738.66000000003,652968956.2457744,300878.50278043747,-5888.800000000003,-2829866.039999999,9.534e-05
2026-08-11 00:00:00 CST,1786377600000,75.93,76.08,75.54,75.72,828172.1199999999,355066.1699999999,649351374.072,-4963908.624061942,-118039.78000000003,-2947905.8199999994,0.0001
2026-08-11 00:30:00 CST,1786379400000,75.71,75.97,75.57,75.68,603289.43,292008.16000000003,648383427.0405,-1027268.5827000141,-19273.110000000015,-2967178.9299999992,0.0001
2026-08-11 01:00:00 CST,1786381200000,75.69,76.05,75.58,75.91,355027.76,180712.59999999998,650468252.7752,491958.47599995136,6397.440000000013,-2960781.4899999993,0.0001
2026-08-11 01:30:00 CST,1786383000000,75.91,76.1,75.9,75.96,266196.94,109455.95999999999,652759900.4470043,2862665.573099971,-47285.01999999999,-3008066.5099999984,0.0001
2026-08-11 02:00:00 CST,1786384800000,75.95,76.05,75.9,75.94,162349.26,76551.02,653303760.4430875,112520.14108741283,-9247.219999999994,-3017313.7299999986,0.0001
2026-08-11 02:30:00 CST,1786386600000,75.95,75.97,75.68,75.8,279412.52999999997,129380.10000000002,648350648.2521471,-4756667.231564999,-20652.33000000001,-3037966.0599999987,0.0001
2026-08-11 03:00:00 CST,1786388400000,75.79,76.09,75.78,76.08,128157.62,75680.55,649823935.507614,1275559.1762714386,23203.479999999996,-3014762.5799999987,0.0001
2026-08-11 03:30:00 CST,1786390200000,76.09,76.26,76.07,76.17,251546.61,131336.19999999998,650756978.694154,305477.30411303043,11125.789999999999,-3003636.789999999,0.0001
2026-08-11 04:00:00 CST,1786392000000,76.18,76.35,76.15,76.31,212855.72,138144.27,648150214.1550268,-1979756.25567317,63432.82,-2940203.9699999997,0.0001
2026-08-11 04:30:00 CST,1786393800000,76.32,76.47,76.31,76.41,134253.25,73617.59,647221243.564,-1175338.0118874311,12981.930000000002,-2927222.0399999996,0.0001
2026-08-11 05:00:00 CST,1786395600000,76.41,76.47,76.28,76.41,172325.7,86611.55,646205605.9552453,-1423791.7220293283,897.4000000000051,-2926324.64,0.0001
2026-08-11 05:30:00 CST,1786397400000,76.41,76.47,76.26,76.28,135638.53000000003,50697.02,644271524.0058105,-2389421.693868637,-34244.490000000005,-2960569.1300000004,0.0001
2026-08-11 06:00:00 CST,1786399200000,76.27,76.35,76.07,76.18,244743.55,90038.73000000001,645942648.919146,1528651.0818511248,-64666.09000000001,-3025235.2200000007,0.0001
2026-08-11 06:30:00 CST,1786401000000,76.18,76.2,76.01,76.18,124998.05,54927.16000000001,646300225.3535253,61838.53617954254,-15143.73,-3040378.9500000007,0.0001
2026-08-11 07:00:00 CST,1786402800000,76.18,76.19,76.0,76.08,141048.2,53225.79000000001,646331920.9964124,32240.01371240616,-34596.619999999995,-3074975.5700000003,0.0001
2026-08-11 07:30:00 CST,1786404600000,76.09,76.1,75.94,75.95,192698.32,73413.14,646813275.4152,156424.41489994526,-45872.04000000001,-3120847.61,0.0001
2026-08-11 08:00:00 CST,1786406400000,75.96,75.99,75.72,75.99,365061.72,158604.16999999998,650714096.0378615,4060845.280361414,-47853.38000000002,-3168700.99,0.0001
2026-08-11 08:30:00 CST,1786408200000,75.99,76.02,75.81,75.85,208287.07,81954.46999999999,651020746.325553,78240.43992269039,-44378.130000000005,-3213079.12,0.0001
2026-08-11 09:00:00 CST,1786410000000,75.85,75.95,75.66,75.91,346881.29,150369.29,653650840.7856565,2510185.6275331974,-46142.70999999999,-3259221.83,0.0001
2026-08-11 09:30:00 CST,1786411800000,75.91,76.07,75.75,76.06,143954.4,85138.71,653521712.4673,-421035.092880249,26323.019999999997,-3232898.81,0.0001
2026-08-11 10:00:00 CST,1786413600000,76.06,76.11,75.94,75.97,166005.53,77026.38,652173566.716144,-1645725.2736020088,-11952.769999999993,-3244851.580000001,0.0001
2026-08-11 10:30:00 CST,1786415400000,75.97,76.09,75.95,76.0,93675.77,42761.11,651275134.6610749,38711.58407485485,-8153.549999999998,-3253005.130000001,0.0001
2026-08-11 11:00:00 CST,1786417200000,76.0,76.22,76.0,76.14,136848.40999999997,75554.36,651473780.1152,663302.2635999918,14260.310000000009,-3238744.8200000003,0.0001
2026-08-11 11:30:00 CST,1786419000000,76.14,76.16,76.03,76.04,88119.36000000002,45308.53999999999,650992553.1178828,-225808.38161718845,2497.7199999999993,-3236247.1,0.0001
2026-08-11 12:00:00 CST,1786420800000,76.04,76.16,76.03,76.1,93482.77,46450.35,651539379.4818,1032954.3299319744,-582.0700000000015,-3236829.17,0.0001
2026-08-11 12:30:00 CST,1786422600000,76.11,76.19,76.04,76.04,83496.84,41395.17,651674733.1394047,404323.07902288437,-706.5000000000009,-3237535.6699999995,0.0001
2026-08-11 13:00:00 CST,1786424400000,76.04,76.05,75.74,75.76,239760.83,75340.25,649526014.9707,-1818961.447799921,-89080.33,-3326615.9999999995,0.0001
2026-08-11 13:30:00 CST,1786426200000,75.76,75.92,75.74,75.76,160253.21,81427.73999999999,649913537.8921626,488433.73006260395,2602.2700000000023,-3324013.7299999995,0.0001
2026-08-11 14:00:00 CST,1786428000000,75.76,76.0,75.67,75.93,322373.85,150244.57,650435263.9427251,568587.2012351751,-21884.710000000006,-3345898.4399999995,0.0001
2026-08-11 14:30:00 CST,1786429800000,75.93,75.96,75.61,75.77,479588.43,137646.29,651504306.6565,-11950.42260825634,-204295.85,-3550194.289999999,0.0001
2026-08-11 15:00:00 CST,1786431600000,75.77,75.83,75.36,75.39,545670.3600000001,215257.01,645691797.1818,-6915358.28339994,-115156.34,-3665350.629999999,0.0001
2026-08-11 15:30:00 CST,1786433400000,75.4,75.73,75.39,75.66,283738.95999999996,148725.03999999998,646912888.9066,758784.0151267052,13711.119999999995,-3651639.5099999984,0.0001
2026-08-11 16:00:00 CST,1786435200000,75.66,75.74,75.58,75.69,181860.56,103289.29,647524337.1136508,885527.5356508493,24718.02,-3626921.489999999,-2.3e-07
2026-08-11 16:30:00 CST,1786437000000,75.7,75.95,75.68,75.89,257254.96000000002,141204.88999999998,650168078.662,1747727.7332481146,25154.820000000007,-3601766.669999999,-2.3e-07
2026-08-11 17:00:00 CST,1786438800000,75.89,75.91,75.68,75.73,413615.30999999994,204301.53999999998,650982114.2023892,586923.8331125975,-5012.229999999996,-3606778.8999999994,-2.3e-07
2026-08-11 17:30:00 CST,1786440600000,75.73,75.85,75.63,75.84,321848.43,149794.06999999998,654030429.0308322,3627396.9516483545,-22260.29000000001,-3629039.1899999995,-2.3e-07
2026-08-11 18:00:00 CST,1786442400000,75.84,75.95,75.72,75.93,242265.24,115287.67,655427391.7407876,-216079.77226436138,-11689.899999999998,-3640729.09,-2.3e-07
2026-08-11 18:30:00 CST,1786444200000,75.94,76.03,75.77,75.9,291864.25,178949.58,657873926.9752,1039741.241223216,66034.91,-3574694.18,-2.3e-07
2026-08-11 19:00:00 CST,1786446000000,75.91,76.35,75.9,76.09,524046.99,280020.77,661913922.8630247,3101763.122631073,35994.55000000003,-3538699.6300000004,-2.3e-07
2026-08-11 19:30:00 CST,1786447800000,76.09,76.2,76.07,76.16,187884.44,97652.39000000001,661997164.0152,-69241.02079999447,7420.34,-3531279.29,-2.3e-07
2026-08-11 20:00:00 CST,1786449600000,76.16,76.21,75.79,75.84,264181.34,118517.87000000001,658901797.29,-3420506.978700042,-27145.6,-3558424.89,-2.3e-07
2026-08-11 20:30:00 CST,1786451400000,75.84,75.91,75.75,75.82,182188.24999999997,90027.28,658468574.7507728,74035.1667728424,-2133.689999999995,-3560558.5799999996,-2.3e-07
2026-08-11 21:00:00 CST,1786453200000,75.82,76.0,75.68,75.84,333704.85,184686.63999999998,661095933.0157,2426178.4260708094,35668.42999999999,-3524890.15,-2.3e-07
2026-08-11 21:30:00 CST,1786455000000,75.84,76.07,75.69,75.97,351978.08,151032.06999999998,661549100.721107,-205343.53082811832,-49913.94000000002,-3574804.0900000003,-2.3e-07
2026-08-11 22:00:00 CST,1786456800000,75.97,76.12,75.51,75.59,544649.51,216654.99,659122870.6174,-4584860.457265258,-111339.53,-3686143.62,-2.3e-07
2026-08-11 22:30:00 CST,1786458600000,75.58,75.62,75.03,75.15,905651.17,406427.87,652648833.8247,-4033697.07889688,-92795.43000000005,-3778939.0500000003,-2.3e-07
2026-08-11 23:00:00 CST,1786460400000,75.16,75.38,75.05,75.31,537692.52,274846.32999999996,653615972.7432282,2006339.8555270433,12000.139999999992,-3766938.910000001,-2.3e-07
2026-08-11 23:30:00 CST,1786462200000,75.31,75.36,74.57,74.87,1214695.5500000003,508025.98,644470137.7535895,-10523106.756597757,-198643.59,-3965582.5000000014,-2.3e-07
2026-08-12 00:00:00 CST,1786464000000,74.87,75.03,74.73,74.93,465414.22000000003,229528.13,645594639.0595,-434067.76616835594,-6357.959999999992,-3971940.4600000014,-5.533e-05
2026-08-12 00:30:00 CST,1786465800000,74.94,74.98,74.82,74.89,190482.11999999997,98400.18999999999,645279601.9803123,102811.78021240234,6318.260000000006,-3965622.2000000016,-5.533e-05
2026-08-12 01:00:00 CST,1786467600000,74.89,75.06,74.88,75.03,198152.52999999997,109050.18,645956564.5598,510498.00629997253,19947.829999999994,-3945674.370000002,-5.533e-05
2026-08-12 01:30:00 CST,1786469400000,75.03,75.19,74.93,75.12,251259.58000000002,162418.95,645661576.3027,201314.11786723137,73578.32,-3872096.0500000017,-5.533e-05
2026-08-12 02:00:00 CST,1786471200000,75.13,75.3,75.1,75.17,185851.10000000003,96502.47000000002,645277912.9591174,-563099.2594826221,7153.839999999998,-3864942.2100000014,-5.533e-05
2026-08-12 02:30:00 CST,1786473000000,75.18,75.29,75.03,75.23,311319.16000000003,125610.33999999998,642985741.3593627,-1631386.6430373192,-60098.479999999996,-3925040.690000002,-5.533e-05
2026-08-12 03:00:00 CST,1786474800000,75.23,75.27,75.01,75.25,177822.55,81029.98000000001,643225953.6184386,-456295.04596138,-15762.589999999997,-3940803.280000001,-5.533e-05
2026-08-12 03:30:00 CST,1786476600000,75.25,75.69,75.25,75.63,377382.37,228252.63,645743198.8623092,2199962.2419275045,79122.89,-3861680.3900000015,-5.533e-05
2026-08-12 04:00:00 CST,1786478400000,75.63,76.27,75.61,76.04,978938.88,562767.7000000001,642143998.726021,-3539362.8544789553,146596.52000000002,-3715083.870000001,-5.533e-05
2026-08-12 04:30:00 CST,1786480200000,76.05,76.16,75.83,76.01,320530.43999999994,132741.71,640444342.4472896,-2303157.6488491297,-55047.01999999999,-3770130.8900000006,-5.533e-05
2026-08-12 05:00:00 CST,1786482000000,76.02,76.16,76.0,76.03,377325.79000000004,124657.34,638960160.3189,-2486330.1048184633,-128011.11000000002,-3898142.000000001,-5.533e-05
2026-08-12 05:30:00 CST,1786483800000,76.02,76.41,75.97,76.41,370498.54000000004,243248.68,637842306.8864,-233266.1260406971,115998.82000000002,-3782143.180000001,-5.533e-05
2026-08-12 06:00:00 CST,1786485600000,76.41,76.64,76.33,76.41,455839.59,248249.22,646167265.113,634389.0512982607,40658.850000000035,-3741484.3300000015,-5.533e-05
2026-08-12 06:30:00 CST,1786487400000,76.4,76.46,76.21,76.38,263644.09,117320.81,642979082.9813,-3525731.4091000557,-29002.47000000001,-3770486.800000001,-5.533e-05
2026-08-12 07:00:00 CST,1786489200000,76.38,76.38,76.16,76.26,200560.39,92644.45000000001,643282082.5562,-241870.1086000204,-15271.489999999994,-3785758.290000002,-5.533e-05
2026-08-12 07:30:00 CST,1786491000000,76.26,76.33,76.18,76.27,152998.02000000002,86048.97,643594596.1984,473750.103399992,19099.92,-3766658.370000002,-5.533e-05
2026-08-12 08:00:00 CST,1786492800000,76.27,76.3,76.19,76.23,171303.41,89818.93,644505109.6417135,420511.85741353035,8334.449999999993,-3758323.9200000023,5.998e-05
2026-08-12 08:30:00 CST,1786494600000,76.22,76.34,76.2,76.34,81689.73000000001,49853.729999999996,644496314.1773,646050.61331141,18017.729999999996,-3740306.1900000023,5.998e-05
2026-08-12 09:00:00 CST,1786496400000,76.34,76.49,76.3,76.33,188866.91,110544.90000000001,647043554.0446,2178463.8456971645,32222.889999999992,-3708083.3000000026,5.998e-05
2026-08-12 09:30:00 CST,1786498200000,76.33,76.56,76.26,76.4,198921.92,102766.52,647645304.2208,806679.5702912807,6611.119999999995,-3701472.180000003,5.998e-05
2026-08-12 10:00:00 CST,1786500000000,76.4,76.55,76.39,76.53,182195.16999999998,100832.62000000001,647396753.5202,276589.8761999607,19470.07,-3682002.110000003,5.998e-05
2026-08-12 10:30:00 CST,1786501800000,76.52,76.57,76.39,76.41,145259.68,52712.93,649270343.5077677,779784.7528806925,-39833.82,-3721835.930000003,5.998e-05
2026-08-12 11:00:00 CST,1786503600000,76.4,76.5,76.23,76.26,187979.21999999997,71212.86,647443337.4990325,-852025.4609675407,-45553.49999999999,-3767389.430000003,5.998e-05
2026-08-12 11:30:00 CST,1786505400000,76.26,76.45,76.22,76.38,149439.08000000002,86840.1,649879668.8595,2775208.55430007,24241.12,-3743148.3100000024,5.998e-05
2026-08-12 12:00:00 CST,1786507200000,76.38,76.55,76.33,76.34,182424.37,104398.72,654335875.71,3897056.805600047,26373.069999999996,-3716775.240000002,5.998e-05
2026-08-12 12:30:00 CST,1786509000000,76.34,76.36,76.24,76.27,122813.77,69120.96,653507252.136,281922.15785467625,15428.150000000005,-3701347.090000002,5.998e-05
2026-08-12 13:00:00 CST,1786510800000,76.26,76.35,76.15,76.26,143448.81,76073.22000000002,653585807.1991874,233991.0314873457,8697.630000000003,-3692649.460000002,5.998e-05
2026-08-12 13:30:00 CST,1786512600000,76.26,76.32,76.22,76.29,94097.16,51859.40000000001,653683152.7084141,-58933.76598596573,9621.640000000001,-3683027.820000002,5.998e-05
2026-08-12 14:00:00 CST,1786514400000,76.28,76.33,76.12,76.15,145760.08000000002,54539.29,653161016.5696,-656499.663400054,-36681.49999999999,-3719709.3200000026,5.998e-05
2026-08-12 14:30:00 CST,1786516200000,76.15,76.15,75.93,76.02,293058.78,109674.18,652407550.027694,-518019.08330595493,-73710.42,-3793419.740000003,5.998e-05
2026-08-12 15:00:00 CST,1786518000000,76.02,76.14,76.0,76.01,139711.24,83264.84999999999,653048204.3865,1337394.7022999525,26818.46,-3766601.2800000026,5.998e-05
2026-08-12 15:30:00 CST,1786519800000,76.01,76.25,75.91,76.25,231072.06,156629.19,654864223.521,1555414.0248000622,82186.32,-3684414.9600000023,5.998e-05
2026-08-12 16:00:00 CST,1786521600000,76.25,76.44,76.2,76.39,352464.13999999996,207572.32,659191740.0313,3469305.1687999964,62680.500000000015,-3621734.4600000023,8.133e-05
2026-08-12 16:30:00 CST,1786523400000,76.39,76.39,76.12,76.15,176213.47999999998,62223.34999999999,656868996.6005045,-2881195.143704653,-51766.78,-3673501.240000002,8.133e-05
2026-08-12 17:00:00 CST,1786525200000,76.15,76.75,76.09,76.75,505869.41000000003,325876.11,660787790.0845,4196186.770261049,145882.81000000003,-3527618.430000002,8.133e-05
2026-08-12 17:30:00 CST,1786527000000,76.75,76.88,76.65,76.71,377596.52,201630.79,663366907.2234753,1459691.535975337,25665.06000000001,-3501953.370000002,8.133e-05
2026-08-12 18:00:00 CST,1786528800000,76.71,76.84,76.62,76.7,335244.46,165013.34999999998,664352460.6745996,934634.0707995892,-5217.7600000000275,-3507171.130000002,8.133e-05
2026-08-12 18:30:00 CST,1786530600000,76.7,76.79,76.67,76.73,163593.46000000002,78310.19,664944747.6078,1148990.3603779078,-6973.080000000007,-3514144.210000002,8.133e-05
2026-08-12 19:00:00 CST,1786532400000,76.73,76.83,76.65,76.79,174065.12,97144.85,664703924.736,462507.67358982563,20224.57999999999,-3493919.630000002,8.133e-05
2026-08-12 19:30:00 CST,1786534200000,76.78,76.82,76.67,76.79,134224.34,78241.79000000001,665357406.5994099,274838.0336099863,22259.239999999998,-3471660.390000002,8.133e-05
2026-08-12 20:00:00 CST,1786536000000,76.8,77.3,76.79,77.15,631853.8999999999,361881.43,667376343.9317608,2168313.979760766,91908.95999999999,-3379751.430000002,8.133e-05
2026-08-12 20:30:00 CST,1786537800000,77.15,77.33,76.32,76.61,1282537.59,536854.01,661021626.3008,-8036158.815700054,-208829.57000000007,-3588581.0000000023,8.133e-05
2026-08-12 21:00:00 CST,1786539600000,76.61,76.63,76.33,76.41,502009.5799999999,233791.55,662576239.4943876,1217375.3763875961,-34426.47999999999,-3623007.480000003,8.133e-05
2026-08-12 21:30:00 CST,1786541400000,76.41,76.45,75.99,76.19,715767.28,359091.58999999997,660843291.2096,-1746540.8514000177,2415.899999999994,-3620591.580000003,8.133e-05
2026-08-12 22:00:00 CST,1786543200000,76.19,76.22,75.71,75.73,867749.52,400825.33,655399903.1910367,-4905544.949393868,-66098.85999999999,-3686690.440000003,8.133e-05
2026-08-12 22:30:00 CST,1786545000000,75.73,75.81,75.36,75.43,967824.8999999999,443072.49,653508509.3698232,-1132556.1800768375,-81679.92,-3768370.360000003,8.133e-05
2026-08-12 23:00:00 CST,1786546800000,75.43,75.84,75.33,75.69,458095.39,248538.58000000002,655817742.8398645,2042866.3458645344,38981.770000000004,-3729388.590000003,8.133e-05
2026-08-12 23:30:00 CST,1786548600000,75.7,75.8,75.57,75.71,196019.03,112934.58000000002,657327091.5126208,1421825.758786559,29850.13,-3699538.460000003,8.133e-05
2026-08-13 00:00:00 CST,1786550400000,75.72,75.81,75.6,75.73,195437.30000000002,102860.67,657267782.6057091,-88421.61769092083,10284.040000000003,-3689254.420000003,-5.256e-05
2026-08-13 00:30:00 CST,1786552200000,75.74,75.74,75.52,75.66,138274.99000000002,85754.61,656847050.1744,-686876.4038000107,33234.229999999996,-3656020.190000003,-5.256e-05
2026-08-13 01:00:00 CST,1786554000000,75.66,75.8,75.63,75.78,135608.95,76850.40000000001,658113522.50433,376737.35043632984,18091.850000000002,-3637928.340000003,-5.256e-05
2026-08-13 01:30:00 CST,1786555800000,75.78,76.03,75.7,75.87,254139.19999999998,119477.04,659139587.2099035,749724.5945523977,-15185.119999999984,-3653113.4600000028,-5.256e-05
2026-08-13 02:00:00 CST,1786557600000,75.87,75.99,75.83,75.92,164270.0,68103.52,657594479.4578105,-116565.80272316933,-28062.96,-3681176.4200000023,-5.256e-05
2026-08-13 02:30:00 CST,1786559400000,75.93,76.06,75.79,75.84,121951.29000000001,46953.71,656731915.6571658,-1049147.710801363,-28043.87,-3709220.290000002,-5.256e-05
2026-08-13 03:00:00 CST,1786561200000,75.84,75.97,75.7,75.82,163667.16,74176.53000000001,655645166.6449426,-841736.8078573942,-15314.1,-3724534.3900000025,-5.256e-05
2026-08-13 03:30:00 CST,1786563000000,75.81,75.82,75.55,75.72,165260.65,66284.16,654667242.3210695,-1665572.1218304634,-32692.329999999994,-3757226.720000002,-5.256e-05
2026-08-13 04:00:00 CST,1786564800000,75.72,75.85,75.7,75.85,102356.97,53626.350000000006,655138831.5923623,108758.36765313148,4895.730000000001,-3752330.990000002,-5.256e-05
2026-08-13 04:30:00 CST,1786566600000,75.84,75.98,75.84,75.9,118755.65,62516.97,655935136.3012,330337.1684757471,6278.290000000001,-3746052.7000000025,-5.256e-05
2026-08-13 05:00:00 CST,1786568400000,75.9,75.97,75.4,75.5,279661.88,138490.2,652231648.6492,-3511164.545637965,-2681.4800000000105,-3748734.1800000025,-5.256e-05
2026-08-13 05:30:00 CST,1786570200000,75.5,75.66,75.39,75.43,167587.03,89957.45000000001,649152232.9837534,-659195.9795541763,12327.869999999995,-3736406.310000003,-5.256e-05
2026-08-13 06:00:00 CST,1786572000000,75.43,75.63,75.27,75.53,196666.79,82001.78,650900399.0980675,2332766.8240128756,-32663.230000000003,-3769069.540000003,-5.256e-05
2026-08-13 06:30:00 CST,1786573800000,75.53,75.54,75.37,75.48,148066.36,61458.89,651151717.3293887,259698.49775207043,-25148.58,-3794218.120000003,-5.256e-05
2026-08-13 07:00:00 CST,1786575600000,75.48,75.54,75.34,75.45,121001.43000000001,56503.899999999994,650005210.1808,-1341478.9464000463,-7993.629999999997,-3802211.750000003,-5.256e-05
2026-08-13 07:30:00 CST,1786577400000,75.45,75.6,75.44,75.59,102380.39,50935.729999999996,651630789.9519,612977.4369000196,-508.9299999999912,-3802720.6800000025,-5.256e-05
2026-08-13 08:00:00 CST,1786579200000,75.59,75.85,75.55,75.76,254777.94,129830.9,651386593.1703297,-542152.6124702692,4883.859999999999,-3797836.820000003,-6.47e-05
2026-08-13 08:30:00 CST,1786581000000,75.76,75.77,75.52,75.57,209818.46,80607.37000000001,649760846.4965,-2257292.081355214,-48603.72,-3846440.540000003,-6.47e-05
2026-08-13 09:00:00 CST,1786582800000,75.57,75.72,75.43,75.51,152304.0,73863.6,648477167.9659,-602682.4080893993,-4576.799999999996,-3851017.340000003,-6.47e-05
2026-08-13 09:30:00 CST,1786584600000,75.5,75.76,75.49,75.6,127058.78,68758.45999999999,648539746.141,1033149.4800651073,10458.139999999996,-3840559.200000003,-6.47e-05
2026-08-13 10:00:00 CST,1786586400000,75.6,75.67,75.52,75.63,92628.95,49647.119999999995,648420051.636,507436.2720000744,6665.289999999998,-3833893.910000003,-6.47e-05
2026-08-13 10:30:00 CST,1786588200000,75.63,75.94,75.48,75.94,221360.64,150776.61,652525328.505,3454773.3049474955,80192.57999999999,-3753701.3300000033,-6.47e-05
2026-08-13 11:00:00 CST,1786590000000,75.94,76.24,75.92,76.2,515398.33999999997,260015.88999999996,654345262.1150985,1101071.2414984703,4633.439999999973,-3749067.890000003,-6.47e-05
2026-08-13 11:30:00 CST,1786591800000,76.2,76.29,76.13,76.23,285416.95,143134.67,652030024.8231,-441525.89310002327,852.3899999999994,-3748215.500000003,-6.47e-05
2026-08-13 12:00:00 CST,1786593600000,76.23,76.25,75.99,76.06,169899.18,55134.85,649651623.5042111,-1894890.1167889833,-59629.48000000001,-3807844.9800000032,-6.47e-05
2026-08-13 12:30:00 CST,1786595400000,76.06,76.17,76.05,76.1,123078.37000000001,73246.95,650592918.1434,1069824.8219999075,23415.530000000002,-3784429.450000003,-6.47e-05
2026-08-13 13:00:00 CST,1786597200000,76.1,76.36,76.04,76.35,232442.63999999996,142656.58999999997,652621280.7312,1868688.3744000196,52870.53999999999,-3731558.910000003,-6.47e-05
2026-08-13 13:30:00 CST,1786599000000,76.35,76.6,76.27,76.47,374003.27,199469.58,651855597.3,-863064.5788000822,24935.88999999997,-3706623.020000003,-6.47e-05
2026-08-13 14:00:00 CST,1786600800000,76.47,76.51,76.38,76.39,151173.14,61295.84,650667005.6802597,-780368.8478168249,-28581.460000000014,-3735204.4800000032,-6.47e-05
2026-08-13 14:30:00 CST,1786602600000,76.4,76.49,76.29,76.48,132995.52000000002,69419.47,650353953.32,7324.703600049019,5843.4200000000055,-3729361.060000003,-6.47e-05
2026-08-13 15:00:00 CST,1786604400000,76.49,76.51,76.35,76.46,119485.08,53225.66,649814949.8681202,-1206652.9858037233,-13033.76,-3742394.820000003,-6.47e-05
2026-08-13 15:30:00 CST,1786606200000,76.46,76.48,76.35,76.41,103348.72,47589.83,649808234.996,132049.7527937889,-8169.060000000001,-3750563.880000003,-6.47e-05
2026-08-13 16:00:00 CST,1786608000000,76.41,76.45,76.2,76.22,140365.9,51070.79,648373884.5591538,-1422370.8117462397,-38224.32000000001,-3788788.2000000034,5.877e-05
2026-08-13 16:30:00 CST,1786609800000,76.22,76.23,76.13,76.18,134026.14,47081.11,648547153.5235,356130.270727396,-39863.92,-3828652.120000003,5.877e-05
2026-08-13 17:00:00 CST,1786611600000,76.18,76.18,75.84,75.96,323886.48,133717.37,644886226.3650548,-3970084.19454515,-56451.740000000005,-3885103.8600000036,5.877e-05
2026-08-13 17:30:00 CST,1786613400000,75.96,76.14,75.89,76.11,163926.08000000002,98717.12999999999,646499221.214,1888458.631899953,33508.179999999986,-3851595.6800000034,5.877e-05
2026-08-13 18:00:00 CST,1786615200000,76.12,76.15,75.77,75.79,471196.18,182347.55000000002,649391317.0621074,2817443.6442699432,-106501.08,-3958096.760000003,5.877e-05
2026-08-13 18:30:00 CST,1786617000000,75.79,75.79,75.64,75.7,239349.68000000002,117093.31,648275879.2466496,-1056795.7872503996,-5163.060000000001,-3963259.8200000036,5.877e-05
2026-08-13 19:00:00 CST,1786618800000,75.7,75.71,75.51,75.56,231922.68999999997,81977.57,649414648.2604625,1298826.556570053,-67967.55,-4031227.3700000034,5.877e-05
2026-08-13 19:30:00 CST,1786620600000,75.56,75.68,75.51,75.61,232046.84,135680.82,650767986.4887,1507217.0658473969,39314.8,-3991912.5700000036,5.877e-05
2026-08-13 20:00:00 CST,1786622400000,75.61,75.9,75.59,75.83,234384.36,145277.2,652509862.281,1789521.8206000328,56170.04,-3935742.530000003,5.877e-05
2026-08-13 20:30:00 CST,1786624200000,75.83,76.11,75.72,76.08,309134.07,186767.43,652496652.9468,424028.3842699528,64400.79,-3871341.7400000035,5.877e-05
2026-08-13 21:00:00 CST,1786626000000,76.09,76.19,76.0,76.03,231033.33,102950.67000000001,650565884.98,-1949685.2962594032,-25131.989999999998,-3896473.7300000037,5.877e-05
2026-08-13 21:30:00 CST,1786627800000,76.03,76.33,76.01,76.16,345771.82,182019.25000000003,651363022.7200625,1271152.8504624367,18266.679999999982,-3878207.050000004,5.877e-05
2026-08-13 22:00:00 CST,1786629600000,76.16,76.44,76.1,76.26,294763.88,155575.07,650259315.6996,-837041.0202000141,16386.26,-3861820.7900000038,5.877e-05
2026-08-13 22:30:00 CST,1786631400000,76.26,76.56,76.21,76.43,408301.23,230958.41999999998,650906642.4506,1410035.221253395,53615.60999999997,-3808205.1800000034,5.877e-05
2026-08-13 23:00:00 CST,1786633200000,76.42,76.51,75.94,76.03,336928.69,113165.09,648348025.2618,-2360041.035599947,-110598.51000000001,-3918803.690000003,5.877e-05
2026-08-13 23:30:00 CST,1786635000000,76.02,76.16,75.59,75.61,488194.92000000004,211463.06,642960126.8427,-3896674.1765999794,-65268.79999999998,-3984072.490000003,5.877e-05
2026-08-14 00:00:00 CST,1786636800000,75.6,75.85,75.48,75.62,585911.86,306468.43000000005,645842888.8626,4360925.035844088,27025.000000000015,-3957047.4900000035,-4.9e-06
2026-08-14 00:30:00 CST,1786638600000,75.63,75.68,75.04,75.56,1100682.55,530570.22,645231020.7159,1087818.987099886,-39542.110000000044,-3996589.600000004,-4.9e-06
2026-08-14 01:00:00 CST,1786640400000,75.56,75.85,75.51,75.78,353034.70999999996,204089.05999999997,649021125.684,3069501.342400074,55143.41,-3941446.190000004,-4.9e-06
2026-08-14 01:30:00 CST,1786642200000,75.78,75.91,75.71,75.74,189831.63,89458.26999999999,647798430.4344,-1528306.8938246965,-10915.090000000002,-3952361.280000004,-4.9e-06
2026-08-14 02:00:00 CST,1786644000000,75.73,75.92,75.71,75.72,139837.52,71907.21,647009114.3087,-459565.37300026417,3976.899999999994,-3948384.3800000036,-4.9e-06
2026-08-14 02:30:00 CST,1786645800000,75.72,76.07,75.64,75.98,254611.73999999996,140843.99,649826888.2659395,3417996.9523299932,27076.24000000002,-3921308.140000004,-4.9e-06
2026-08-14 03:00:00 CST,1786647600000,75.97,76.25,75.94,76.1,325356.86,162386.57000000004,649395859.0300192,-149414.0104150772,-583.7199999999866,-3921891.860000004,-4.9e-06
2026-08-14 03:30:00 CST,1786649400000,76.09,76.17,76.02,76.17,205582.8,81226.04000000001,649996352.7414,-91974.62942671776,-43130.72,-3965022.580000004,-4.9e-06
2026-08-14 04:00:00 CST,1786651200000,76.16,76.31,76.11,76.23,286774.69,143436.28,649305568.1736,-1459594.9572787285,97.86999999998807,-3964924.710000004,-4.9e-06
2026-08-14 04:30:00 CST,1786653000000,76.22,76.3,76.14,76.18,113989.67,54773.920000000006,649471201.029,-614467.2147499323,-4441.83,-3969366.5400000047,-4.9e-06
2026-08-14 05:00:00 CST,1786654800000,76.18,76.27,76.13,76.15,107764.93,51821.92999999999,649757660.2931069,-113009.38996434212,-4121.0700000000015,-3973487.610000005,-4.9e-06
2026-08-14 05:30:00 CST,1786656600000,76.14,76.23,76.08,76.17,113417.36,57856.98,648591689.8395,-560620.3454408646,2296.600000000006,-3971191.010000005,-4.9e-06
2026-08-14 06:00:00 CST,1786658400000,76.18,76.41,76.16,76.38,195883.35000000003,104648.90000000001,651019231.3002,2358428.7331870794,13414.45,-3957776.5600000047,-4.9e-06
2026-08-14 06:30:00 CST,1786660200000,76.39,76.39,76.21,76.21,125018.94,48222.91,649014710.1024,-2123379.2556266785,-28573.120000000006,-3986349.6800000053,-4.9e-06
2026-08-14 07:00:00 CST,1786662000000,76.21,76.22,76.1,76.19,136106.55,67896.73000000001,648681696.0962,71106.28585386276,-313.0899999999983,-3986662.7700000056,-4.9e-06
2026-08-14 07:30:00 CST,1786663800000,76.19,76.27,76.17,76.23,99413.87,60914.780000000006,647795360.3573701,-856393.6446298361,22415.69000000001,-3964247.080000005,-4.9e-06
2026-08-14 08:00:00 CST,1786665600000,76.23,76.29,76.07,76.08,161432.93,85848.29999999999,648158600.73671,101143.80520999432,10263.67000000001,-3953983.410000005,5.622e-05
2026-08-14 08:30:00 CST,1786667400000,76.07,76.17,75.95,76.06,211079.92,94828.36,648970407.42,1305731.3687999249,-21423.199999999997,-3975406.6100000045,5.622e-05
2026-08-14 09:00:00 CST,1786669200000,76.06,76.08,75.86,75.97,152875.17,84729.15999999999,648515728.7043,-311419.30348575115,16583.15,-3958823.4600000046,5.622e-05
2026-08-14 09:30:00 CST,1786671000000,75.96,76.15,75.94,76.06,82521.6,50869.15,649422827.987,1660999.2179999352,19216.699999999997,-3939606.7600000044,5.622e-05
2026-08-14 10:00:00 CST,1786672800000,76.06,76.17,75.96,76.02,93398.67,51847.020000000004,648969002.2280396,-520785.9405603409,10295.370000000006,-3929311.390000004,5.622e-05
2026-08-14 10:30:00 CST,1786674600000,76.01,76.15,75.97,76.0,79316.05,33603.11,650062527.0568,1052418.336400032,-12109.830000000002,-3941421.220000004,5.622e-05
2026-08-14 11:00:00 CST,1786676400000,75.99,76.03,75.75,75.95,282417.29000000004,91527.06999999999,644467646.96,-5356505.131958246,-99363.14999999998,-4040784.3700000043,5.622e-05
2026-08-14 11:30:00 CST,1786678200000,75.94,75.95,75.71,75.73,155772.06999999998,70537.89,642988334.5144,-783664.9933999777,-14696.289999999994,-4055480.6600000043,5.622e-05
2026-08-14 12:00:00 CST,1786680000000,75.73,75.99,75.7,75.9,102206.54000000001,58836.32000000001,643916393.2642324,1105679.5378323793,15466.1,-4040014.5600000042,5.622e-05
2026-08-14 12:30:00 CST,1786681800000,75.9,75.92,75.78,75.81,53385.75,23874.87,643481556.8928,-108312.62661743164,-5636.010000000002,-4045650.5700000045,5.622e-05
2026-08-14 13:00:00 CST,1786683600000,75.8,75.87,75.76,75.84,63730.73,34125.4,643144641.2494866,-7696.702634930611,4520.0700000000015,-4041130.5000000047,5.622e-05
2026-08-14 13:30:00 CST,1786685400000,75.83,75.95,75.81,75.89,73469.29999999999,40981.03,644368872.4135,462453.77349996567,8492.76,-4032637.740000005,5.622e-05
2026-08-14 14:00:00 CST,1786687200000,75.88,75.89,75.57,75.58,204628.41,96065.81,642000511.7009848,-2278307.361815214,-12496.789999999997,-4045134.530000005,5.622e-05
2026-08-14 14:30:00 CST,1786689000000,75.57,75.66,75.48,75.5,303338.44,153871.9,642817026.2734176,527836.2316576242,4405.360000000001,-4040729.1700000046,5.622e-05
2026-08-14 15:00:00 CST,1786690800000,75.5,75.7,75.45,75.65,243472.86000000002,154686.31,647222148.9541625,3318930.617182493,65899.76000000001,-3974829.410000005,5.622e-05
2026-08-14 15:30:00 CST,1786692600000,75.65,75.66,75.5,75.55,110763.53000000001,53500.86,646958020.7051,-436918.97799003124,-3761.8099999999995,-3978591.2200000044,5.622e-05
2026-08-14 16:00:00 CST,1786694400000,75.54,75.69,75.52,75.63,208263.39,103582.56999999999,646989881.0557,346311.39276862144,-1098.25,-3979689.470000005,2.264e-05
2026-08-14 16:30:00 CST,1786696200000,75.62,75.84,75.6,75.82,217949.16,121831.23,649235583.8104111,1240736.3652111292,25713.299999999996,-3953976.1700000046,2.264e-05
2026-08-14 17:00:00 CST,1786698000000,75.83,75.84,75.66,75.66,131536.99000000002,51821.28,649748129.5144,212881.25660848618,-27894.43,-3981870.6000000047,2.264e-05
2026-08-14 17:30:00 CST,1786699800000,75.66,75.67,75.37,75.44,309672.84,133716.26,646605017.6588235,-2102412.3495492935,-42240.31999999998,-4024110.9200000046,2.264e-05
2026-08-14 18:00:00 CST,1786701600000,75.45,75.61,75.39,75.48,189337.63999999998,101598.8,647790457.8510022,1907918.7090022564,13859.959999999995,-4010250.960000004,2.264e-05
2026-08-14 18:30:00 CST,1786703400000,75.48,75.54,75.3,75.35,322289.64,106368.94,647087106.9568,-1093762.3424034119,-109551.76000000001,-4119802.7200000044,2.264e-05
2026-08-14 19:00:00 CST,1786705200000,75.35,75.56,75.34,75.49,193754.35000000003,116176.09,644370830.9949783,464633.99312865734,38597.83,-4081204.890000005,2.264e-05
2026-08-14 19:30:00 CST,1786707000000,75.49,75.56,75.45,75.49,97512.75,44888.39,645322881.3568,373372.68787944317,-7735.970000000002,-4088940.8600000055,2.264e-05
2026-08-14 20:00:00 CST,1786708800000,75.49,75.54,75.29,75.5,195963.86,96766.66,644793239.4552,-437620.52790009975,-2430.540000000001,-4091371.4000000055,2.264e-05
2026-08-14 20:30:00 CST,1786710600000,75.5,75.56,75.33,75.42,166752.27,66127.36,644753074.3612,-542199.8932129145,-34497.549999999996,-4125868.9500000062,2.264e-05
2026-08-14 21:00:00 CST,1786712400000,75.43,75.44,75.24,75.32,251441.38,113262.22,645444997.3285007,492207.71060073376,-24916.940000000006,-4150785.8900000066,2.264e-05
2026-08-14 21:30:00 CST,1786714200000,75.33,75.39,75.2,75.32,238092.43,116446.49000000002,645380518.2018598,-332004.5479185581,-5199.450000000001,-4155985.3400000073,2.264e-05
2026-08-14 22:00:00 CST,1786716000000,75.32,75.38,75.01,75.2,440339.99,155132.91,643078277.7624,-3054890.5671999454,-130074.16999999997,-4286059.510000007,2.264e-05
2026-08-14 22:30:00 CST,1786717800000,75.2,75.37,75.13,75.22,279085.55,123463.93,643824662.7955,52993.09950006008,-32157.690000000006,-4318217.200000008,2.264e-05
2026-08-14 23:00:00 CST,1786719600000,75.22,75.55,75.15,75.53,209198.34000000003,121075.36,645025665.7649001,719225.0002089739,32952.380000000005,-4285264.820000008,2.264e-05
2026-08-14 23:30:00 CST,1786721400000,75.53,75.73,75.38,75.6,357793.54000000004,170098.27,647406751.0628227,1892808.1091227531,-17597.000000000004,-4302861.820000008,2.264e-05
2026-08-15 00:00:00 CST,1786723200000,75.6,75.67,75.49,75.52,302738.84,128104.90000000001,647714164.9118041,882842.554066062,-46529.04,-4349390.860000008,-6.847e-05
2026-08-15 00:30:00 CST,1786725000000,75.52,75.65,75.4,75.41,273134.34,110040.71999999999,647530088.3960456,110079.2214564085,-53052.9,-4402443.760000007,-6.847e-05
2026-08-15 01:00:00 CST,1786726800000,75.42,75.63,75.39,75.54,154584.19999999998,66684.46,649593855.1228169,2581088.1416220665,-21215.28,-4423659.0400000075,-6.847e-05
2026-08-15 01:30:00 CST,1786728600000,75.54,75.61,75.11,75.24,304549.02,104118.47,646940079.516,-2432586.2184402943,-96312.07999999999,-4519971.120000008,-6.847e-05
2026-08-15 02:00:00 CST,1786730400000,75.24,75.25,74.88,75.11,512421.56,205774.44,649529642.0305,1825321.039300084,-100872.68000000001,-4620843.800000007,-6.847e-05
2026-08-15 02:30:00 CST,1786732200000,75.11,75.15,74.88,74.91,241198.02000000002,111233.94,649607006.5055,-422037.76460802555,-18730.140000000003,-4639573.940000007,-6.847e-05
2026-08-15 03:00:00 CST,1786734000000,74.92,74.92,74.61,74.79,734186.9099999999,296265.0,652750678.0953,3294874.6776999235,-141656.90999999997,-4781230.850000007,-6.847e-05
2026-08-15 03:30:00 CST,1786735800000,74.78,75.05,74.73,74.95,272497.47,153053.46,656331648.7751402,3009140.6161077023,33609.44999999999,-4747621.400000008,-6.847e-05
2026-08-15 04:00:00 CST,1786737600000,74.95,75.17,74.91,75.15,222346.21,120715.63999999998,656369706.4245,1072688.3629920483,19085.069999999996,-4728536.3300000075,-6.847e-05
2026-08-15 04:30:00 CST,1786739400000,75.15,75.21,75.07,75.11,135438.62,73598.32999999999,655501733.0498,-807453.8881999254,11758.039999999999,-4716778.290000008,-6.847e-05
2026-08-15 05:00:00 CST,1786741200000,75.11,75.2,75.04,75.16,114038.0,49999.659999999996,655856379.8246,576524.4916000366,-14038.680000000004,-4730816.970000009,-6.847e-05
2026-08-15 05:30:00 CST,1786743000000,75.16,75.18,75.07,75.15,77270.20000000001,31516.600000000002,653482941.4948,-1720252.5144000053,-14237.0,-4745053.970000008,-6.847e-05
2026-08-15 06:00:00 CST,1786744800000,75.14,75.24,74.92,74.94,217179.81000000003,84679.57,652242179.03,-1610172.2335000038,-47820.67,-4792874.640000008,-6.847e-05
2026-08-15 06:30:00 CST,1786746600000,74.94,75.19,74.94,75.15,131404.53,97516.04,652896634.6468534,1524447.7133533955,63627.54999999999,-4729247.090000008,-6.847e-05
2026-08-15 07:00:00 CST,1786748400000,75.15,75.31,75.11,75.28,114813.24,71326.73999999999,653480261.9731,564109.7765752077,27840.239999999994,-4701406.850000008,-6.847e-05
2026-08-15 07:30:00 CST,1786750200000,75.29,75.38,75.21,75.37,125099.81000000003,64861.229999999996,652529532.6932,-628725.3960446119,4622.649999999995,-4696784.200000008,-6.847e-05
2026-08-15 08:00:00 CST,1786752000000,75.37,75.39,75.31,75.34,92354.94999999998,39346.8,651819938.627,-870672.915700078,-13661.35,-4710445.550000007,-0.00010912
2026-08-15 08:30:00 CST,1786753800000,75.34,75.4,75.29,75.32,72600.88,35412.21,651454294.573952,-314258.36704802513,-1776.4599999999982,-4712222.010000007,-0.00010912
2026-08-15 09:00:00 CST,1786755600000,75.32,75.43,75.25,75.38,135529.89,66565.94,652377909.2841456,1063519.5805455446,-2398.0099999999975,-4714620.020000007,-0.00010912
2026-08-15 09:30:00 CST,1786757400000,75.38,75.42,75.35,75.38,83453.57999999999,51503.00000000001,652011065.1403415,-115866.23758840561,19552.42,-4695067.600000007,-0.00010912
2026-08-15 10:00:00 CST,1786759200000,75.38,75.59,75.36,75.53,197452.72000000003,112195.48,653565150.694,1366984.4850000143,26938.239999999998,-4668129.360000007,-0.00010912
2026-08-15 10:30:00 CST,1786761000000,75.52,75.65,75.51,75.63,169293.88,96762.92000000003,653790098.0038,582724.8127000332,24231.96,-4643897.400000007,-0.00010912
2026-08-15 11:00:00 CST,1786762800000,75.63,75.68,75.55,75.59,131445.07,66546.81000000001,654531050.965,-128873.31131613255,1648.5499999999975,-4642248.850000007,-0.00010912
2026-08-15 11:30:00 CST,1786764600000,75.58,75.62,75.37,75.39,165153.27,46201.06,650911518.5005426,-3394359.6811573505,-72751.15,-4715000.000000008,-0.00010912
2026-08-15 12:00:00 CST,1786766400000,75.38,75.57,75.33,75.54,151532.49000000002,89030.41,651802536.47176,1417205.6947600842,26528.33,-4688471.670000007,-0.00010912
2026-08-15 12:30:00 CST,1786768200000,75.54,75.57,75.49,75.5,82562.5,31507.85,652076031.8707062,-303872.3986263275,-19546.800000000003,-4708018.470000007,-0.00010912
2026-08-15 13:00:00 CST,1786770000000,75.49,75.56,75.43,75.44,125896.0,59328.81,651222111.7011,-341639.64785194397,-7238.379999999997,-4715256.850000006,-0.00010912
2026-08-15 13:30:00 CST,1786771800000,75.43,75.46,75.27,75.32,144721.1,60859.85,649977104.5785,-1053494.095099926,-23001.40000000001,-4738258.250000006,-0.00010912
2026-08-15 14:00:00 CST,1786773600000,75.31,75.37,75.24,75.29,97391.11,49839.61,650275646.5090907,609186.8514906168,2288.1099999999988,-4735970.140000006,-0.00010912
2026-08-15 14:30:00 CST,1786775400000,75.28,75.46,75.28,75.39,80776.87,49531.63,651460853.0572,1367821.9289000034,18286.39,-4717683.7500000065,-0.00010912
2026-08-15 15:00:00 CST,1786777200000,75.4,75.4,75.26,75.29,111054.72,46499.579999999994,650046439.0583677,-1197213.660725236,-18055.56,-4735739.310000007,-0.00010912
2026-08-15 15:30:00 CST,1786779000000,75.28,75.29,75.16,75.2,132291.40000000002,47008.170000000006,648361518.7914,-1466741.4997000694,-38275.06,-4774014.370000007,-0.00010912
2026-08-15 16:00:00 CST,1786780800000,75.19,75.27,75.12,75.22,111687.96,49632.1,649019243.8625,698626.9024999142,-12423.760000000006,-4786438.130000007,6.794e-05
2026-08-15 16:30:00 CST,1786782600000,75.22,75.23,75.03,75.05,146337.95,55338.24,647760930.5088,-1441960.4323779345,-35661.47,-4822099.600000008,6.794e-05
2026-08-15 17:00:00 CST,1786784400000,75.04,75.15,75.0,75.13,141191.91,68094.73999999999,648128287.452,323651.7346355915,-5002.430000000004,-4827102.030000009,6.794e-05
2026-08-15 17:30:00 CST,1786786200000,75.13,75.21,75.12,75.19,76102.43999999999,46227.03999999999,649070230.8945,896489.7696678638,16351.639999999998,-4810750.39000001,6.794e-05
2026-08-15 18:00:00 CST,1786788000000,75.19,75.31,75.16,75.27,100436.2,59377.420000000006,649268377.5747,280206.82094085217,18318.640000000007,-4792431.75000001,6.794e-05
2026-08-15 18:30:00 CST,1786789800000,75.26,75.3,75.21,75.24,65753.97,34976.7,649485772.7572424,361813.15281271935,4199.43,-4788232.320000011,6.794e-05
2026-08-15 19:00:00 CST,1786791600000,75.25,75.27,75.21,75.22,56636.22,27943.480000000003,649198852.0563581,-475793.20804190636,-749.2600000000002,-4788981.580000011,6.794e-05
2026-08-15 19:30:00 CST,1786793400000,75.22,75.26,75.17,75.2,44626.87,17864.0,649068033.7154758,-45657.673374056816,-8898.869999999999,-4797880.450000011,6.794e-05
2026-08-15 20:00:00 CST,1786795200000,75.21,75.21,75.16,75.17,63319.22999999999,28574.5,649185250.8569617,214007.7423160076,-6170.229999999996,-4804050.680000011,6.794e-05
2026-08-15 20:30:00 CST,1786797000000,75.17,75.38,75.16,75.37,80081.03,51255.45999999999,649579112.2698712,320975.30925929546,22429.89,-4781620.79000001,6.794e-05
2026-08-15 21:00:00 CST,1786798800000,75.37,75.45,75.35,75.42,142196.95,81288.26999999999,651910233.3166,1159213.1452362537,20379.589999999997,-4761241.200000011,6.794e-05
2026-08-15 21:30:00 CST,1786800600000,75.42,75.53,75.41,75.53,170532.19999999998,94500.93,651903302.5434,81426.58920001984,18469.660000000003,-4742771.540000012,6.794e-05
2026-08-15 22:00:00 CST,1786802400000,75.53,75.53,75.4,75.45,139517.01,55925.689999999995,651694402.0905,-637437.6023000479,-27665.63,-4770437.170000012,6.794e-05
2026-08-15 22:30:00 CST,1786804200000,75.45,75.54,75.4,75.41,106230.66,49086.37,651589695.8831,28172.650475621223,-8057.919999999995,-4778495.090000013,6.794e-05
2026-08-15 23:00:00 CST,1786806000000,75.4,75.46,75.32,75.41,131691.53,66885.45,650283678.5656799,-670832.823726058,2079.3700000000026,-4776415.720000013,6.794e-05
2026-08-15 23:30:00 CST,1786807800000,75.41,75.5,75.41,75.49,72612.83,43075.33,652603581.756636,1377195.6567360163,13537.83,-4762877.890000014,6.794e-05
2026-08-16 00:00:00 CST,1786809600000,75.49,75.5,75.37,75.46,78389.53999999998,33095.92,652209745.488,-329573.9139999151,-12197.7,-4775075.590000014,-9.423e-05
2026-08-16 00:30:00 CST,1786811400000,75.46,75.48,75.39,75.45,55320.68,18417.640000000003,652866185.106,417376.477899909,-18485.4,-4793560.990000014,-9.423e-05
2026-08-16 01:00:00 CST,1786813200000,75.45,75.62,75.44,75.52,177343.0,107302.90000000001,653283106.2515773,392686.60557723045,37262.8,-4756298.190000014,-9.423e-05
2026-08-16 01:30:00 CST,1786815000000,75.51,75.64,75.51,75.61,92478.99,53280.45999999999,653707177.704,546497.8816504478,14081.929999999997,-4742216.260000014,-9.423e-05
2026-08-16 02:00:00 CST,1786816800000,75.62,75.64,75.46,75.48,153095.4,54649.689999999995,652483060.8103476,-1650250.7216523886,-43796.020000000004,-4786012.280000013,-9.423e-05
2026-08-16 02:30:00 CST,1786818600000,75.47,75.56,75.47,75.51,64676.49999999999,28362.45,652232819.4206263,-22283.013373732567,-7951.599999999994,-4793963.880000013,-9.423e-05
2026-08-16 03:00:00 CST,1786820400000,75.52,75.53,75.47,75.49,45618.26,22569.1,652391386.3467,221504.5802999735,-480.05999999999904,-4794443.9400000125,-9.423e-05
2026-08-16 03:30:00 CST,1786822200000,75.49,75.52,75.48,75.52,35273.729999999996,20722.510000000002,652652746.8444,343663.38940000534,6171.290000000001,-4788272.6500000125,-9.423e-05
2026-08-16 04:00:00 CST,1786824000000,75.52,75.52,75.37,75.42,119579.54000000001,35192.479999999996,650746890.4950227,-2036005.2361773252,-49194.58,-4837467.2300000135,-9.423e-05
2026-08-16 04:30:00 CST,1786825800000,75.42,75.53,75.4,75.49,86666.67,45043.15000000001,651032204.1024992,62246.935180068016,3419.6300000000074,-4834047.6000000145,-9.423e-05
2026-08-16 05:00:00 CST,1786827600000,75.49,75.63,75.48,75.63,56566.9,43467.97,652605028.74,477731.4932999611,30369.039999999997,-4803678.5600000145,-9.423e-05
2026-08-16 05:30:00 CST,1786829400000,75.63,75.7,75.58,75.58,114976.15,55386.60999999999,651725424.9024467,-893439.8621532917,-4202.929999999998,-4807881.490000013,-9.423e-05
2026-08-16 06:00:00 CST,1786831200000,75.58,75.65,75.55,75.59,99019.09999999999,48809.619999999995,651601250.332105,502124.74609577656,-1399.8600000000006,-4809281.350000013,-9.423e-05
2026-08-16 06:30:00 CST,1786833000000,75.58,75.62,75.51,75.54,74262.17,30496.36,651674175.4446,26328.148999929428,-13269.449999999999,-4822550.800000014,-9.423e-05
2026-08-16 07:00:00 CST,1786834800000,75.54,75.54,75.28,75.32,234201.78999999998,101581.57,648932742.2628378,-2411130.025229931,-31038.65,-4853589.450000015,-9.423e-05
2026-08-16 07:30:00 CST,1786836600000,75.32,75.35,75.27,75.3,98594.45,45499.68,649151165.1639,165949.52789998055,-7595.090000000001,-4861184.540000015,-9.423e-05
2026-08-16 08:00:00 CST,1786838400000,75.31,75.4,75.23,75.36,168853.87000000002,78217.67,649885033.3353859,532270.8401163816,-12418.53,-4873603.070000015,-4.786e-05
2026-08-16 08:30:00 CST,1786840200000,75.36,75.46,75.36,75.43,89554.95999999999,48784.590000000004,650537872.296,52966.81575477123,8014.220000000004,-4865588.850000015,-4.786e-05
2026-08-16 09:00:00 CST,1786842000000,75.43,75.45,75.32,75.32,83782.88,34000.100000000006,651003675.7875,-75577.91409993172,-15782.679999999997,-4881371.530000015,-4.786e-05
2026-08-16 09:30:00 CST,1786843800000,75.32,75.41,75.26,75.39,131023.03,75167.94,651117024.316366,645017.9788905382,19312.85,-4862058.680000015,-4.786e-05
2026-08-16 10:00:00 CST,1786845600000,75.39,75.57,75.23,75.56,194937.39,108333.3,651905369.628,292972.36349999905,21729.210000000006,-4840329.470000014,-4.786e-05
2026-08-16 10:30:00 CST,1786847400000,75.55,75.62,75.48,75.54,132598.89,61918.35999999999,651873102.2052972,-1920378.239370942,-8762.170000000002,-4849091.640000014,-4.786e-05
2026-08-16 11:00:00 CST,1786849200000,75.54,75.62,75.52,75.54,117967.62,48061.0,651791178.9580168,-281505.9499235153,-21845.619999999995,-4870937.260000014,-4.786e-05
2026-08-16 11:30:00 CST,1786851000000,75.54,75.58,75.53,75.53,50070.310000000005,19185.399999999998,650701223.0916,-752268.5228743553,-11699.509999999998,-4882636.7700000135,-4.786e-05
2026-08-16 12:00:00 CST,1786852800000,75.53,75.57,75.47,75.54,79020.09999999999,34203.590000000004,650453699.6628,-135732.5382000208,-10612.919999999998,-4893249.690000013,-4.786e-05
2026-08-16 12:30:00 CST,1786854600000,75.55,75.55,75.39,75.41,66042.57,22325.800000000003,649716767.4589,-901650.4377394915,-21390.97,-4914640.660000013,-4.786e-05
2026-08-16 13:00:00 CST,1786856400000,75.41,75.48,75.32,75.33,128894.35999999999,74907.73999999999,648760613.340044,-574839.8622559309,20921.119999999995,-4893719.540000012,-4.786e-05
2026-08-16 13:30:00 CST,1786858200000,75.33,75.4,75.3,75.31,100992.79,55550.909999999996,647991061.4686685,-196672.9819315672,10109.030000000002,-4883610.510000012,-4.786e-05
2026-08-16 14:00:00 CST,1786860000000,75.31,75.34,75.24,75.32,148147.56,60488.98,649239598.6048986,1198029.3832279444,-27169.6,-4910780.1100000115,-4.786e-05
2026-08-16 14:30:00 CST,1786861800000,75.31,75.49,75.29,75.33,146849.57,83668.45999999999,651704828.845776,1846814.6109759808,20487.350000000002,-4890292.760000012,-4.786e-05
2026-08-16 15:00:00 CST,1786863600000,75.34,75.43,75.3,75.39,63504.71,36204.47,652394917.2750455,835646.0167524815,8904.229999999996,-4881388.530000011,-4.786e-05
2026-08-16 15:30:00 CST,1786865400000,75.39,75.44,75.37,75.43,31329.1,18258.56,652580775.0294,72619.30139994621,5188.020000000001,-4876200.510000011,-4.786e-05
2026-08-16 16:00:00 CST,1786867200000,75.43,75.44,75.36,75.39,43423.68,17442.39,652757953.3974748,-244511.57621347904,-8538.900000000001,-4884739.41000001,-2.592e-05
2026-08-16 16:30:00 CST,1786869000000,75.39,75.45,75.39,75.43,46132.100000000006,22409.18,652806688.4294312,183362.8924279213,-1313.7400000000007,-4886053.150000011,-2.592e-05
2026-08-16 17:00:00 CST,1786870800000,75.42,75.44,75.36,75.38,54904.75000000001,21814.68,652359466.8897828,-578901.7381534576,-11275.39,-4897328.540000011,-2.592e-05
2026-08-16 17:30:00 CST,1786872600000,75.38,75.41,75.21,75.27,199194.42,72059.92,653802864.0105522,1465555.8897285461,-55074.58,-4952403.12000001,-2.592e-05
2026-08-16 18:00:00 CST,1786874400000,75.27,75.28,75.13,75.17,158043.88,63208.5,654012665.4096519,258424.09655618668,-31626.880000000005,-4984030.000000011,-2.592e-05
2026-08-16 18:30:00 CST,1786876200000,75.17,75.26,75.12,75.22,102705.45999999999,56532.409999999996,655594756.3062,1056754.799178481,10359.359999999997,-4973670.640000011,-2.592e-05
2026-08-16 19:00:00 CST,1786878000000,75.23,75.28,75.2,75.25,65356.09000000001,36850.56,656039921.328,242337.6156411171,8345.029999999999,-4965325.61000001,-2.592e-05
2026-08-16 19:30:00 CST,1786879800000,75.25,75.26,75.18,75.25,51245.3,26570.46,655484845.7666428,-588546.8881416321,1895.619999999999,-4963429.9900000105,-2.592e-05
2026-08-16 20:00:00 CST,1786881600000,75.25,75.25,75.17,75.25,61939.96000000001,35495.04,655851190.7046372,-50771.08036279678,9050.120000000003,-4954379.870000011,-2.592e-05
2026-08-16 20:30:00 CST,1786883400000,75.25,75.25,75.16,75.18,54191.63000000001,23265.89,656378425.5336,69755.55859994888,-7659.8499999999985,-4962039.720000012,-2.592e-05
2026-08-16 21:00:00 CST,1786885200000,75.17,75.37,75.17,75.36,94169.78,58152.31,657892377.8244463,1450411.8013961315,22134.84,-4939904.880000012,-2.592e-05
2026-08-16 21:30:00 CST,1786887000000,75.36,75.37,75.26,75.27,75467.04,35521.85,658343426.9458624,92474.02426242828,-4423.339999999999,-4944328.220000011,-2.592e-05
2026-08-16 22:00:00 CST,1786888800000,75.27,75.35,75.2,75.26,102218.12,50993.47,659053584.0047623,806713.2986623049,-231.1800000000021,-4944559.400000011,-2.592e-05
2026-08-16 22:30:00 CST,1786890600000,75.26,75.37,75.25,75.36,76561.43,42080.35,659411955.8953,1425396.1576440334,7599.269999999999,-4936960.130000011,-2.592e-05
2026-08-16 23:00:00 CST,1786892400000,75.36,75.55,75.34,75.55,190474.97,110524.78,658863874.4937984,-324420.58341538906,30574.589999999993,-4906385.54000001,-2.592e-05
2026-08-16 23:30:00 CST,1786894200000,75.54,75.61,75.47,75.54,229182.03999999998,130701.11999999998,656010616.2878076,-2603164.6233718395,32220.199999999997,-4874165.34000001,-2.592e-05
2026-08-17 00:00:00 CST,1786896000000,75.53,75.59,75.47,75.58,182320.15,89505.33,657373602.3527004,1028788.8827003241,-3309.4899999999943,-4877474.830000011,-1.428e-05
2026-08-17 00:30:00 CST,1786897800000,75.58,75.69,75.46,75.52,198448.99,116690.58,657285471.3211198,-951661.2146447897,34932.170000000006,-4842542.660000009,-1.428e-05
2026-08-17 01:00:00 CST,1786899600000,75.52,75.57,75.37,75.42,147542.62,68978.43,655709169.9853,-1495499.2894530296,-9585.760000000002,-4852128.42000001,-1.428e-05
2026-08-17 01:30:00 CST,1786901400000,75.42,75.43,75.23,75.23,219033.14,107296.57,653408107.1952,-1652175.3450000286,-4439.999999999985,-4856568.420000011,-1.428e-05
2026-08-17 02:00:00 CST,1786903200000,75.24,75.26,75.0,75.14,389103.94,167295.90999999997,653152139.6013924,38204.81997406483,-54512.120000000024,-4911080.540000011,-1.428e-05
2026-08-17 02:30:00 CST,1786905000000,75.15,75.2,75.09,75.14,103192.61,50004.25,654638002.3834507,1087104.8239507675,-3184.1099999999988,-4914264.650000012,-1.428e-05
2026-08-17 03:00:00 CST,1786906800000,75.15,75.32,75.14,75.32,111185.0,78536.38,656782580.7559,1674718.1724921465,45887.76000000001,-4868376.890000011,-1.428e-05
2026-08-17 03:30:00 CST,1786908600000,75.32,75.33,75.15,75.19,129417.65,51747.0,654919631.9767,-2067966.3281000853,-25923.65,-4894300.540000011,-1.428e-05
2026-08-17 04:00:00 CST,1786910400000,75.19,75.29,75.16,75.21,143873.48,73316.39,655340482.4507233,391827.9188133478,2759.3000000000065,-4891541.240000011,-1.428e-05
2026-08-17 04:30:00 CST,1786912200000,75.21,75.23,74.92,74.98,282153.64,109120.72,655266661.192,-444939.47079992294,-63912.19999999999,-4955453.440000011,-1.428e-05
2026-08-17 05:00:00 CST,1786914000000,74.98,75.05,74.85,74.93,171051.86000000002,79108.84000000001,653395486.99756,-1531198.0497399569,-12834.179999999995,-4968287.62000001,-1.428e-05
2026-08-17 05:30:00 CST,1786915800000,74.94,74.99,74.0,74.3,1351331.32,492978.86000000004,651095088.3579122,-2188233.370254755,-365373.6,-5333661.220000011,-1.428e-05
2026-08-17 06:00:00 CST,1786917600000,74.29,74.49,74.12,74.33,424555.43000000005,188679.71000000002,658047298.3288212,6075063.858821154,-47196.009999999995,-5380857.230000012,-1.428e-05
2026-08-17 06:30:00 CST,1786919400000,74.33,74.47,74.2,74.47,256647.49000000002,134222.72999999998,658438963.1248,446349.7716908455,11797.969999999994,-5369059.260000011,-1.428e-05
2026-08-17 07:00:00 CST,1786921200000,74.47,74.55,74.41,74.49,184748.62,95542.9,660812337.4398,1187690.5673999786,6337.179999999991,-5362722.080000011,-1.428e-05
2026-08-17 07:30:00 CST,1786923000000,74.49,74.62,74.47,74.57,201058.61999999997,108030.06999999999,664147514.4612,3431897.0721000433,15001.52,-5347720.560000012,-1.428e-05
2026-08-17 08:00:00 CST,1786924800000,74.58,74.6,74.38,74.6,236368.58000000002,114136.26999999999,662282875.696,-1693087.3000000715,-8096.040000000008,-5355816.600000013,-4.738e-05
2026-08-17 08:30:00 CST,1786926600000,74.6,74.7,74.38,74.58,278371.81,161790.54,662887164.9346,-738332.6554000378,45209.26999999998,-5310607.330000013,-4.738e-05
2026-08-17 09:00:00 CST,1786928400000,74.57,75.25,74.53,75.19,775446.67,461898.42,658215485.05,-4653708.8204,148350.16999999998,-5162257.160000013,-4.738e-05
2026-08-17 09:30:00 CST,1786930200000,75.2,75.32,75.05,75.06,311257.94,130488.29,656489087.8589132,-1401429.9285382032,-50281.35999999998,-5212538.5200000135,-4.738e-05
2026-08-17 10:00:00 CST,1786932000000,75.06,75.2,75.01,75.16,146502.59,61644.15,654771928.8697,-1042845.8141000271,-23214.290000000005,-5235752.810000014,-4.738e-05
2026-08-17 10:30:00 CST,1786933800000,75.15,75.55,75.09,75.45,594061.73,322376.25,654072123.4666,-1209645.813000083,50690.77000000002,-5185062.040000013,-4.738e-05
2026-08-17 11:00:00 CST,1786935600000,75.45,75.55,75.41,75.45,306825.89,147127.25,651462609.0676,-3656029.55510962,-12571.39,-5197633.430000014,-4.738e-05
2026-08-17 11:30:00 CST,1786937400000,75.44,75.55,75.42,75.48,220166.08999999997,114281.62000000001,650306384.8278388,-855365.9156612158,8397.150000000001,-5189236.280000014,-4.738e-05
2026-08-17 12:00:00 CST,1786939200000,75.48,75.59,75.46,75.51,180236.00999999998,86738.76,646965156.1959,-1516251.9321000576,-6758.489999999998,-5195994.770000015,-4.738e-05
2026-08-17 12:30:00 CST,1786941000000,75.5,75.53,75.45,75.52,149716.54,52075.23,646265485.8692,-755266.5257999897,-45566.079999999994,-5241560.8500000145,-4.738e-05
2026-08-17 13:00:00 CST,1786942800000,75.52,75.58,75.41,75.46,209647.7,85630.20999999999,646573115.2965,-84675.18872666359,-38387.280000000006,-5279948.130000015,-4.738e-05
2026-08-17 13:30:00 CST,1786944600000,75.45,75.47,75.36,75.38,189446.62,52057.94,643893422.7086858,-1831657.0295141935,-85330.73999999999,-5365278.870000013,-4.738e-05
2026-08-17 14:00:00 CST,1786946400000,75.38,75.56,75.32,75.45,274271.2,147285.49999999997,644102718.6624,1100668.6869682074,20299.799999999992,-5344979.070000012,-4.738e-05
2026-08-17 14:30:00 CST,1786948200000,75.44,75.99,75.43,75.8,614245.0700000001,408896.5,644095169.1448003,249958.81402409077,203547.93000000005,-5141431.140000014,-4.738e-05
2026-08-17 15:00:00 CST,1786950000000,75.81,75.94,75.71,75.84,315659.43999999994,165786.44,645280789.844,357564.8135586977,15913.439999999999,-5125517.700000013,-4.738e-05
2026-08-17 15:30:00 CST,1786951800000,75.84,75.86,75.7,75.74,173716.88,68818.99,644024575.2989,-1796936.8194999695,-36078.9,-5161596.600000014,-4.738e-05
2026-08-17 16:00:00 CST,1786953600000,75.74,75.78,75.28,75.36,488281.48,217040.96000000002,638551693.39,-5598408.642500043,-54199.56,-5215796.160000012,4.746e-05
2026-08-17 16:30:00 CST,1786955400000,75.36,75.43,75.13,75.2,331331.7,164127.18,639769386.089,-1243593.6157000065,-3077.339999999993,-5218873.500000011,4.746e-05
2026-08-17 17:00:00 CST,1786957200000,75.2,75.39,75.18,75.34,172303.72,96017.64000000001,641350027.0164,872279.7523999214,19731.559999999998,-5199141.940000012,4.746e-05
2026-08-17 17:30:00 CST,1786959000000,75.34,75.35,75.21,75.31,119929.73,54607.100000000006,642093267.9028,79284.84179997444,-10715.53,-5209857.470000012,4.746e-05
2026-08-17 18:00:00 CST,1786960800000,75.3,75.48,75.26,75.48,187252.39,109859.70000000001,641786972.826,-229061.6265888214,32467.009999999987,-5177390.460000012,4.746e-05
2026-08-17 18:30:00 CST,1786962600000,75.49,75.78,75.45,75.74,427151.01,216588.21,647472530.5389,4465821.160920024,6025.4100000000035,-5171365.050000013,4.746e-05
2026-08-17 19:00:00 CST,1786964400000,75.73,75.77,75.65,75.73,208045.75,95340.23,649151263.1180003,1108202.3298002481,-17365.29,-5188730.340000013,4.746e-05
2026-08-17 19:30:00 CST,1786966200000,75.74,75.89,75.63,75.65,296610.44,163075.83000000002,648698236.1733891,-432898.6382108927,29541.220000000016,-5159189.120000012,4.746e-05
2026-08-17 20:00:00 CST,1786968000000,75.66,75.67,75.36,75.36,342170.7,179035.66,649624208.5648322,-2900.2099677324295,15900.620000000017,-5143288.500000012,4.746e-05
2026-08-17 20:30:00 CST,1786969800000,75.36,75.47,75.29,75.39,204140.21,118223.78,648474234.2337,-156771.98949992657,32307.349999999988,-5110981.150000012,4.746e-05
2026-08-17 21:00:00 CST,1786971600000,75.4,75.41,75.25,75.27,234868.44,99834.41,646326415.389,-2266962.2629412413,-35199.62000000001,-5146180.770000011,4.746e-05
2026-08-17 21:30:00 CST,1786973400000,75.27,75.75,75.25,75.58,562960.54,265697.6,647747246.8962,1190761.560199976,-31565.339999999997,-5177746.110000012,4.746e-05
2026-08-17 22:00:00 CST,1786975200000,75.59,75.68,75.45,75.59,217384.25999999998,98809.50000000001,647509388.2942,146739.61039996147,-19765.260000000006,-5197511.370000013,4.746e-05
2026-08-17 22:30:00 CST,1786977000000,75.59,76.0,75.54,75.94,450457.4,276406.19,650377923.1968,3338370.652799964,102354.98000000001,-5095156.390000014,4.746e-05
2026-08-17 23:00:00 CST,1786978800000,75.94,75.99,75.75,75.9,340344.45,162437.28,652970682.5113,-84100.61995244026,-15469.89000000001,-5110626.280000013,4.746e-05
2026-08-17 23:30:00 CST,1786980600000,75.9,76.2,75.82,76.06,476887.91,267149.65,656890789.3709404,3391632.788853526,57411.39000000002,-5053214.890000014,4.746e-05
2026-08-18 00:00:00 CST,1786982400000,76.06,76.09,75.88,75.93,279799.04,117249.05000000002,656137142.6398,-194411.6457824707,-45300.93999999999,-5098515.830000014,-1.69e-05
2026-08-18 00:30:00 CST,1786984200000,75.93,76.08,75.91,75.96,202896.69,90016.76999999999,657406687.1787891,1206162.5118891,-22863.149999999994,-5121378.980000014,-1.69e-05
2026-08-18 01:00:00 CST,1786986000000,75.97,76.08,75.73,75.86,252461.56,115430.56999999999,657169581.7004712,-277834.82042884827,-21600.42,-5142979.400000016,-1.69e-05
2026-08-18 01:30:00 CST,1786987800000,75.85,75.92,75.65,75.87,215815.08000000002,118809.86,655698461.6753,-382161.6943000555,21804.64,-5121174.7600000175,-1.69e-05
2026-08-18 02:00:00 CST,1786989600000,75.87,76.14,75.81,75.99,317569.54000000004,190701.44,660396851.9688,4878478.220799923,63833.340000000004,-5057341.420000018,-1.69e-05
2026-08-18 02:30:00 CST,1786991400000,75.99,76.0,75.84,75.86,168387.28,87196.72,658513237.0932,-1334595.6969243288,6006.159999999996,-5051335.260000017,-1.69e-05
2026-08-18 03:00:00 CST,1786993200000,75.86,75.87,75.73,75.81,113273.53,45742.409999999996,658448927.7807,129689.40712571144,-21788.710000000003,-5073123.970000017,-1.69e-05
2026-08-18 03:30:00 CST,1786995000000,75.82,75.92,75.7,75.77,133770.27000000002,70671.03000000001,658447760.7316,-115726.86199998856,7571.789999999999,-5065552.180000017,-1.69e-05
2026-08-18 04:00:00 CST,1786996800000,75.77,75.79,75.59,75.77,204527.5,104059.45000000001,656968056.0957,-1428042.6927000284,3591.400000000005,-5061960.780000018,-1.69e-05
2026-08-18 04:30:00 CST,1786998600000,75.77,76.07,75.73,75.96,242452.93,133843.25,658125199.1915987,785471.2810349464,25233.570000000003,-5036727.210000017,-1.69e-05
2026-08-18 05:00:00 CST,1787000400000,75.95,76.02,75.85,75.87,89364.24,39035.91,657010301.5276,-1266640.0604600906,-11292.419999999998,-5048019.630000018,-1.69e-05
2026-08-18 05:30:00 CST,1787002200000,75.87,75.94,75.84,75.91,67484.29999999999,36775.25,656969692.3381,22810.689062952995,6066.200000000001,-5041953.430000017,-1.69e-05
2026-08-18 06:00:00 CST,1787004000000,75.91,76.0,75.76,75.76,103772.01,45360.05,657865593.2475868,711467.3791815042,-13051.91,-5055005.340000017,-1.69e-05
2026-08-18 06:30:00 CST,1787005800000,75.77,75.79,75.68,75.71,77580.49,35584.36,656484178.914,-708141.6344457865,-6411.7699999999995,-5061417.110000016,-1.69e-05
2026-08-18 07:00:00 CST,1787007600000,75.7,75.95,75.67,75.95,142323.4,78711.04000000001,657348698.952175,760218.3559750319,15098.68,-5046318.4300000165,-1.69e-05
2026-08-18 07:30:00 CST,1787009400000,75.94,76.09,75.9,75.99,201587.56999999998,108736.12999999999,658665640.6938614,458867.58186137676,15884.690000000006,-5030433.740000016,-1.69e-05
2026-08-18 08:00:00 CST,1787011200000,75.98,76.05,75.89,75.96,198959.40000000002,94359.40000000001,658204530.5363326,-47730.92616736889,-10240.599999999993,-5040674.340000017,3.077e-05
2026-08-18 08:30:00 CST,1787013000000,75.96,76.02,75.82,76.01,160647.78,85686.63,657275976.6634326,-710405.6236020327,10725.48,-5029948.860000016,3.077e-05
2026-08-18 09:00:00 CST,1787014800000,76.01,76.02,75.81,75.82,144334.33,59872.96,657050163.508205,-1174297.0127949715,-24588.409999999996,-5054537.270000016,3.077e-05
2026-08-18 09:30:00 CST,1787016600000,75.82,75.84,75.53,75.58,343454.81,134875.01,651975230.844,-4315163.083500028,-73704.79,-5128242.060000016,3.077e-05
2026-08-18 10:00:00 CST,1787018400000,75.57,75.62,75.37,75.37,311396.81,140950.8,648603342.7002,-1539079.3325999975,-29495.21000000002,-5157737.270000015,3.077e-05
2026-08-18 10:30:00 CST,1787020200000,75.37,75.45,75.16,75.24,510224.45,226518.22,646947502.106316,-620851.5688468218,-57188.009999999995,-5214925.280000016,3.077e-05
2026-08-18 11:00:00 CST,1787022000000,75.24,75.41,75.21,75.36,235116.76,130412.29000000001,647471250.2574775,1026011.0078697205,25707.82,-5189217.460000017,3.077e-05
2026-08-18 11:30:00 CST,1787023800000,75.36,75.5,75.27,75.45,177549.27,99679.55,648956745.1123126,1128331.6596274376,21809.829999999994,-5167407.630000016,3.077e-05
2026-08-18 12:00:00 CST,1787025600000,75.46,75.68,75.36,75.67,214369.11,116740.16,649285072.4613,353245.26751339436,19111.20999999999,-5148296.420000016,3.077e-05
2026-08-18 12:30:00 CST,1787027400000,75.66,75.8,75.66,75.8,143742.99,78686.91,652084980.2554419,1660706.8159419298,13630.830000000005,-5134665.590000016,3.077e-05
2026-08-18 13:00:00 CST,1787029200000,75.8,75.93,75.72,75.74,251880.83,110925.02,653905423.754,1950005.203077674,-30030.790000000005,-5164696.380000017,3.077e-05
2026-08-18 13:30:00 CST,1787031000000,75.73,75.79,75.53,75.69,244016.12000000002,111619.19,651544963.4207599,-1617404.246691227,-20777.74,-5185474.120000018,3.077e-05
2026-08-18 14:00:00 CST,1787032800000,75.69,75.95,75.6,75.92,255482.34000000003,146140.8,652786866.7544,1694369.60545218,36799.25999999999,-5148674.860000017,3.077e-05
2026-08-18 14:30:00 CST,1787034600000,75.92,76.01,75.85,75.98,262845.01999999996,157112.12,653557281.2316,-645431.6516000032,51379.219999999994,-5097295.640000017,3.077e-05
2026-08-18 15:00:00 CST,1787036400000,75.98,76.24,75.96,75.98,404695.21,202019.55000000002,658682211.1398,3653051.906699896,-656.1100000000042,-5097951.750000018,3.077e-05
2026-08-18 15:30:00 CST,1787038200000,75.97,76.11,75.9,76.06,275335.07,138683.77,658886682.975,775357.2372664213,2032.469999999994,-5095919.280000017,3.077e-05
2026-08-18 16:00:00 CST,1787040000000,76.06,76.09,75.8,75.88,318928.80000000005,151505.45,660959021.5278403,845723.994240284,-15917.9,-5111837.180000017,-4.037e-05
2026-08-18 16:30:00 CST,1787041800000,75.87,76.15,75.84,76.13,232208.35000000003,135907.47,662838348.977,1865806.5734000206,39606.59,-5072230.590000018,-4.037e-05
2026-08-18 17:00:00 CST,1787043600000,76.12,76.12,75.86,75.87,143437.7,64082.649999999994,661017947.9978637,-2209057.185436368,-15272.400000000001,-5087502.990000017,-4.037e-05
2026-08-18 17:30:00 CST,1787045400000,75.87,75.96,75.84,75.9,117408.79000000001,55093.76,660900759.248,-104781.54939997196,-7221.2699999999995,-5094724.2600000175,-4.037e-05
2026-08-18 18:00:00 CST,1787047200000,75.9,75.95,75.77,75.79,122387.06999999999,65882.05,659006828.194,-1653087.9368460178,9377.03,-5085347.230000017,-4.037e-05
2026-08-18 18:30:00 CST,1787049000000,75.79,75.87,75.78,75.8,89886.5,46801.85,657725419.1256,-894940.1067420244,3717.199999999997,-5081630.030000017,-4.037e-05
2026-08-18 19:00:00 CST,1787050800000,75.81,76.43,75.78,76.23,542869.98,328943.79000000004,663554071.1043,6058350.837624192,115017.60000000003,-4966612.4300000165,-4.037e-05
2026-08-18 19:30:00 CST,1787052600000,76.24,76.42,76.2,76.28,258465.61,130288.14000000001,664757134.79,1978271.018269658,2110.6699999999983,-4964501.7600000175,-4.037e-05
2026-08-18 20:00:00 CST,1787054400000,76.29,76.49,76.2,76.27,341892.1,187972.12,668104063.9824681,3384627.264965415,34052.14000000001,-4930449.620000019,-4.037e-05
2026-08-18 20:30:00 CST,1787056200000,76.27,76.36,76.21,76.21,181409.24000000002,82256.5,670201510.3652253,1672578.1710252762,-16896.239999999994,-4947345.86000002,-4.037e-05
2026-08-18 21:00:00 CST,1787058000000,76.22,76.22,76.05,76.07,214995.01,89894.04000000001,667071761.6118115,-2431858.5722802877,-35206.93000000001,-4982552.79000002,-4.037e-05
2026-08-18 21:30:00 CST,1787059800000,76.06,76.26,76.01,76.18,352171.91,175578.64,665442107.9499,-895554.3367403746,-1014.6299999999828,-4983567.42000002,-4.037e-05
2026-08-18 22:00:00 CST,1787061600000,76.18,77.05,76.09,76.98,999772.9099999999,604660.63,672579475.1031284,5468442.306612134,209548.3500000001,-4774019.07000002,-4.037e-05
2026-08-18 22:30:00 CST,1787063400000,76.98,77.32,76.73,76.76,955858.65,501867.20000000007,688147675.7946045,8837010.92789948,47875.74999999998,-4726143.320000021,-4.037e-05
2026-08-18 23:00:00 CST,1787065200000,76.77,77.02,76.76,77.0,413423.42,223488.49000000002,689260498.4772,1354409.655600071,33553.56000000003,-4692589.760000021,-4.037e-05
2026-08-18 23:30:00 CST,1787067000000,77.0,77.23,76.96,77.17,346012.68,166994.49,691970912.27,1911670.8600000143,-12023.699999999997,-4704613.460000021,-4.037e-05
2026-08-19 00:00:00 CST,1787068800000,77.17,77.3,76.82,76.86,464745.52,190150.94999999998,694661944.3134,2004023.0284831524,-84443.62000000002,-4789057.0800000215,0.0001
2026-08-19 00:30:00 CST,1787070600000,76.86,77.14,76.82,77.05,203278.66999999998,117391.21,694415330.8992,309123.55359995365,31503.74999999999,-4757553.3300000215,0.0001
2026-08-19 01:00:00 CST,1787072400000,77.05,77.06,76.85,76.91,139632.21999999997,51850.909999999996,694189485.5463413,-716420.9774142504,-35930.4,-4793483.730000022,0.0001
2026-08-19 01:30:00 CST,1787074200000,76.91,77.0,76.85,76.86,192579.34,85111.72000000002,695630700.0790365,1392912.8807822466,-22355.9,-4815839.630000021,0.0001
2026-08-19 02:00:00 CST,1787076000000,76.87,77.27,76.84,77.22,194946.49000000002,110804.59,700838824.3493,5674411.595300078,26662.689999999995,-4789176.940000022,0.0001
2026-08-19 02:30:00 CST,1787077800000,77.23,77.28,77.09,77.24,211104.41,100251.36999999998,701296243.4851067,-75736.87169325352,-10601.67000000001,-4799778.610000023,0.0001
2026-08-19 03:00:00 CST,1787079600000,77.24,77.39,77.14,77.33,260876.32,144204.26,702008293.033763,405747.7941970825,27532.200000000004,-4772246.410000023,0.0001
2026-08-19 03:30:00 CST,1787081400000,77.32,77.34,77.04,77.14,184027.21000000002,81475.59,699063584.8495,-4243406.673900008,-21076.030000000006,-4793322.440000024,0.0001
2026-08-19 04:00:00 CST,1787083200000,77.15,77.2,76.9,76.97,210281.84000000003,103647.29000000001,698070351.6038183,-1946384.559681654,-2987.2599999999948,-4796309.700000024,0.0001
2026-08-19 04:30:00 CST,1787085000000,76.96,77.1,76.69,76.84,417560.38,209115.25,693688069.2004,-3834610.2843999863,670.1199999999953,-4795639.580000024,0.0001
2026-08-19 05:00:00 CST,1787086800000,76.85,77.09,76.84,76.92,174823.83,111757.97,694377702.4266582,830465.5432556868,48692.11,-4746947.470000024,0.0001
2026-08-19 05:30:00 CST,1787088600000,76.92,76.99,76.87,76.97,111210.90000000001,62403.450000000004,693031242.3216,-428067.122374177,13595.999999999993,-4733351.470000023,0.0001
2026-08-19 06:00:00 CST,1787090400000,76.97,77.14,76.91,77.03,210476.73,117027.16,695944559.6824313,2644491.383531332,23577.590000000004,-4709773.880000023,0.0001
2026-08-19 06:30:00 CST,1787092200000,77.03,77.19,76.85,76.92,215890.65000000002,118217.43,695293480.8497175,-1633170.2246824503,20544.209999999995,-4689229.670000024,0.0001
2026-08-19 07:00:00 CST,1787094000000,76.93,77.14,76.91,77.07,162714.41999999998,96208.95999999999,698371683.5732,2043378.6878695488,29703.500000000007,-4659526.170000024,0.0001
2026-08-19 07:30:00 CST,1787095800000,77.07,77.21,77.0,77.03,161781.36,86283.13999999998,698480983.8699,192884.2745063305,10784.91999999999,-4648741.250000025,0.0001
2026-08-19 08:00:00 CST,1787097600000,77.03,77.07,76.78,76.93,247149.8,126332.51999999999,696891315.7541704,-1145767.447629571,5515.240000000002,-4643226.010000025,0.0001
2026-08-19 08:30:00 CST,1787099400000,76.93,77.06,76.87,76.88,162808.28,81700.69999999998,697877835.7687346,1497155.1871346235,593.1199999999917,-4642632.890000025,0.0001
2026-08-19 09:00:00 CST,1787101200000,76.87,77.04,76.67,76.81,455211.99,227907.31000000003,696484579.6068,379684.8606095314,602.6300000000047,-4642030.260000025,0.0001
2026-08-19 09:30:00 CST,1787103000000,76.81,76.81,76.67,76.77,264385.82,154080.18,693187942.556,-2767672.122708559,43774.53999999998,-4598255.720000026,0.0001
2026-08-19 10:00:00 CST,1787104800000,76.77,76.86,76.66,76.85,191549.99,112159.32999999999,691655788.0865061,-1161162.4713938236,32768.67,-4565487.050000025,0.0001
2026-08-19 10:30:00 CST,1787106600000,76.85,76.89,76.71,76.78,110523.68,51074.9,691661621.2236,-490920.1388999224,-8373.880000000001,-4573860.930000025,0.0001
2026-08-19 11:00:00 CST,1787108400000,76.78,77.08,76.67,76.98,202193.49,102436.9,693417077.4336,1470599.2787998915,2680.309999999994,-4571180.620000024,0.0001
2026-08-19 11:30:00 CST,1787110200000,76.97,77.06,76.92,76.96,123511.76000000001,50282.80000000001,694283491.900529,731788.1369874477,-22946.159999999996,-4594126.780000025,0.0001
2026-08-19 12:00:00 CST,1787112000000,76.96,77.11,76.92,77.04,115234.48999999999,58060.48,695234290.5970881,1088657.9870048761,886.4700000000012,-4593240.310000026,0.0001
2026-08-19 12:30:00 CST,1787113800000,77.04,77.06,76.76,76.83,198187.6,94546.44,691552972.0927,-3135332.3558198214,-9094.720000000001,-4602335.030000026,0.0001
2026-08-19 13:00:00 CST,1787115600000,76.83,77.04,76.8,76.92,205501.52,101137.98,691664016.8402662,246762.9659384489,-3225.5599999999995,-4605560.590000027,0.0001
2026-08-19 13:30:00 CST,1787117400000,76.92,76.94,76.73,76.77,136775.18,51226.3,690817283.4311,-1210478.9665000439,-34322.58,-4639883.170000027,0.0001
2026-08-19 14:00:00 CST,1787119200000,76.77,76.93,76.59,76.83,317066.36,158389.9,690490372.3572,69717.50849997997,-286.55999999999403,-4640169.7300000265,0.0001
2026-08-19 14:30:00 CST,1787121000000,76.82,77.15,76.71,77.05,358169.42,186507.71000000002,694684167.7308422,4656291.960734248,14846.000000000007,-4625323.730000028,0.0001
2026-08-19 15:00:00 CST,1787122800000,77.05,77.07,76.91,76.96,142170.31999999998,77659.19,694035154.8899,-938001.0781000853,13148.060000000005,-4612175.670000029,0.0001
2026-08-19 15:30:00 CST,1787124600000,76.96,77.06,76.91,76.92,133592.97,68347.7,696092506.3825392,1685097.6641391516,3102.430000000004,-4609073.240000029,0.0001
2026-08-19 16:00:00 CST,1787126400000,76.92,77.19,76.87,77.16,306019.83,173038.85,696295989.2553,577499.59839046,40057.869999999995,-4569015.370000029,9.206e-05
2026-08-19 16:30:00 CST,1787128200000,77.15,77.65,77.11,77.35,989011.3,488080.56,703610852.3136,7093379.498399973,-12850.180000000022,-4581865.550000029,9.206e-05
2026-08-19 17:00:00 CST,1787130000000,77.35,77.46,77.27,77.28,223884.87000000002,121570.24,701039313.8564,-1125072.350090742,19255.61000000001,-4562609.940000028,9.206e-05
2026-08-19 17:30:00 CST,1787131800000,77.29,77.32,77.18,77.27,154669.79,81131.70000000001,700283746.1018,-472330.9318000078,7593.610000000001,-4555016.330000029,9.206e-05
2026-08-19 18:00:00 CST,1787133600000,77.27,77.29,77.18,77.22,100206.65,53539.79000000001,698608972.074,-1567122.9637403488,6872.930000000005,-4548143.400000027,9.206e-05
2026-08-19 18:30:00 CST,1787135400000,77.22,77.35,77.19,77.34,101055.31000000001,51435.35,699533021.546,849728.726099968,1815.3899999999994,-4546328.010000027,9.206e-05
2026-08-19 19:00:00 CST,1787137200000,77.35,77.59,77.33,77.55,345832.68,191628.53000000003,704332511.2434659,3726863.5014659166,37424.38000000001,-4508903.630000025,9.206e-05
2026-08-19 19:30:00 CST,1787139000000,77.56,77.57,77.43,77.5,236071.88999999998,60925.82,702480222.165,-1540216.9384160042,-114220.24999999999,-4623123.880000025,9.206e-05
2026-08-19 20:00:00 CST,1787140800000,77.51,77.53,77.39,77.47,158582.04,86612.22,702148176.4555,-321570.1336802244,14642.39999999999,-4608481.480000025,9.206e-05
2026-08-19 20:30:00 CST,1787142600000,77.48,78.76,77.47,78.37,1731624.3300000003,981424.29,714302095.2772,11727348.990800023,231224.25000000006,-4377257.230000024,9.206e-05
2026-08-19 21:00:00 CST,1787144400000,78.37,78.53,78.13,78.47,578734.7100000001,313238.74,720851868.2482057,4216377.408905625,47742.76999999998,-4329514.460000024,9.206e-05
2026-08-19 21:30:00 CST,1787146200000,78.47,78.66,78.27,78.36,888675.36,386113.0,724270822.2439421,2121580.62921679,-116449.36,-4445963.8200000245,9.206e-05
2026-08-19 22:00:00 CST,1787148000000,78.37,78.75,78.31,78.49,542211.16,235311.55,731686097.237,1246761.463199973,-71588.06000000001,-4517551.880000024,9.206e-05
2026-08-19 22:30:00 CST,1787149800000,78.49,80.97,78.41,80.84,2858944.09,1709566.8199999998,737784651.9264,6910195.921165228,560189.55,-3957362.3300000234,9.206e-05
2026-08-19 23:00:00 CST,1787151600000,80.84,83.04,80.63,81.97,4543966.98,2400086.8200000003,737433738.8139265,-900230.2111278772,256206.66000000015,-3701155.670000023,9.206e-05
2026-08-19 23:30:00 CST,1787153400000,81.97,82.58,81.5,81.8,2028606.9600000002,941817.86,738107855.1929282,2661138.1832282543,-144971.24000000005,-3846126.9100000234,9.206e-05
2026-08-20 00:00:00 CST,1787155200000,81.8,82.38,81.63,82.07,930331.2100000001,455311.06999999995,746969892.6373,6670679.09024024,-19709.069999999992,-3865835.9800000237,4.058e-05
2026-08-20 00:30:00 CST,1787157000000,82.06,82.07,81.52,81.56,692101.9299999999,318834.67,746019467.48,-3143697.5168999434,-54432.590000000004,-3920268.5700000236,4.058e-05
2026-08-20 01:00:00 CST,1787158800000,81.55,81.62,81.02,81.24,640704.5900000001,275185.27999999997,739197452.3456414,-3698291.361002803,-90334.03000000003,-4010602.600000024,4.058e-05
2026-08-20 01:30:00 CST,1787160600000,81.24,81.73,80.96,81.63,463538.45,275657.37,743488221.5051609,2872604.8682916164,87776.29000000001,-3922826.3100000243,4.058e-05
2026-08-20 02:00:00 CST,1787162400000,81.63,81.99,81.22,81.95,443850.52,254390.18,742999090.9571649,-196631.0797343254,64929.840000000004,-3857896.470000025,4.058e-05
2026-08-20 02:30:00 CST,1787164200000,81.95,82.28,81.89,82.25,479144.12,272717.77,747850991.0736763,1900025.2813366652,66291.42000000001,-3791605.050000025,4.058e-05
2026-08-20 03:00:00 CST,1787166000000,82.26,82.5,81.98,82.17,565276.22,280484.5,747910246.862788,-1601295.6961827278,-4307.220000000008,-3795912.270000025,4.058e-05
2026-08-20 03:30:00 CST,1787167800000,82.17,82.42,82.06,82.34,345516.25999999995,174361.15,747769555.3896,1108554.069599986,3206.0399999999863,-3792706.2300000247,4.058e-05
2026-08-20 04:00:00 CST,1787169600000,82.34,82.54,82.25,82.49,378331.64999999997,212857.22999999998,749318161.6696405,1125492.3772405386,47382.81,-3745323.4200000255,4.058e-05
2026-08-20 04:30:00 CST,1787171400000,82.49,84.4,82.43,83.71,2202044.7,1253499.52,749381269.6477197,730459.8262197971,304954.33999999997,-3440369.0800000257,4.058e-05
2026-08-20 05:00:00 CST,1787173200000,83.71,87.3,83.7,86.99,3570456.83,1940594.35,747915349.7344,2300187.393400073,310731.86999999994,-3129637.210000026,4.058e-05
2026-08-20 05:30:00 CST,1787175000000,86.99,87.22,86.2,86.63,804631.03,367398.56000000006,748930880.1146,-2993603.805400014,-69833.90999999995,-3199471.1200000257,4.058e-05
2026-08-20 06:00:00 CST,1787176800000,86.63,86.84,85.31,85.34,1342590.35,636544.11,744928813.767,-4053201.3474000692,-69502.13000000003,-3268973.2500000256,4.058e-05
2026-08-20 06:30:00 CST,1787178600000,85.34,85.97,84.9,85.48,1028158.68,493702.18000000005,742360897.8613191,959367.0379425287,-40754.320000000036,-3309727.5700000254,4.058e-05
2026-08-20 07:00:00 CST,1787180400000,85.48,85.58,85.26,85.43,445765.06999999995,206638.37999999998,744888387.3778156,-280430.7940747738,-32488.30999999999,-3342215.880000025,4.058e-05
2026-08-20 07:30:00 CST,1787182200000,85.43,85.76,85.02,85.37,504322.2,252768.50999999998,743417805.8175,-2679522.747805953,1214.820000000007,-3341001.060000025,4.058e-05
2026-08-20 08:00:00 CST,1787184000000,85.37,85.78,85.29,85.62,493901.13,251208.81,746076284.92,1743971.1969999075,8516.489999999976,-3332484.5700000245,0.0001
2026-08-20 08:30:00 CST,1787185800000,85.61,85.7,84.89,84.99,610598.78,282289.62,739871863.3548,-6433443.640799999,-46019.54000000001,-3378504.110000024,0.0001
2026-08-20 09:00:00 CST,1787187600000,85.0,85.13,84.63,84.76,563746.18,250522.00000000003,740817340.16,354866.64199995995,-62702.17999999998,-3441206.2900000243,0.0001
2026-08-20 09:30:00 CST,1787189400000,84.75,85.4,84.69,85.36,301225.75,182996.85,742072423.134,3427967.8111999035,64767.94999999999,-3376438.3400000245,0.0001
2026-08-20 10:00:00 CST,1787191200000,85.36,85.44,85.05,85.06,226418.46,111866.49,739858685.2013841,-2822140.95221591,-2685.480000000007,-3379123.820000024,0.0001
2026-08-20 10:30:00 CST,1787193000000,85.07,85.11,84.68,84.76,242604.87,108697.71,735564050.94,-3635828.604561329,-25209.45,-3404333.2700000242,0.0001
2026-08-20 11:00:00 CST,1787194800000,84.76,84.78,83.97,84.27,710734.39,309034.54,725273434.893756,-10920361.41624391,-92665.31000000003,-3496998.5800000248,0.0001
2026-08-20 11:30:00 CST,1787196600000,84.27,84.69,84.26,84.48,218729.65,104806.84,727582683.7066,3186016.653199911,-9115.969999999998,-3506114.5500000245,0.0001
2026-08-20 12:00:00 CST,1787198400000,84.48,84.72,84.46,84.53,234547.78999999998,107966.06,727008501.5064,-146224.94438934326,-18615.67,-3524730.2200000244,0.0001
2026-08-20 12:30:00 CST,1787200200000,84.54,84.96,84.41,84.82,295332.58,164409.95,730285945.0589782,3758013.4117782116,33487.32000000001,-3491242.900000024,0.0001
2026-08-20 13:00:00 CST,1787202000000,84.83,85.07,84.8,84.89,222991.6,125347.62000000001,732116655.443,2075036.083949566,27703.64,-3463539.2600000245,0.0001
2026-08-20 13:30:00 CST,1787203800000,84.9,85.03,84.79,84.94,179429.25,96307.84999999999,727724625.2717,-2198099.511535406,13186.449999999995,-3450352.8100000247,0.0001
2026-08-20 14:00:00 CST,1787205600000,84.94,85.48,84.69,85.44,744669.1,423332.07999999996,723433166.581887,-4624834.939625382,101995.05999999997,-3348357.750000025,0.0001
2026-08-20 14:30:00 CST,1787207400000,85.44,85.92,85.27,85.91,681449.28,413520.88,724490833.99813,-2183704.5555300713,145592.47999999998,-3202765.270000025,0.0001
2026-08-20 15:00:00 CST,1787209200000,85.9,86.08,85.77,86.01,420628.04000000004,244635.76,720771349.295,-3621612.630600095,68643.47999999998,-3134121.7900000247,0.0001
2026-08-20 15:30:00 CST,1787211000000,86.0,86.19,85.78,86.16,370975.37,202151.13,721375597.1656873,-773366.7984081507,33326.89000000002,-3100794.9000000246,0.0001
2026-08-20 16:00:00 CST,1787212800000,86.16,87.66,86.03,87.55,1674166.88,1000238.8400000001,724857484.1266929,3655376.063821912,326310.79999999993,-2774484.1000000243,0.0001
2026-08-20 16:30:00 CST,1787214600000,87.55,87.99,87.36,87.51,1187434.45,613199.18,726500724.8410822,-2548516.525317788,38963.90999999999,-2735520.1900000246,0.0001
2026-08-20 17:00:00 CST,1787216400000,87.52,87.82,87.27,87.52,869008.63,468863.18999999994,726991971.3861234,3700027.895723462,68717.75000000001,-2666802.4400000246,0.0001
2026-08-20 17:30:00 CST,1787218200000,87.52,87.73,87.08,87.33,578799.41,245933.02999999997,721803522.8093531,-2976788.9543880224,-86933.35,-2753735.790000024,0.0001
2026-08-20 18:00:00 CST,1787220000000,87.33,87.81,87.2,87.42,465883.48000000004,252037.68000000002,724891847.3867495,1082029.4847495556,38191.880000000005,-2715543.9100000234,0.0001
2026-08-20 18:30:00 CST,1787221800000,87.43,87.49,86.98,87.45,401328.56000000006,184741.28,723025924.6132982,-167085.7643017769,-31846.0,-2747389.910000024,0.0001
2026-08-20 19:00:00 CST,1787223600000,87.45,87.45,87.07,87.16,349969.86,153404.05,723158682.7901456,-3151147.7111729383,-43161.75999999999,-2790551.6700000237,0.0001
2026-08-20 19:30:00 CST,1787225400000,87.16,88.12,87.12,87.18,886056.61,450539.98000000004,723691159.5768,772269.9061405659,15023.350000000028,-2775528.3200000236,0.0001
2026-08-20 20:00:00 CST,1787227200000,87.18,87.4,86.57,86.92,758920.45,349201.79,715669005.6152,-4954675.60873127,-60516.86999999999,-2836045.1900000237,0.0001
2026-08-20 20:30:00 CST,1787229000000,86.93,87.12,86.51,87.05,563412.3099999999,275929.62,717270514.0736,2002209.5096000433,-11553.070000000022,-2847598.260000024,0.0001
2026-08-20 21:00:00 CST,1787230800000,87.06,87.48,86.94,87.03,517620.71,230041.72,720578727.0773443,3150776.739844322,-57537.26999999998,-2905135.530000024,0.0001
2026-08-20 21:30:00 CST,1787232600000,87.03,87.03,86.16,86.54,1125765.8599999999,518404.47,712247692.72,-7166689.636120677,-88956.92000000007,-2994092.4500000244,0.0001
2026-08-20 22:00:00 CST,1787234400000,86.55,86.86,86.18,86.29,536154.63,252116.13,711682068.3311,684698.9104999304,-31922.369999999995,-3026014.8200000245,0.0001
2026-08-20 22:30:00 CST,1787236200000,86.28,86.6,86.13,86.6,434264.33,229921.88,711543751.3275,2090469.6830999851,25579.429999999993,-3000435.3900000243,0.0001
2026-08-20 23:00:00 CST,1787238000000,86.59,87.34,86.54,87.03,787595.47,388219.31,715764253.0176,2480801.7816001177,-11156.849999999977,-3011592.240000024,0.0001
2026-08-20 23:30:00 CST,1787239800000,87.03,87.47,86.71,87.35,667275.75,342743.76,717892715.3443024,-454059.00089752674,18211.77000000001,-2993380.470000024,0.0001
2026-08-21 00:00:00 CST,1787241600000,87.35,87.35,86.84,87.1,510608.72,224530.01,712411861.3084307,-7945218.113069296,-61548.70000000002,-3054929.1700000237,0.0001
2026-08-21 00:30:00 CST,1787243400000,87.09,87.85,86.91,87.74,665738.63,349623.5,716402156.9571209,2604289.720120907,33508.37000000003,-3021420.800000024,0.0001
2026-08-21 01:00:00 CST,1787245200000,87.73,87.86,87.26,87.58,423180.76,170362.99000000002,715611474.6795,-4445487.055274606,-82454.78000000001,-3103875.5800000243,0.0001
2026-08-21 01:30:00 CST,1787247000000,87.58,87.92,87.45,87.47,341252.31,169840.38,715899692.2886,776009.1466158628,-1571.550000000003,-3105447.130000025,0.0001
2026-08-21 02:00:00 CST,1787248800000,87.48,87.64,86.75,87.16,833344.97,354143.47000000003,709421703.3682631,-4215668.475736856,-125058.03000000001,-3230505.1600000253,0.0001
2026-08-21 02:30:00 CST,1787250600000,87.16,87.22,86.63,86.82,418582.48000000004,173573.27,705811396.2872,-2101667.8720960617,-71435.93999999999,-3301941.1000000252,0.0001
2026-08-21 03:00:00 CST,1787252400000,86.83,87.45,86.81,87.27,374343.88999999996,168824.09,708505160.3025,4173688.117599964,-36695.70999999999,-3338636.810000025,0.0001
2026-08-21 03:30:00 CST,1787254200000,87.26,87.5,87.06,87.3,431197.22,227202.31,707831447.5292,206762.48638403416,23207.399999999987,-3315429.4100000258,0.0001
2026-08-21 04:00:00 CST,1787256000000,87.3,87.46,87.22,87.41,350538.88999999996,147229.67,707925048.3225,867985.5957000256,-56079.549999999996,-3371508.960000025,0.0001
2026-08-21 04:30:00 CST,1787257800000,87.41,87.68,87.4,87.58,343333.1,149798.36,706693874.9145,-872808.2215000391,-43736.37999999999,-3415245.3400000255,0.0001
2026-08-21 05:00:00 CST,1787259600000,87.57,87.87,87.4,87.44,311295.06,125959.48,702847531.8232,-4668813.628399968,-59376.100000000006,-3474621.4400000256,0.0001
2026-08-21 05:30:00 CST,1787261400000,87.44,87.71,87.43,87.49,146992.05,72432.25000000001,702367585.244,-487122.7714139223,-2127.5499999999975,-3476748.9900000254,0.0001
2026-08-21 06:00:00 CST,1787263200000,87.49,87.59,87.23,87.45,349570.02,179711.43,705723922.5202367,3085522.1758366823,9852.839999999997,-3466896.1500000255,0.0001
2026-08-21 06:30:00 CST,1787265000000,87.45,87.48,87.18,87.22,190643.27000000002,93142.35,703278228.4158427,-1786760.8226573467,-4358.570000000011,-3471254.720000026,0.0001
2026-08-21 07:00:00 CST,1787266800000,87.22,87.92,87.19,87.82,308513.58999999997,184754.02000000002,704312233.6872,2748375.8587999344,60994.45000000001,-3410260.2700000256,0.0001
2026-08-21 07:30:00 CST,1787268600000,87.83,87.99,87.53,87.63,301381.05,139243.6,705075639.7766498,-1602892.5325502157,-22893.850000000006,-3433154.120000026,0.0001
2026-08-21 08:00:00 CST,1787270400000,87.64,88.79,87.55,88.38,959039.58,512593.13,715894189.3052335,11463928.915214539,66146.67999999998,-3367007.4400000265,0.0001
2026-08-21 08:30:00 CST,1787272200000,88.38,88.66,87.79,88.21,675689.8599999999,372848.11,712238029.4741577,-115297.78729069233,70006.36,-3297001.080000026,0.0001
2026-08-21 09:00:00 CST,1787274000000,88.21,89.1,88.1,88.37,855914.28,431156.52999999997,711955672.7484,-137227.9373999834,6398.7799999999625,-3290602.300000026,0.0001
2026-08-21 09:30:00 CST,1787275800000,88.37,89.49,88.24,88.99,1033489.78,550794.8999999999,719888996.5908,7518740.4059000015,68100.01999999999,-3222502.280000026,0.0001
2026-08-21 10:00:00 CST,1787277600000,89.0,89.79,88.48,89.39,1118350.0000000002,596153.4,723195515.7735,3202054.6434999704,73956.79999999993,-3148545.4800000256,0.0001
2026-08-21 10:30:00 CST,1787279400000,89.4,90.2,88.91,89.25,1285596.8399999999,676807.8300000001,732730415.368,6400230.840942502,68018.82000000005,-3080526.6600000253,0.0001
2026-08-21 11:00:00 CST,1787281200000,89.25,89.4,88.73,89.36,530909.88,244554.6,731019740.876,-1759637.461599946,-41800.68000000002,-3122327.340000025,0.0001
2026-08-21 11:30:00 CST,1787283000000,89.35,89.55,89.09,89.1,301053.83,146115.74,732389481.4365015,819560.4235014915,-8822.349999999995,-3131149.690000025,0.0001
2026-08-21 12:00:00 CST,1787284800000,89.1,89.46,88.86,88.93,398632.33,179466.3,733012320.114838,1557252.6398379803,-39699.729999999996,-3170849.420000025,0.0001
2026-08-21 12:30:00 CST,1787286600000,88.94,89.49,88.87,89.46,335681.64999999997,181608.39,737110676.7898879,6311519.422687888,27535.129999999994,-3143314.290000025,0.0001
2026-08-21 13:00:00 CST,1787288400000,89.47,89.99,89.17,89.62,493822.91000000003,253507.99,737185022.652,-465210.84772372246,13193.069999999985,-3130121.2200000254,0.0001
2026-08-21 13:30:00 CST,1787290200000,89.62,90.73,89.54,90.41,873409.79,480088.67,742892106.7423937,6177006.239530921,86767.54999999996,-3043353.6700000255,0.0001
2026-08-21 14:00:00 CST,1787292000000,90.42,91.33,90.0,90.05,969823.56,482061.53,736233752.581533,-6229487.495250702,-5700.500000000029,-3049054.1700000255,0.0001
2026-08-21 14:30:00 CST,1787293800000,90.05,90.45,89.72,90.21,761122.5,387216.97000000003,735243748.8871826,-500326.2658174038,13311.439999999988,-3035742.730000025,0.0001
2026-08-21 15:00:00 CST,1787295600000,90.22,91.19,90.16,90.27,909063.87,438199.31,737558758.7665274,598937.5392297506,-32665.25,-3068407.980000025,0.0001
2026-08-21 15:30:00 CST,1787297400000,90.27,90.74,89.92,90.41,614841.27,337010.81,735193360.9069163,-711109.3298836946,59180.349999999984,-3009227.6300000255,0.0001
2026-08-21 16:00:00 CST,1787299200000,90.41,91.56,90.35,91.37,972930.4299999999,518499.84,747523391.8815956,11476648.724853754,64069.250000000015,-2945158.3800000255,0.0001
2026-08-21 16:30:00 CST,1787301000000,91.38,93.42,91.24,93.29,1894990.3,1095496.6600000001,763272092.9850627,14832146.855954647,296003.01999999996,-2649155.360000026,0.0001
2026-08-21 17:00:00 CST,1787302800000,93.28,93.34,90.29,91.18,2768060.61,1214081.6199999999,731419984.9871528,-35481301.30966437,-339897.3700000001,-2989052.730000026,0.0001
2026-08-21 17:30:00 CST,1787304600000,91.18,92.18,91.0,91.66,992496.9199999999,499339.64,748018503.3636,16275191.497610092,6182.360000000015,-2982870.370000026,0.0001
2026-08-21 18:00:00 CST,1787306400000,91.67,91.75,90.84,91.27,667229.35,309680.9,743135024.8426596,-615599.9463875294,-47867.54999999999,-3030737.920000026,0.0001
2026-08-21 18:30:00 CST,1787308200000,91.26,91.68,90.85,91.48,343093.95999999996,170152.32,746045170.5969,2976414.906308174,-2789.320000000007,-3033527.2400000254,0.0001
2026-08-21 19:00:00 CST,1787310000000,91.47,91.62,90.46,91.0,958931.72,444301.09,739973154.69,-6181805.2846632,-70329.53999999998,-3103856.780000025,0.0001
2026-08-21 19:30:00 CST,1787311800000,91.0,91.03,89.8,90.31,1177344.08,530308.88,732856073.3520558,-7689041.957944155,-116726.31999999999,-3220583.1000000252,0.0001
2026-08-21 20:00:00 CST,1787313600000,90.31,90.52,90.02,90.33,553034.75,250325.42,730817566.7537177,783285.28444314,-52383.90999999996,-3272967.010000025,0.0001
2026-08-21 20:30:00 CST,1787315400000,90.32,91.16,90.25,90.87,619991.6799999999,365310.80000000005,735898481.9001878,5941144.742587805,110629.92000000004,-3162337.090000025,0.0001
2026-08-21 21:00:00 CST,1787317200000,90.88,91.0,90.4,90.75,340234.95,151278.84,730298887.7335894,-6250593.464511752,-37677.27000000001,-3200014.3600000245,0.0001
2026-08-21 21:30:00 CST,1787319000000,90.75,91.38,89.74,91.04,1077179.95,518519.1,737339591.3015,4732397.250744939,-40141.74999999997,-3240156.1100000245,0.0001
2026-08-21 22:00:00 CST,1787320800000,91.05,91.38,90.55,91.32,630729.29,313024.3,742291391.1321759,1580105.3797867298,-4680.690000000017,-3244836.800000024,0.0001
2026-08-21 22:30:00 CST,1787322600000,91.32,91.97,91.12,91.86,663611.04,322266.32,752790867.8135,8895311.467203856,-19078.399999999958,-3263915.200000024,0.0001
2026-08-21 23:00:00 CST,1787324400000,91.87,92.17,91.47,91.55,626098.26,298017.22,751502038.7505263,-2788344.46344316,-30063.819999999992,-3293979.020000024,0.0001
2026-08-21 23:30:00 CST,1787326200000,91.55,91.8,91.22,91.36,406540.32,167948.23,746741338.4619734,-4272810.882240415,-70643.86000000002,-3364622.880000024,0.0001
2026-08-22 00:00:00 CST,1787328000000,91.36,91.53,90.75,91.51,524834.99,263937.71,744438814.3756641,-2602666.4560552835,3040.4299999999785,-3361582.450000024,0.0001
2026-08-22 00:30:00 CST,1787329800000,91.51,91.93,91.31,91.6,359409.56,165151.22000000003,748469750.7657,2731481.203255534,-29107.120000000003,-3390689.570000024,0.0001
2026-08-22 01:00:00 CST,1787331600000,91.61,91.93,91.17,91.56,459858.24,239166.62,750464375.4885674,2692255.295167327,18475.0,-3372214.570000024,0.0001
2026-08-22 01:30:00 CST,1787333400000,91.57,92.0,91.36,91.8,615573.01,219599.38,744859741.4600968,-8681034.820300102,-176374.25000000006,-3548588.820000024,0.0001
2026-08-22 02:00:00 CST,1787335200000,91.8,92.08,91.64,91.9,348860.06,195722.5,748744999.2262287,3950975.1955287457,42584.94,-3506003.8800000236,0.0001
2026-08-22 02:30:00 CST,1787337000000,91.9,92.01,91.07,91.56,753337.2000000001,251012.22,755592969.8981974,7654319.566597462,-251312.75999999998,-3757316.640000024,0.0001
2026-08-22 03:00:00 CST,1787338800000,91.57,91.63,90.84,91.31,548322.81,260253.57,745373823.534,-12199463.578302503,-27815.66999999997,-3785132.3100000233,0.0001
2026-08-22 03:30:00 CST,1787340600000,91.32,91.37,90.76,90.96,251946.63,123656.07999999999,745251662.5124475,-1606488.5769668818,-4634.470000000012,-3789766.780000023,0.0001
2026-08-22 04:00:00 CST,1787342400000,90.97,91.98,90.43,91.81,684222.31,323440.97,749030751.444,4051555.9479733706,-37340.370000000024,-3827107.1500000237,0.0001
2026-08-22 04:30:00 CST,1787344200000,91.82,91.95,91.54,91.86,282202.2,121798.21999999999,752400548.838,1582548.3137686253,-38605.76,-3865712.910000024,0.0001
2026-08-22 05:00:00 CST,1787346000000,91.87,93.0,91.66,92.8,800097.99,464240.44,757003524.222787,4267112.356387019,128382.89000000001,-3737330.020000024,0.0001
2026-08-22 05:30:00 CST,1787347800000,92.8,93.88,92.61,93.75,919448.8900000001,438198.07,773061217.8744626,16882422.92466259,-43052.75000000003,-3780382.7700000233,0.0001
2026-08-22 06:00:00 CST,1787349600000,93.75,94.42,93.44,94.19,1270560.6500000001,664093.32,773934939.6552,-938423.3688000441,57625.98999999996,-3722756.780000023,0.0001
2026-08-22 06:30:00 CST,1787351400000,94.18,94.65,93.31,94.3,1180885.15,552212.1199999999,771793956.8033819,-4036229.7691589594,-76460.91000000006,-3799217.6900000228,0.0001
2026-08-22 07:00:00 CST,1787353200000,94.29,95.04,93.87,94.43,822530.76,407429.37,773769844.1250869,5251728.428986907,-7672.019999999975,-3806889.710000023,0.0001
2026-08-22 07:30:00 CST,1787355000000,94.43,94.49,93.37,93.72,696121.55,325437.03,759253806.8684446,-7133822.300755382,-45247.49,-3852137.200000023,0.0001
2026-08-22 08:00:00 CST,1787356800000,93.73,94.44,92.84,93.65,996694.23,460982.36000000004,765478188.698,6621322.564091325,-74729.51,-3926866.710000023,0.0001
2026-08-22 08:30:00 CST,1787358600000,93.66,93.96,93.39,93.88,438013.73,192322.19,762333914.1687,2632816.9872000217,-53369.34999999999,-3980236.0600000224,0.0001
2026-08-22 09:00:00 CST,1787360400000,93.89,94.31,93.73,94.03,383928.29000000004,189505.58,765231304.3589712,350895.9167588949,-4917.130000000012,-3985153.1900000228,0.0001
2026-08-22 09:30:00 CST,1787362200000,94.02,94.45,93.46,93.67,491732.1699999999,245799.22,763377929.356192,-2928763.0362080336,-133.73000000001775,-3985286.920000023,0.0001
2026-08-22 10:00:00 CST,1787364000000,93.68,95.09,93.67,94.84,581515.35,331490.20999999996,777954218.724,14661998.891878247,81465.06999999999,-3903821.850000023,0.0001
2026-08-22 10:30:00 CST,1787365800000,94.84,95.86,94.64,95.65,1140297.6400000001,579696.5199999999,788414568.4002068,11428246.066920877,19095.40000000001,-3884726.4500000225,0.0001
2026-08-22 11:00:00 CST,1787367600000,95.66,97.2,95.5,96.86,1272829.12,718638.6300000001,808787249.3126831,15438954.10468316,164448.14000000004,-3720278.310000023,0.0001
2026-08-22 11:30:00 CST,1787369400000,96.86,97.63,96.42,96.81,1093848.49,577457.39,813274202.5125135,3737547.536732912,61066.28999999998,-3659212.0200000224,0.0001
2026-08-22 12:00:00 CST,1787371200000,96.82,98.05,96.2,98.0,948971.97,497594.63,814169100.7224933,3164554.2192932367,46217.28999999995,-3612994.7300000223,0.0001
2026-08-22 12:30:00 CST,1787373000000,97.99,102.84,97.87,99.14,6210971.409999999,2699869.9000000004,808322290.673,-12033855.930999994,-811231.6100000001,-4424226.340000022,0.0001
2026-08-22 13:00:00 CST,1787374800000,99.14,100.02,87.0,94.07,6176711.2,2671459.7800000003,743822200.9916587,-81683124.22948122,-833791.6399999999,-5258017.980000022,0.0001
2026-08-22 13:30:00 CST,1787376600000,94.07,94.89,92.87,94.21,1641514.26,749964.4000000001,756193098.1680136,1246689.5521080494,-141585.46000000005,-5399603.440000022,0.0001
2026-08-22 14:00:00 CST,1787378400000,94.21,94.5,93.4,93.91,967432.56,415675.31999999995,754445370.1348351,-3918922.689728141,-136081.92,-5535685.36000002,0.0001
2026-08-22 14:30:00 CST,1787380200000,93.91,95.16,93.06,94.32,1037684.32,505821.81,760669407.1709428,7126089.370742798,-26040.70000000004,-5561726.06000002,0.0001
2026-08-22 15:00:00 CST,1787382000000,94.32,95.2,94.05,95.03,734408.2200000001,338076.85000000003,767077494.3768096,5734048.200909615,-58254.520000000004,-5619980.58000002,0.0001
2026-08-22 15:30:00 CST,1787383800000,95.02,95.55,94.38,94.46,590843.54,274002.85,769884795.775463,1748663.057123065,-42837.840000000004,-5662818.4200000195,0.0001
2026-08-22 16:00:00 CST,1787385600000,94.46,95.02,93.66,93.8,640988.8,309132.11,764291034.975,-2354659.049399972,-22724.58000000003,-5685543.0000000205,0.0001
2026-08-22 16:30:00 CST,1787387400000,93.81,94.13,93.01,94.1,1049330.02,463326.15,758600322.1351527,-2145783.3835953474,-122677.72,-5808220.72000002,0.0001
2026-08-22 17:00:00 CST,1787389200000,94.1,94.58,92.96,94.3,689792.87,320419.42,763763385.3575,2118672.708411813,-48954.03000000004,-5857174.7500000205,0.0001
2026-08-22 17:30:00 CST,1787391000000,94.3,94.43,93.63,93.91,384687.14999999997,185979.87,760111221.3702028,-3285549.9364397526,-12727.410000000003,-5869902.160000019,0.0001
2026-08-22 18:00:00 CST,1787392800000,93.92,94.0,91.31,92.47,1897898.7,798265.3200000001,739485200.2870268,-22449575.715471864,-301368.05999999994,-6171270.220000018,0.0001
2026-08-22 18:30:00 CST,1787394600000,92.48,93.39,92.31,92.89,687173.0700000001,346466.01,749416710.6334975,3319422.5266975164,5758.949999999975,-6165511.270000019,0.0001
2026-08-22 19:00:00 CST,1787396400000,92.9,93.25,92.6,93.02,420968.68,205546.3,752712674.805,2911936.3916728497,-9876.080000000002,-6175387.350000018,0.0001
2026-08-22 19:30:00 CST,1787398200000,93.01,93.56,92.91,93.34,326796.6,178937.6,755845385.1737956,1287065.210736394,31078.59999999999,-6144308.750000019,0.0001
2026-08-22 20:00:00 CST,1787400000000,93.34,94.38,93.17,94.24,635685.9500000001,322217.04,762062496.630756,5623005.381310821,8748.129999999983,-6135560.620000018,0.0001
2026-08-22 20:30:00 CST,1787401800000,94.23,94.32,93.84,93.84,224165.90000000002,107839.34999999999,758919002.564002,-2619400.3685041666,-8487.2,-6144047.820000018,0.0001
2026-08-22 21:00:00 CST,1787403600000,93.84,94.21,93.56,93.88,286427.42,142976.66999999998,758289518.8533,1187111.3181751966,-474.0799999999981,-6144521.900000017,0.0001
2026-08-22 21:30:00 CST,1787405400000,93.87,94.26,93.59,94.15,260842.97000000003,130573.05000000002,760104666.7982033,1885930.6078863144,303.13000000001557,-6144218.770000016,0.0001
2026-08-22 22:00:00 CST,1787407200000,94.15,94.32,93.47,93.88,374434.3,181759.79,758842285.0064,-2082565.4040000439,-10914.720000000005,-6155133.490000016,0.0001
2026-08-22 22:30:00 CST,1787409000000,93.87,94.06,92.89,93.26,509955.30999999994,209818.88,751259831.4104736,-9602654.755826473,-90317.55,-6245451.040000017,0.0001
2026-08-22 23:00:00 CST,1787410800000,93.27,93.53,92.81,93.27,291088.88,140191.28999999998,755876314.9778568,1145191.9004567862,-10706.299999999988,-6256157.340000016,0.0001
2026-08-22 23:30:00 CST,1787412600000,93.27,93.61,93.0,93.09,302354.39,128605.51000000001,754358988.5001192,-2622349.0166808367,-45143.369999999995,-6301300.710000016,0.0001
2026-08-23 00:00:00 CST,1787414400000,93.09,94.1,93.09,93.91,317983.0,162612.88,759422797.2045,7535321.24361527,7242.759999999995,-6294057.950000015,0.0001
2026-08-23 00:30:00 CST,1787416200000,93.91,94.69,93.89,94.33,449596.37,224148.25000000003,760058768.978951,1935057.0687509775,-1299.8699999999735,-6295357.820000015,0.0001
2026-08-23 01:00:00 CST,1787418000000,94.33,94.58,93.77,93.85,438329.56999999995,185693.08,760211518.9005052,410667.07192122936,-66943.40999999997,-6362301.230000014,0.0001
2026-08-23 01:30:00 CST,1787419800000,93.86,94.59,93.86,94.28,176376.59,99607.44,762101416.4607022,5386896.120099664,22838.290000000005,-6339462.940000014,0.0001
2026-08-23 02:00:00 CST,1787421600000,94.29,94.56,94.06,94.41,152755.58000000002,87955.25,762722899.1757911,1429946.2533911467,23154.920000000006,-6316308.0200000135,0.0001
2026-08-23 02:30:00 CST,1787423400000,94.41,94.54,94.04,94.47,196326.72000000003,91430.98000000001,760516580.7069502,-2604216.9414606094,-13464.760000000002,-6329772.780000014,0.0001
2026-08-23 03:00:00 CST,1787425200000,94.48,94.73,94.27,94.43,213305.8,108326.45000000001,761479840.4306691,-1049635.512530923,3347.099999999995,-6326425.680000015,0.0001
2026-08-23 03:30:00 CST,1787427000000,94.42,94.83,94.42,94.49,198589.21000000002,103941.54999999999,763275129.2314,1721319.0707113743,9293.889999999994,-6317131.790000014,0.0001
2026-08-23 04:00:00 CST,1787428800000,94.5,94.79,94.39,94.48,143543.94,71961.16,760652739.5477378,-1100561.8613622189,378.3799999999974,-6316753.410000015,0.0001
2026-08-23 04:30:00 CST,1787430600000,94.48,94.66,94.31,94.39,123246.04000000001,57212.55,760668227.6084363,-84061.13730084896,-8820.940000000004,-6325574.350000015,0.0001
2026-08-23 05:00:00 CST,1787432400000,94.4,94.4,93.48,93.83,437510.53,184049.51,751268448.6864253,-8659545.629520774,-69411.50999999997,-6394985.860000016,0.0001
2026-08-23 05:30:00 CST,1787434200000,93.84,93.86,92.72,92.83,423623.45999999996,171881.97,741591282.7056,-9981820.988999963,-79859.51999999999,-6474845.380000017,0.0001
2026-08-23 06:00:00 CST,1787436000000,92.83,93.99,92.58,93.92,553338.05,315472.95999999996,754949574.5872706,12451622.642355204,77607.87,-6397237.510000017,0.0001
2026-08-23 06:30:00 CST,1787437800000,93.92,94.03,93.54,93.62,309916.30999999994,134131.91,754264808.118571,-1379856.187166214,-41652.49,-6438890.000000016,0.0001
2026-08-23 07:00:00 CST,1787439600000,93.62,93.82,93.36,93.62,156836.99999999997,73861.22,753491019.8438531,1419002.548134923,-9114.559999999998,-6448004.560000015,0.0001
2026-08-23 07:30:00 CST,1787441400000,93.62,94.02,93.37,93.83,141826.81,73580.86,755598945.337642,3076279.0904283524,5334.9100000000035,-6442669.650000014,0.0001
2026-08-23 08:00:00 CST,1787443200000,93.84,94.34,93.58,94.31,288241.07,148039.21999999997,755260310.0328,246830.68320000172,7837.369999999999,-6434832.280000014,0.0001
2026-08-23 08:30:00 CST,1787445000000,94.3,100.54,94.29,96.38,2899795.0099999993,1650515.6599999997,749609088.8251,-6293549.231900096,401236.31000000006,-6038104.640000015,0.0001
2026-08-23 09:00:00 CST,1787446800000,96.39,96.41,95.8,96.1,617775.2300000001,306632.30000000005,742571300.1693,-4597660.2720400095,-4510.630000000019,-6042615.270000014,0.0001
2026-08-23 09:30:00 CST,1787448600000,96.11,96.62,95.66,96.02,541934.27,273884.93,749326968.5968939,5569846.342893958,5835.589999999967,-6036779.680000015,0.0001
2026-08-23 10:00:00 CST,1787450400000,96.03,96.3,93.74,94.51,1481240.66,753742.1699999999,760592335.734262,14268436.347037911,26243.680000000066,-6010536.000000015,0.0001
2026-08-23 10:30:00 CST,1787452200000,94.51,98.31,94.33,94.92,1553077.46,951719.17,751900453.5925978,-10304027.795878172,350360.88000000006,-5660175.120000014,0.0001
2026-08-23 11:00:00 CST,1787454000000,94.92,95.07,94.21,94.25,592899.1699999999,293053.36,738030936.7454712,-10608087.43277514,-6792.449999999997,-5666967.570000013,0.0001
2026-08-23 11:30:00 CST,1787455800000,94.24,94.31,93.43,93.74,654906.68,287303.8,733383036.8109,-4807716.881399989,-80299.08000000002,-5747266.650000013,0.0001
2026-08-23 12:00:00 CST,1787457600000,93.74,94.14,93.17,93.62,557222.36,269298.14,731286880.1581182,-1069440.3541318178,-18626.079999999973,-5765892.730000013,0.0001
2026-08-23 12:30:00 CST,1787459400000,93.62,93.65,92.23,92.56,964808.1499999999,427086.09,734082482.4182,1906878.0052000284,-110635.96999999999,-5876528.700000013,0.0001
2026-08-23 13:00:00 CST,1787461200000,92.57,93.33,91.57,93.03,1206418.6400000001,539798.11,737862398.3861377,6952850.698840618,-126822.42000000003,-6003351.120000014,0.0001
2026-08-23 13:30:00 CST,1787463000000,93.03,93.25,92.31,92.31,384520.37,186868.34,732911390.5554222,-3685360.4821344614,-10783.689999999977,-6014134.8100000145,0.0001
2026-08-23 14:00:00 CST,1787464800000,92.31,92.57,91.79,92.31,636242.88,282317.61,728910871.2582198,-2876417.6809669733,-71607.65999999997,-6085742.470000016,0.0001
2026-08-23 14:30:00 CST,1787466600000,92.32,92.8,92.02,92.26,361291.87,181911.62,727523800.4607,-1469083.749285102,2531.37000000001,-6083211.100000015,0.0001
2026-08-23 15:00:00 CST,1787468400000,92.26,92.99,92.13,92.75,306128.93,153407.13999999998,732586716.176104,4147793.916103959,685.3499999999949,-6082525.750000016,0.0001
2026-08-23 15:30:00 CST,1787470200000,92.74,92.75,92.33,92.49,213992.58000000002,107467.9,729617459.8502696,-2666457.1444448233,943.2199999999939,-6081582.530000016,0.0001
2026-08-23 16:00:00 CST,1787472000000,92.49,93.0,92.32,92.89,298515.21,164736.24,731193041.4017704,3249670.43808949,30957.26999999999,-6050625.260000016,0.0001
2026-08-23 16:30:00 CST,1787473800000,92.89,93.56,92.8,93.2,475706.39,260395.11,736518175.1927155,4967238.364524126,45083.83000000002,-6005541.430000015,0.0001
2026-08-23 17:00:00 CST,1787475600000,93.21,93.47,93.12,93.24,215927.58000000002,102657.59,735471307.6490406,-439213.9989594221,-10612.400000000001,-6016153.830000013,0.0001
2026-08-23 17:30:00 CST,1787477400000,93.25,93.56,92.9,93.33,234528.25999999998,113273.40000000001,738631044.563426,1709840.4585565329,-7981.460000000003,-6024135.290000013,0.0001
2026-08-23 18:00:00 CST,1787479200000,93.33,94.13,93.29,93.7,522522.56999999995,296250.21,739398313.2135857,1791600.8450887203,69977.84999999998,-5954157.440000014,0.0001
2026-08-23 18:30:00 CST,1787481000000,93.69,93.92,93.58,93.63,224569.03999999998,97985.42,739181918.1509428,465265.9139428139,-28598.199999999993,-5982755.640000014,0.0001
2026-08-23 19:00:00 CST,1787482800000,93.63,94.59,93.54,94.32,457572.38,264607.6,745412324.0420663,6507772.653527617,71642.82000000004,-5911112.820000014,0.0001
2026-08-23 19:30:00 CST,1787484600000,94.32,94.85,94.26,94.62,418590.7300000001,227444.33000000002,749623965.0504253,4780320.603678465,36297.92999999999,-5874814.890000014,0.0001
2026-08-23 20:00:00 CST,1787486400000,94.62,94.62,94.09,94.49,450778.89999999997,179676.36,746823049.3104212,-1953007.163618207,-91426.18,-5966241.070000013,0.0001
2026-08-23 20:30:00 CST,1787488200000,94.49,94.81,94.42,94.58,225082.06,106736.54999999999,746223203.628,-136275.95194661617,-11608.960000000006,-5977850.030000013,0.0001
2026-08-23 21:00:00 CST,1787490000000,94.58,95.84,94.57,95.06,673639.4199999999,362907.65,752164499.0981636,4278146.258163571,52175.88000000001,-5925674.150000013,0.0001
2026-08-23 21:30:00 CST,1787491800000,95.07,95.56,94.84,95.38,424805.5,197397.99,754363251.8422563,4025843.812853217,-30009.519999999997,-5955683.670000013,0.0001
2026-08-23 22:00:00 CST,1787493600000,95.39,95.7,95.08,95.38,486939.0,239815.87000000002,753186290.6529083,-1348693.3478689194,-7307.25999999998,-5962990.930000013,0.0001
2026-08-23 22:30:00 CST,1787495400000,95.38,95.52,93.0,95.06,1389251.44,591453.13,740398377.5976268,-15115931.06212461,-206345.17999999996,-6169336.110000013,0.0001
2026-08-23 23:00:00 CST,1787497200000,95.05,95.48,94.65,95.45,579393.51,292235.46,745151830.3887705,5347449.736270428,5077.410000000025,-6164258.700000012,0.0001
2026-08-23 23:30:00 CST,1787499000000,95.46,95.9,95.28,95.35,506212.21,246196.33000000002,751021484.2704732,4089266.8721883297,-13819.549999999985,-6178078.250000013,0.0001
2026-08-24 00:00:00 CST,1787500800000,95.36,95.55,95.16,95.41,235198.62,105431.31999999999,750576967.6346346,1180976.914739132,-24335.980000000003,-6202414.230000013,0.0001
2026-08-24 00:30:00 CST,1787502600000,95.42,95.71,95.27,95.41,251150.69,128890.12,750517018.533621,-335659.9608889818,6629.549999999992,-6195784.680000012,0.0001
2026-08-24 01:00:00 CST,1787504400000,95.41,95.52,94.81,95.18,375063.5,166143.99,749242775.5607438,-1406326.9812562466,-42775.519999999975,-6238560.200000012,0.0001
2026-08-24 01:30:00 CST,1787506200000,95.18,95.29,94.81,95.11,217636.97999999998,97432.05,748687830.551223,-46331.03269791603,-22772.880000000005,-6261333.080000012,0.0001
2026-08-24 02:00:00 CST,1787508000000,95.1,95.47,94.94,95.36,263097.55999999994,124498.31999999999,752729640.2308652,3665818.5916615725,-14100.919999999998,-6275434.000000012,0.0001
2026-08-24 02:30:00 CST,1787509800000,95.37,95.4,95.09,95.3,150335.28,79769.12999999999,751991334.0513855,-1238557.9115145206,9202.980000000005,-6266231.020000013,0.0001
2026-08-24 03:00:00 CST,1787511600000,95.3,95.43,94.86,95.04,175532.64,74335.21,751584165.363184,-1423852.6290112734,-26862.219999999994,-6293093.240000012,0.0001
2026-08-24 03:30:00 CST,1787513400000,95.04,95.48,94.81,95.06,274249.31,136543.28,753957782.9607115,2587776.9865353107,-1162.7500000000036,-6294255.990000013,0.0001
2026-08-24 04:00:00 CST,1787515200000,95.07,95.4,94.72,95.27,245544.11,129692.51,753471131.4475195,646461.7167761326,13840.91,-6280415.080000013,0.0001
2026-08-24 04:30:00 CST,1787517000000,95.28,95.37,95.0,95.07,116962.31999999999,68628.09999999999,752583128.1408,-826170.2248069048,20293.880000000005,-6260121.200000013,0.0001
2026-08-24 05:00:00 CST,1787518800000,95.07,96.25,95.07,96.11,605639.4200000002,376974.74000000005,752518925.5563815,-341405.2723252773,148310.06,-6111811.140000013,0.0001
2026-08-24 05:30:00 CST,1787520600000,96.11,96.27,95.18,95.34,460563.76,211635.9,748659622.3925421,-3987805.6492040157,-37291.960000000014,-6149103.100000013,0.0001
2026-08-24 06:00:00 CST,1787522400000,95.35,95.77,94.76,95.56,620588.51,312279.49,749258942.8524606,626109.7692323923,3970.4700000000157,-6145132.630000013,0.0001
2026-08-24 06:30:00 CST,1787524200000,95.56,95.73,95.33,95.59,224287.81,110642.35999999999,749821892.463087,22546.354414343834,-3003.0900000000074,-6148135.720000013,0.0001
2026-08-24 07:00:00 CST,1787526000000,95.6,95.69,95.01,95.48,301469.73000000004,144594.19999999998,746709447.3475072,-3069831.952160716,-12281.330000000009,-6160417.050000013,0.0001
2026-08-24 07:30:00 CST,1787527800000,95.48,95.89,95.02,95.44,313321.22000000003,169317.72000000003,747343932.0541972,-1887824.634602785,25314.220000000005,-6135102.830000013,0.0001
2026-08-24 08:00:00 CST,1787529600000,95.45,95.52,93.51,94.52,717067.86,319618.16000000003,744817114.0444854,-2849409.0593748093,-77831.53999999998,-6212934.370000012,0.0001
2026-08-24 08:30:00 CST,1787531400000,94.52,95.56,94.13,95.54,902303.58,471859.57,745218701.4770832,1726513.9943236113,41415.56000000002,-6171518.810000014,0.0001
2026-08-24 09:00:00 CST,1787533200000,95.54,95.56,94.45,94.49,466751.73000000004,197725.97,738678743.1321,-10344356.2967242,-71299.79000000001,-6242818.6000000145,0.0001
2026-08-24 09:30:00 CST,1787535000000,94.48,94.67,93.7,93.85,542312.99,228296.55,740492885.0568886,2049900.3344886303,-85719.89000000001,-6328538.490000016,0.0001
2026-08-24 10:00:00 CST,1787536800000,93.86,94.78,93.65,94.78,443510.51999999996,210374.36,745104646.212,6816002.756000042,-22761.799999999992,-6351300.290000016,0.0001
2026-08-24 10:30:00 CST,1787538600000,94.78,95.05,94.02,94.57,430262.98,177172.30000000002,743307211.404,-2950710.492955804,-75918.37999999998,-6427218.670000016,0.0001
2026-08-24 11:00:00 CST,1787540400000,94.58,94.65,93.75,93.76,302436.61,146730.35,741960875.07,-2755372.1499091387,-8975.910000000003,-6436194.580000015,0.0001
2026-08-24 11:30:00 CST,1787542200000,93.76,94.09,93.42,93.66,344792.12,163578.46000000002,739853599.7987618,501461.6529018879,-17635.199999999993,-6453829.780000015,0.0001
2026-08-24 12:00:00 CST,1787544000000,93.66,94.31,93.63,94.27,263288.13,147470.53,743267498.2656,4215293.896799922,31652.929999999997,-6422176.8500000145,0.0001
2026-08-24 12:30:00 CST,1787545800000,94.28,94.34,93.64,94.2,299185.38999999996,131035.71,740331302.502071,-4108949.572328925,-37113.969999999994,-6459290.820000015,0.0001
2026-08-24 13:00:00 CST,1787547600000,94.2,94.66,93.69,94.03,577610.28,274674.61,737619890.308024,-4439247.82994616,-28261.059999999983,-6487551.880000016,0.0001
2026-08-24 13:30:00 CST,1787549400000,94.03,94.38,93.44,94.26,429568.22,222100.94,739383833.1642108,1887080.946210742,14633.66000000001,-6472918.220000016,0.0001
2026-08-24 14:00:00 CST,1787551200000,94.25,94.46,93.76,94.23,362683.17000000004,179162.39,739273062.3893063,-323187.56991815567,-4358.389999999992,-6477276.610000015,0.0001
2026-08-24 14:30:00 CST,1787553000000,94.22,94.63,93.85,94.54,378792.41000000003,180054.27,737938822.5715284,-158987.55347156525,-18683.87000000001,-6495960.480000015,0.0001
2026-08-24 15:00:00 CST,1787554800000,94.54,95.46,94.25,94.3,667360.41,308082.24,744268385.0043,3162552.623501301,-51195.93000000001,-6547156.410000017,0.0001
2026-08-24 15:30:00 CST,1787556600000,94.3,94.43,93.96,94.1,570147.81,290855.61,741683873.8105506,2890504.007550597,11563.409999999996,-6535593.000000018,0.0001
2026-08-24 16:00:00 CST,1787558400000,94.11,94.37,93.22,93.38,585238.53,219006.58,740426423.7482753,537841.6017889977,-147225.37,-6682818.370000018,0.0001
2026-08-24 16:30:00 CST,1787560200000,93.37,94.08,93.34,93.92,267234.35000000003,142600.56,744722977.4058,6534791.63440001,17966.76999999999,-6664851.600000016,0.0001
2026-08-24 17:00:00 CST,1787562000000,93.91,94.69,93.86,94.64,389811.82999999996,192227.31,748113075.556931,3330473.2306159735,-5357.209999999977,-6670208.810000016,0.0001
2026-08-24 17:30:00 CST,1787563800000,94.63,94.9,94.62,94.67,240801.11000000002,111672.57999999999,751440829.7459489,2143750.997528076,-17455.94999999999,-6687664.760000016,0.0001
2026-08-24 18:00:00 CST,1787565600000,94.66,95.14,94.58,94.83,444611.33,233356.16999999998,750056060.948815,-175653.2293945551,22101.009999999984,-6665563.750000015,0.0001
2026-08-24 18:30:00 CST,1787567400000,94.83,95.02,94.56,94.71,295070.56,126153.56000000001,748428978.0806042,-1160435.6564354897,-42763.44,-6708327.190000014,0.0001
2026-08-24 19:00:00 CST,1787569200000,94.7,94.94,94.23,94.89,355189.32999999996,156716.24999999997,746335832.5540054,-1820850.117994666,-41756.830000000016,-6750084.020000014,0.0001
2026-08-24 19:30:00 CST,1787571000000,94.89,96.32,94.84,95.84,1079607.36,591170.72,752507975.3224232,5007194.708861113,102734.08000000005,-6647349.940000014,0.0001
2026-08-24 20:00:00 CST,1787572800000,95.83,95.84,93.6,95.41,1356890.25,667029.77,762935147.7275267,9987968.501339197,-22830.709999999985,-6670180.650000015,0.0001
2026-08-24 20:30:00 CST,1787574600000,95.42,96.67,95.26,96.26,992866.99,532244.6,767476035.6664,5275877.752644777,71622.20999999998,-6598558.440000015,0.0001
2026-08-24 21:00:00 CST,1787576400000,96.27,96.51,95.86,96.05,542816.15,221814.34000000003,770540672.5243727,1648427.7897782326,-99187.47,-6697745.910000015,0.0001
2026-08-24 21:30:00 CST,1787578200000,96.05,96.07,94.24,94.99,1497730.39,708330.39,758536617.091712,-11181798.298688054,-81069.60999999999,-6778815.520000014,0.0001
2026-08-24 22:00:00 CST,1787580000000,94.99,96.12,94.8,95.75,823080.81,420995.86,762721791.402,-526637.6480000019,18910.910000000018,-6759904.610000014,0.0001
2026-08-24 22:30:00 CST,1787581800000,95.75,96.72,95.48,96.07,1090280.3699999999,488914.66000000003,768806584.4293377,2827065.632219076,-112451.04999999999,-6872355.660000014,0.0001
2026-08-24 23:00:00 CST,1787583600000,96.08,97.57,95.97,97.3,879236.77,513828.61,779054208.3776,8150729.796000004,148420.44999999998,-6723935.210000014,0.0001
2026-08-24 23:30:00 CST,1787585400000,97.29,97.31,96.12,96.43,1179064.6300000001,470885.99999999994,771173956.2828,-6666247.380300045,-237292.63,-6961227.840000013,0.0001
2026-08-25 00:00:00 CST,1787587200000,96.43,97.56,96.43,97.04,732273.8799999999,376286.38999999996,774659020.3344,6291659.104300022,20298.899999999972,-6940928.940000013,0.0001
2026-08-25 00:30:00 CST,1787589000000,97.03,97.38,95.7,96.03,733806.44,335780.05999999994,754930922.256,-18728845.653193593,-62246.32000000001,-7003175.260000014,0.0001
2026-08-25 01:00:00 CST,1787590800000,96.04,96.18,94.76,94.9,1353207.3800000001,704766.4500000001,750130436.6522346,-6604476.0111655,56325.52000000002,-6946849.740000014,0.0001
2026-08-25 01:30:00 CST,1787592600000,94.91,95.39,94.78,95.36,541694.89,336576.69,753815798.8716,2287363.364982128,131458.49000000005,-6815391.250000014,0.0001
2026-08-25 02:00:00 CST,1787594400000,95.35,96.39,95.35,96.25,565755.13,311717.04000000004,759513223.494577,5650132.484692693,57678.95000000002,-6757712.300000014,0.0001
2026-08-25 02:30:00 CST,1787596200000,96.25,96.4,95.66,95.88,385372.3400000001,151712.99,757530182.6998,-3280743.533598304,-81946.36000000002,-6839658.660000014,0.0001
2026-08-25 03:00:00 CST,1787598000000,95.88,96.24,95.37,95.91,617375.01,273192.11,757076224.078,-270313.7768871784,-70990.79000000002,-6910649.450000012,0.0001
2026-08-25 03:30:00 CST,1787599800000,95.91,96.62,95.83,96.5,562820.15,245023.83000000002,762254054.3437,2225134.2373000383,-72772.49000000002,-6983421.940000013,0.0001
2026-08-25 04:00:00 CST,1787601600000,96.51,96.65,95.69,95.89,323685.06,130237.23000000001,757757067.2376637,-3945574.8733508587,-63210.599999999984,-7046632.540000014,0.0001
2026-08-25 04:30:00 CST,1787603400000,95.9,96.74,95.83,96.52,374906.51999999996,175974.54,763627781.408,6618438.538503051,-22957.43999999999,-7069589.980000014,0.0001
2026-08-25 05:00:00 CST,1787605200000,96.52,96.99,96.51,96.73,292951.91,143359.69,763206007.4647716,-628444.945379734,-6232.529999999988,-7075822.510000015,0.0001
2026-08-25 05:30:00 CST,1787607000000,96.74,97.55,96.71,97.45,322867.06,164136.5,767405353.0383,3790811.8756490946,5405.940000000006,-7070416.570000015,0.0001
2026-08-25 06:00:00 CST,1787608800000,97.44,97.81,97.1,97.51,494958.57999999996,243934.88000000003,776207874.644,6892476.777521372,-7088.819999999978,-7077505.390000015,0.0001
2026-08-25 06:30:00 CST,1787610600000,97.5,98.72,97.27,97.42,1235198.45,664126.31,775401216.6712154,-1361170.1372077465,93054.16999999995,-6984451.220000014,0.0001
2026-08-25 07:00:00 CST,1787612400000,97.42,98.48,97.24,98.19,591981.45,331720.92000000004,788306199.4916117,11759465.025611758,71460.39000000003,-6912990.830000013,0.0001
2026-08-25 07:30:00 CST,1787614200000,98.18,98.99,97.98,98.96,607330.25,332446.51,795968249.1043,5893889.711381197,57562.770000000004,-6855428.060000014,0.0001
2026-08-25 08:00:00 CST,1787616000000,98.95,102.47,98.53,99.78,3550574.8600000003,1989431.6,813462382.7999978,10769112.524797797,428288.33999999997,-6427139.720000014,0.0001
2026-08-25 08:30:00 CST,1787617800000,99.78,102.84,99.54,101.76,2866534.03,1592483.3800000001,840113059.2923836,32084224.620464087,318432.73,-6108706.990000013,0.0001
2026-08-25 09:00:00 CST,1787619600000,101.76,102.59,101.37,102.1,817082.4100000001,439855.67000000004,844176487.2720299,5583844.46882987,62628.929999999964,-6046078.060000013,0.0001
2026-08-25 09:30:00 CST,1787621400000,102.09,102.36,100.07,100.47,953197.04,401969.59,830209124.1880765,-17653786.95892346,-149257.86,-6195335.920000013,0.0001
2026-08-25 10:00:00 CST,1787623200000,100.48,102.33,100.21,102.25,1459030.33,770596.23,839628093.2823433,9077161.288743258,82162.12999999995,-6113173.790000012,0.0001
2026-08-25 10:30:00 CST,1787625000000,102.25,102.33,100.27,100.9,1309995.28,621316.88,831251739.9517,-15566498.521399975,-67361.52000000002,-6180535.310000011,0.0001
2026-08-25 11:00:00 CST,1787626800000,100.9,101.8,100.84,101.64,570507.8300000001,312238.86,844383003.422647,8913549.740646958,53969.88999999999,-6126565.42000001,0.0001
2026-08-25 11:30:00 CST,1787628600000,101.64,102.08,101.16,101.6,615640.31,274052.01999999996,847744701.1960328,2802567.6657744646,-67536.27000000005,-6194101.69000001,0.0001
2026-08-25 12:00:00 CST,1787630400000,101.61,101.74,100.97,101.42,513189.01,209009.22000000003,847230379.2401428,276274.8548461199,-95170.56999999999,-6289272.260000009,0.0001
2026-08-25 12:30:00 CST,1787632200000,101.41,102.0,100.81,101.32,840156.1000000001,513262.41,839775431.2163292,-5699074.974843264,186368.71999999997,-6102903.540000008,0.0001
2026-08-25 13:00:00 CST,1787634000000,101.32,103.26,101.23,102.68,909625.53,511235.57000000007,850760083.2020836,9284077.311083555,112845.61000000004,-5990057.930000009,0.0001
2026-08-25 13:30:00 CST,1787635800000,102.68,102.76,101.67,101.88,642346.54,309304.1,852848587.1995,-9635281.147651434,-23738.340000000004,-6013796.270000009,0.0001
2026-08-25 14:00:00 CST,1787637600000,101.89,102.07,101.39,101.57,442108.2,233278.13,843564313.5597316,-4936148.518868446,24448.059999999998,-5989348.210000008,0.0001
2026-08-25 14:30:00 CST,1787639400000,101.58,101.58,100.41,100.75,602735.47,238972.45,828790824.1919104,-13319049.381689668,-124790.57,-6114138.780000008,0.0001
2026-08-25 15:00:00 CST,1787641200000,100.75,101.95,100.58,101.64,532873.91,268245.26,830152538.0979283,3173427.8879282475,3616.610000000015,-6110522.170000007,0.0001
2026-08-25 15:30:00 CST,1787643000000,101.65,101.75,99.48,100.22,1048618.94,461973.47000000003,817651701.6374875,-13878907.918512464,-124671.99999999993,-6235194.170000007,0.0001
2026-08-25 16:00:00 CST,1787644800000,100.22,101.08,99.71,100.99,806617.8500000001,422642.85,826808048.2645781,9168477.218906045,38667.84999999998,-6196526.320000007,0.0001
2026-08-25 16:30:00 CST,1787646600000,101.0,101.12,100.23,100.38,471896.97,197412.81000000003,820448355.951,-7159691.235785842,-77071.35,-6273597.670000006,0.0001
2026-08-25 17:00:00 CST,1787648400000,100.38,100.56,99.97,100.13,314333.55000000005,135651.34999999998,820000154.5554,800675.2025719881,-43030.850000000006,-6316628.520000006,0.0001
2026-08-25 17:30:00 CST,1787650200000,100.14,100.64,99.25,99.79,624332.1900000001,277302.98000000004,811268986.0098883,-6198341.252311707,-69726.22999999997,-6386354.7500000065,0.0001
2026-08-25 18:00:00 CST,1787652000000,99.78,99.88,99.04,99.53,679411.18,292219.43,818527925.9772,5148624.617200017,-94972.32000000004,-6481327.070000007,0.0001
2026-08-25 18:30:00 CST,1787653800000,99.53,99.84,99.27,99.6,280353.67,113057.90000000001,821453260.9943,2946628.144099951,-54237.87000000001,-6535564.940000006,0.0001
2026-08-25 19:00:00 CST,1787655600000,99.6,99.69,98.46,98.85,729104.82,327747.5,809807821.8153,-10521892.8543849,-73609.81999999998,-6609174.760000005,0.0001
2026-08-25 19:30:00 CST,1787657400000,98.85,99.23,98.51,98.6,389933.69999999995,182463.43,807867395.1306,-1663577.6737999916,-25006.839999999975,-6634181.600000005,0.0001
2026-08-25 20:00:00 CST,1787659200000,98.59,98.83,97.43,98.18,1206141.7499999998,526343.07,805113955.7355,-3105990.7897000313,-153455.61,-6787637.210000005,0.0001
2026-08-25 20:30:00 CST,1787661000000,98.19,98.69,97.79,98.57,491782.37,268393.92,816551804.6894128,3671033.542412877,45005.46999999997,-6742631.740000005,0.0001
2026-08-25 21:00:00 CST,1787662800000,98.56,98.78,96.52,96.94,1175851.7,477583.93000000005,809853401.56,-5925693.770128727,-220683.83999999994,-6963315.580000005,0.0001
2026-08-25 21:30:00 CST,1787664600000,96.94,98.23,96.17,97.12,1576802.76,789908.6200000001,805680895.0728,-7065030.933599949,3014.480000000025,-6960301.100000005,0.0001
2026-08-25 22:00:00 CST,1787666400000,97.12,98.17,96.87,97.97,908094.6900000001,502212.84,817807073.8577344,4752868.474699974,96330.99000000002,-6863970.110000005,0.0001
2026-08-25 22:30:00 CST,1787668200000,97.96,98.4,97.63,98.18,577148.29,305132.41000000003,820880793.9728,698029.0694077015,33116.53000000003,-6830853.580000006,0.0001
2026-08-25 23:00:00 CST,1787670000000,98.18,98.28,97.57,97.93,411293.91000000003,187237.3,819952168.560928,-1467818.7295720577,-36819.309999999976,-6867672.890000005,0.0001
2026-08-25 23:30:00 CST,1787671800000,97.92,98.47,97.77,98.32,357432.48,208851.99,819928302.9884,-299254.5900655985,60271.49999999997,-6807401.390000004,0.0001
2026-08-26 00:00:00 CST,1787673600000,98.33,98.54,97.72,98.01,373121.35000000003,175276.03,816843629.21,-6542889.636399984,-22569.29,-6829970.680000004,0.0001
2026-08-26 00:30:00 CST,1787675400000,98.01,98.64,97.98,98.16,265199.73000000004,144158.47,819753180.1088,1907179.310687542,23117.209999999995,-6806853.470000003,0.0001
2026-08-26 01:00:00 CST,1787677200000,98.15,98.17,97.39,97.59,436358.22000000003,196813.44,813219727.4223701,-5055419.38448441,-42731.34,-6849584.810000002,0.0001
2026-08-26 01:30:00 CST,1787679000000,97.58,98.18,97.58,98.16,246087.3,138833.59,818533788.0304303,5510322.290630341,31579.879999999997,-6818004.9300000025,0.0001
2026-08-26 02:00:00 CST,1787680800000,98.16,98.8,98.02,98.67,379367.47,199854.71,822695094.105157,3730742.2761570215,20341.950000000004,-6797662.980000002,0.0001
2026-08-26 02:30:00 CST,1787682600000,98.66,98.74,98.32,98.44,267520.06999999995,108951.85999999999,821303513.7286,-1478196.8755537271,-49616.34999999999,-6847279.330000002,0.0001
2026-08-26 03:00:00 CST,1787684400000,98.45,98.58,97.82,97.82,243690.63,107629.90000000001,818766215.5335,-2201478.3354980946,-28430.829999999998,-6875710.160000001,0.0001
2026-08-26 03:30:00 CST,1787686200000,97.83,97.96,97.42,97.9,447947.65,244509.33999999997,814577803.2393,1636708.629799962,41071.03000000001,-6834639.130000002,0.0001
2026-08-26 04:00:00 CST,1787688000000,97.91,98.01,96.99,97.65,433796.76,199751.15,814805689.4613482,-1798535.0116074085,-34294.46000000001,-6868933.590000003,0.0001
2026-08-26 04:30:00 CST,1787689800000,97.64,97.69,96.59,96.63,724817.62,289107.49,801944640.5894,-10627869.724299908,-146602.64,-7015536.230000002,0.0001
2026-08-26 05:00:00 CST,1787691600000,96.63,96.92,95.21,96.72,1157486.2,536432.4,796755214.8318216,-4312483.664178491,-84621.39999999997,-7100157.630000001,0.0001
2026-08-26 05:30:00 CST,1787693400000,96.71,97.23,96.58,97.14,409850.84,227874.36,802438003.15,1711198.1835999489,45897.88000000001,-7054259.750000003,0.0001
2026-08-26 06:00:00 CST,1787695200000,97.14,97.72,97.11,97.29,365393.43999999994,194615.44000000003,806856331.8818667,5587282.400366664,23837.440000000017,-7030422.310000003,0.0001
2026-08-26 06:30:00 CST,1787697000000,97.29,97.52,97.16,97.16,170855.65000000002,81276.48,804095286.5531063,-691054.0755642653,-8302.690000000004,-7038725.000000004,0.0001
2026-08-26 07:00:00 CST,1787698800000,97.16,97.38,96.81,97.03,303650.41,131894.06999999998,800567679.4326,-3200101.432763934,-39862.27,-7078587.270000003,0.0001
2026-08-26 07:30:00 CST,1787700600000,97.03,97.05,96.33,96.56,332808.4,141993.73,795755725.7904,-5355467.182239652,-48820.939999999995,-7127408.210000004,0.0001
2026-08-26 08:00:00 CST,1787702400000,96.56,96.76,96.12,96.5,424052.01,210832.43,796212438.231,602850.7613999844,-2387.1500000000087,-7129795.360000004,5.433e-05
2026-08-26 08:30:00 CST,1787704200000,96.5,96.9,96.13,96.61,342809.7,182805.19,799905182.6736,2314587.958599925,22800.680000000008,-7106994.680000004,5.433e-05
2026-08-26 09:00:00 CST,1787706000000,96.61,97.24,96.57,96.74,286339.11,134694.38,798833003.4927,1107803.7474999428,-16950.349999999995,-7123945.030000004,5.433e-05
2026-08-26 09:30:00 CST,1787707800000,96.75,97.23,96.72,96.97,163839.61000000002,96789.81,798519134.5335724,1297199.5335724354,29740.010000000002,-7094205.020000004,5.433e-05
2026-08-26 10:00:00 CST,1787709600000,96.98,97.49,96.74,97.48,225868.92,133286.93,801864342.3951266,3269454.510469675,40704.94,-7053500.080000004,5.433e-05
2026-08-26 10:30:00 CST,1787711400000,97.49,97.5,97.11,97.23,195770.43,96413.42,800101537.8223239,-3872771.7255444527,-2943.589999999991,-7056443.670000005,5.433e-05
2026-08-26 11:00:00 CST,1787713200000,97.24,97.32,96.84,97.04,169599.81,66401.84,799782159.035328,-941723.666271925,-36796.13,-7093239.800000004,5.433e-05
2026-08-26 11:30:00 CST,1787715000000,97.05,97.17,96.76,97.01,223639.16999999998,119357.26000000001,798833938.8059345,-126649.69206547737,15075.35000000001,-7078164.450000003,5.433e-05
2026-08-26 12:00:00 CST,1787716800000,97.0,97.2,96.78,97.05,202972.98,102189.53,799867397.7006567,802639.5293147564,1406.079999999998,-7076758.370000004,5.433e-05
2026-08-26 12:30:00 CST,1787718600000,97.06,97.28,96.51,96.57,371230.39999999997,148581.11,796362964.359,-2830121.9478000402,-74068.18,-7150826.550000004,5.433e-05
2026-08-26 13:00:00 CST,1787720400000,96.58,96.92,96.2,96.8,343036.63,159179.00999999998,799099752.9202,3254209.75940001,-24678.610000000008,-7175505.160000003,5.433e-05
2026-08-26 13:30:00 CST,1787722200000,96.79,97.17,96.73,97.04,232022.94,139819.0,799936402.6054307,1215656.9263644218,47615.060000000005,-7127890.100000002,5.433e-05
2026-08-26 14:00:00 CST,1787724000000,97.03,97.34,96.6,96.69,263698.79,135741.13,796174726.1209,-4852336.662479758,7783.469999999987,-7120106.630000004,5.433e-05
2026-08-26 14:30:00 CST,1787725800000,96.68,96.8,96.46,96.76,190567.26,100526.02,796419014.0984,73517.95879995823,10484.780000000012,-7109621.850000003,5.433e-05
2026-08-26 15:00:00 CST,1787727600000,96.75,97.1,96.62,96.93,276438.93,120647.54999999999,801316978.2622068,4676388.489094138,-35143.82999999999,-7144765.680000004,5.433e-05
2026-08-26 15:30:00 CST,1787729400000,96.92,97.12,96.88,96.88,239057.82,104989.5,801275101.041,-652287.5845999718,-29078.819999999992,-7173844.500000005,5.433e-05
2026-08-26 16:00:00 CST,1787731200000,96.89,97.35,96.86,97.12,203427.06,105101.36000000002,801636735.5176,998457.2040729523,6775.660000000007,-7167068.840000005,6.042e-05
2026-08-26 16:30:00 CST,1787733000000,97.13,97.17,96.64,96.76,195428.47999999998,75814.97,799621007.4725636,-3091257.9162364006,-43798.53999999999,-7210867.380000006,6.042e-05
2026-08-26 17:00:00 CST,1787734800000,96.77,96.97,96.17,96.27,334891.02,148598.87,795092004.1176,-5335831.10860002,-37693.28,-7248560.660000006,6.042e-05
2026-08-26 17:30:00 CST,1787736600000,96.26,96.43,95.73,96.13,346075.17000000004,159241.62,795031279.2594501,-655488.3720470667,-27591.93,-7276152.590000005,6.042e-05
2026-08-26 18:00:00 CST,1787738400000,96.13,96.7,95.94,96.63,249927.64999999997,131400.85,799618556.9584516,3608370.0876516104,12874.05,-7263278.540000005,6.042e-05
2026-08-26 18:30:00 CST,1787740200000,96.64,97.84,96.49,97.43,733190.06,400657.58,801809685.0386623,2670348.1958892345,68125.1,-7195153.440000005,6.042e-05
2026-08-26 19:00:00 CST,1787742000000,97.42,97.6,97.18,97.23,237633.48,104530.71,800761162.474,29372.675400018692,-28572.060000000005,-7223725.500000005,6.042e-05
2026-08-26 19:30:00 CST,1787743800000,97.22,97.3,96.62,96.99,417745.0,217288.57,798114178.3081,-1134160.2044467926,16832.14,-7206893.360000004,6.042e-05
2026-08-26 20:00:00 CST,1787745600000,96.98,97.52,96.57,97.47,346235.20999999996,199577.24,801341136.6072,2745234.440100074,52919.27000000002,-7153974.090000004,6.042e-05
2026-08-26 20:30:00 CST,1787747400000,97.46,97.49,96.02,96.97,881374.79,395070.51,797728406.9286447,-5866596.312469482,-91233.76999999995,-7245207.860000003,6.042e-05
2026-08-26 21:00:00 CST,1787749200000,96.97,97.18,95.78,95.94,741044.78,313435.36,791702774.6894,-6415033.530799985,-114174.06,-7359381.920000002,6.042e-05
2026-08-26 21:30:00 CST,1787751000000,95.94,96.83,95.94,96.51,586835.02,311915.93999999994,796178620.1232,2047444.1718000174,36996.86000000001,-7322385.060000002,6.042e-05
2026-08-26 22:00:00 CST,1787752800000,96.5,96.94,96.04,96.22,394437.32,194162.22,797991361.9268365,-606464.0575538874,-6112.879999999983,-7328497.940000001,6.042e-05
2026-08-26 22:30:00 CST,1787754600000,96.22,96.32,95.34,95.42,741754.7400000001,304182.21,792588122.0471792,-5393900.9400208,-133390.32,-7461888.260000001,6.042e-05
2026-08-26 23:00:00 CST,1787756400000,95.41,96.25,94.82,96.21,824334.93,414665.13,797433844.54591,4744110.619288206,4995.329999999973,-7456892.930000002,6.042e-05
2026-08-26 23:30:00 CST,1787758200000,96.2,96.31,95.7,95.9,324857.86,134632.03,796462463.6229993,-3482461.4235469103,-55593.8,-7512486.730000001,6.042e-05
2026-08-27 00:00:00 CST,1787760000000,95.9,96.15,95.55,95.74,280608.05,124294.8,793783472.1346298,-1614876.596370101,-32018.449999999997,-7544505.180000002,3.48e-05
2026-08-27 00:30:00 CST,1787761800000,95.73,96.05,95.43,95.91,298606.43,156319.08999999997,796901890.9095,1817231.965734005,14031.749999999989,-7530473.430000002,3.48e-05
2026-08-27 01:00:00 CST,1787763600000,95.91,97.2,95.82,97.06,508945.38,312464.20000000007,801250642.0660719,3952031.082171917,115983.02000000002,-7414490.410000001,3.48e-05
2026-08-27 01:30:00 CST,1787765400000,97.05,97.2,96.87,96.93,358130.54000000004,134827.52,800655586.0704,-3368746.1825163364,-88475.49999999999,-7502965.91,3.48e-05
2026-08-27 02:00:00 CST,1787767200000,96.93,97.12,96.64,96.71,248510.3,136005.2,800051190.099,-88801.29460000992,23500.10000000001,-7479465.810000001,3.48e-05
2026-08-27 02:30:00 CST,1787769000000,96.71,96.91,96.59,96.8,167358.35,92421.23000000001,798815532.392241,-210749.2717590332,17484.110000000004,-7461981.700000002,3.48e-05
2026-08-27 03:00:00 CST,1787770800000,96.8,96.89,96.29,96.74,274916.07999999996,153465.97999999998,795232822.4386,-3888694.4537000656,32015.88,-7429965.820000002,3.48e-05
2026-08-27 03:30:00 CST,1787772600000,96.75,96.87,96.47,96.75,253031.21,149500.28999999998,797116562.432,-162226.69579994678,45969.36999999999,-7383996.450000002,3.48e-05
2026-08-27 04:00:00 CST,1787774400000,96.75,96.99,96.24,96.69,271590.72,131323.77000000002,794104448.9555148,-3691529.610085249,-8943.180000000004,-7392939.630000003,3.48e-05
2026-08-27 04:30:00 CST,1787776200000,96.7,96.9,96.38,96.88,135569.59,65723.31,796889459.9599301,1223933.1423927546,-4122.970000000003,-7397062.6000000015,3.48e-05
2026-08-27 05:00:00 CST,1787778000000,96.88,97.86,96.84,97.65,661875.39,382598.72000000003,805359510.2239405,6856844.010959506,103322.05000000003,-7293740.550000003,3.48e-05
2026-08-27 05:30:00 CST,1787779800000,97.65,98.31,97.48,98.2,502690.82,283399.09,808877862.5640261,3546935.0836321115,64107.360000000015,-7229633.190000003,3.48e-05
2026-08-27 06:00:00 CST,1787781600000,98.2,101.25,98.02,99.99,2021159.39,1166124.52,822675104.676,13729511.670515656,311089.65,-6918543.540000004,3.48e-05
2026-08-27 06:30:00 CST,1787783400000,99.99,100.24,99.51,99.65,935854.2799999999,436734.52999999997,814145107.816,-4326360.984300017,-62385.22,-6980928.760000004,3.48e-05
2026-08-27 07:00:00 CST,1787785200000,99.65,100.96,99.47,100.84,931087.0499999999,504735.0,832425399.4635298,19240516.553129792,78382.95,-6902545.810000005,3.48e-05
2026-08-27 07:30:00 CST,1787787000000,100.84,102.43,100.58,102.05,1225604.54,666486.99,847095475.9334,14929966.31340003,107369.43999999999,-6795176.370000006,3.48e-05
2026-08-27 08:00:00 CST,1787788800000,102.04,102.12,100.8,101.19,984931.98,449860.02999999997,843662603.7959003,-6241364.769097924,-85211.92000000004,-6880388.290000006,0.0001
2026-08-27 08:30:00 CST,1787790600000,101.18,101.25,100.57,100.57,445411.63,195785.34999999998,840159211.8658427,-735396.2052041292,-53840.929999999986,-6934229.220000006,0.0001
2026-08-27 09:00:00 CST,1787792400000,100.57,101.68,100.47,101.6,458628.17000000004,253241.44999999995,840440366.5327863,4459263.057086229,47854.72999999998,-6886374.490000006,0.0001
2026-08-27 09:30:00 CST,1787794200000,101.59,101.93,101.21,101.44,458649.47000000003,215913.82,846434176.2031366,1147043.8191366196,-26821.830000000016,-6913196.320000006,0.0001
2026-08-27 10:00:00 CST,1787796000000,101.43,101.95,101.08,101.12,295989.42,128158.62999999999,843092924.2008,-1526015.3042000532,-39672.16,-6952868.480000005,0.0001
2026-08-27 10:30:00 CST,1787797800000,101.12,101.41,100.85,101.15,336252.3500000001,172133.19999999998,844777236.1866,2959570.3434000015,8014.050000000001,-6944854.430000005,0.0001
2026-08-27 11:00:00 CST,1787799600000,101.15,101.81,100.93,101.63,343969.95,191474.03000000003,850005507.3646715,6284126.026171446,38978.11000000001,-6905876.320000006,0.0001
2026-08-27 11:30:00 CST,1787801400000,101.63,101.66,100.86,101.06,349387.14999999997,170768.96,847377895.0896,-3831106.041741729,-7849.229999999992,-6913725.550000006,0.0001
2026-08-27 12:00:00 CST,1787803200000,101.06,101.52,101.04,101.18,403600.53,165531.06,845383173.4737566,-2462032.7029770613,-72538.40999999999,-6986263.9600000065,0.0001
2026-08-27 12:30:00 CST,1787805000000,101.17,101.47,100.66,101.06,441907.37,195017.07,844191178.5527,-829264.6236999035,-51873.23,-7038137.190000006,0.0001
2026-08-27 13:00:00 CST,1787806800000,101.06,101.36,100.8,100.97,429706.07999999996,238960.62,847895718.6334753,2865000.6129006147,48215.16000000001,-6989922.030000005,0.0001
2026-08-27 13:30:00 CST,1787808600000,100.97,102.27,100.74,102.02,735046.5499999999,426911.05999999994,864127404.1922,9906827.703799963,118775.57000000002,-6871146.4600000065,0.0001
2026-08-27 14:00:00 CST,1787810400000,102.01,102.04,100.84,100.96,588469.1900000001,277745.6,859338213.2137,-8868864.426799893,-32977.99000000003,-6904124.450000008,0.0001
2026-08-27 14:30:00 CST,1787812200000,100.96,101.33,100.96,101.26,354740.38,230594.18,866802982.4412,7100381.540600061,106447.98,-6797676.470000007,0.0001
2026-08-27 15:00:00 CST,1787814000000,101.25,101.35,101.0,101.13,163625.77,71477.25,865940984.3321223,-1286362.3098230362,-20671.269999999993,-6818347.740000007,0.0001
2026-08-27 15:30:00 CST,1787815800000,101.12,102.08,101.03,101.77,747838.53,387351.06999999995,871272842.2964815,4741538.93203032,26863.61,-6791484.130000006,0.0001
2026-08-27 16:00:00 CST,1787817600000,101.78,104.19,101.69,104.14,2358788.58,1304107.64,892598648.4840313,22490900.43055582,249426.69999999995,-6542057.430000006,0.0001
2026-08-27 16:30:00 CST,1787819400000,104.14,105.08,103.75,104.64,1845670.74,946377.26,903734376.325,2494770.808078289,47083.78000000003,-6494973.650000006,0.0001
2026-08-27 17:00:00 CST,1787821200000,104.65,105.85,103.9,105.36,1616901.5099999998,887991.1500000001,929216475.0624,22735244.219185352,159080.79000000004,-6335892.860000007,0.0001
2026-08-27 17:30:00 CST,1787823000000,105.36,105.42,104.2,104.39,767233.88,298008.47,918959540.5895,-10634019.809500098,-171216.94,-6507109.800000007,0.0001
2026-08-27 18:00:00 CST,1787824800000,104.39,105.02,103.01,103.96,1161923.2200000002,543910.67,913976228.7975,-2792987.8110798597,-74101.87999999998,-6581211.680000007,0.0001
2026-08-27 18:30:00 CST,1787826600000,103.96,104.24,103.29,104.09,737150.7,352259.56,919031823.4678,10458345.347800016,-32631.58000000001,-6613843.260000007,0.0001
2026-08-27 19:00:00 CST,1787828400000,104.09,104.93,103.94,104.05,757856.95,376824.06000000006,930207082.7020631,9298171.922163129,-4208.8299999999945,-6618052.090000006,0.0001
2026-08-27 19:30:00 CST,1787830200000,104.05,104.18,103.36,103.91,554678.05,253696.75,922168032.093,592364.2603000402,-47284.54999999998,-6665336.640000005,0.0001
2026-08-27 20:00:00 CST,1787832000000,103.91,104.69,103.9,104.46,451473.06,244318.08000000002,927763929.906,5231296.450800061,37163.09999999999,-6628173.540000005,0.0001
2026-08-27 20:30:00 CST,1787833800000,104.47,104.73,104.0,104.4,405950.83,173503.43,936057302.3861201,5894831.668720126,-58943.97,-6687117.510000004,0.0001
2026-08-27 21:00:00 CST,1787835600000,104.39,104.95,104.33,104.79,559911.62,308783.67,942459960.66,6339853.452331901,57655.71999999997,-6629461.790000005,0.0001
2026-08-27 21:30:00 CST,1787837400000,104.8,106.3,104.11,105.99,1830320.1599999997,915538.78,948447184.4974673,5164193.974473834,757.4000000000524,-6628704.390000004,0.0001
2026-08-27 22:00:00 CST,1787839200000,105.99,106.68,105.15,105.95,1995307.41,940092.7300000001,956449024.1789098,-1084864.4417902231,-115121.94999999998,-6743826.3400000045,0.0001
2026-08-27 22:30:00 CST,1787841000000,105.95,107.88,105.82,106.74,2218355.7199999997,1215376.31,955107281.9229789,847135.196792841,212396.90000000008,-6531429.440000003,0.0001
2026-08-27 23:00:00 CST,1787842800000,106.73,107.99,106.64,107.38,1454846.0699999998,720616.7999999999,961670082.385181,7593819.283799529,-13612.470000000001,-6545041.910000002,0.0001
2026-08-27 23:30:00 CST,1787844600000,107.38,107.43,106.4,107.12,980147.55,416701.23,966018771.081,2615027.7654999495,-146745.09000000005,-6691787.000000002,0.0001
2026-08-28 00:00:00 CST,1787846400000,107.13,108.48,106.81,107.91,1310620.21,745182.91,996826765.8659402,27439906.87154019,179745.60999999993,-6512041.390000002,0.0001
2026-08-28 00:30:00 CST,1787848200000,107.91,109.5,107.78,108.87,1357912.72,733646.41,1005333195.0141253,15154393.623125315,109380.09999999995,-6402661.290000003,0.0001
2026-08-28 01:00:00 CST,1787850000000,108.87,109.59,107.93,108.1,1529831.58,682678.4500000001,1011826017.384,10008927.580799937,-164474.6799999999,-6567135.970000002,0.0001
2026-08-28 01:30:00 CST,1787851800000,108.1,108.43,107.6,108.11,877518.4099999999,443146.5,981316383.5525,-3102682.4140000343,8774.589999999997,-6558361.380000002,0.0001
2026-08-28 02:00:00 CST,1787853600000,108.12,108.23,106.62,107.07,1288085.5099999998,539735.8,980087969.3619449,-610368.0224550962,-208613.90999999992,-6766975.290000002,0.0001
2026-08-28 02:30:00 CST,1787855400000,107.06,108.34,107.01,108.33,512792.9,303106.27,988017569.5874,9065569.567799926,93419.64000000001,-6673555.650000001,0.0001
2026-08-28 03:00:00 CST,1787857200000,108.34,109.18,108.21,109.06,699404.2,347419.97,1000110686.0877,6832878.2752507925,-4564.260000000009,-6678119.910000001,0.0001
2026-08-28 03:30:00 CST,1787859000000,109.06,109.9,108.84,109.33,1102200.82,602016.26,1008884853.1178,7221124.8204,101831.70000000004,-6576288.210000001,0.0001
2026-08-28 04:00:00 CST,1787860800000,109.32,109.72,108.73,109.01,603553.6,276657.17000000004,1014193612.2672,2335480.035902381,-50239.25999999998,-6626527.47,0.0001
2026-08-28 04:30:00 CST,1787862600000,109.01,109.23,108.38,108.96,459154.87,193743.59999999998,1000769027.136,-9164891.024399996,-71667.67,-6698195.139999999,0.0001
2026-08-28 05:00:00 CST,1787864400000,108.96,109.09,108.33,108.41,381085.98000000004,183526.47,1000982464.3599119,-4087844.0480880737,-14033.039999999994,-6712228.18,0.0001
2026-08-28 05:30:00 CST,1787866200000,108.41,108.76,108.15,108.68,272338.91000000003,147942.15999999997,996670812.964452,-2364623.262947917,23545.41,-6688682.770000001,0.0001
2026-08-28 06:00:00 CST,1787868000000,108.69,110.6,108.69,109.22,1147799.4500000002,609885.91,1004210310.41,5187920.964024901,71972.37000000005,-6616710.400000002,0.0001
2026-08-28 06:30:00 CST,1787869800000,109.22,109.54,109.01,109.12,256663.87,131821.94999999998,1000843910.7732159,-2464219.334432125,6980.029999999999,-6609730.370000003,0.0001
2026-08-28 07:00:00 CST,1787871600000,109.12,110.03,108.79,109.85,528260.69,299654.79,1007280812.4030635,6442734.0579766035,71048.88999999998,-6538681.480000002,0.0001
2026-08-28 07:30:00 CST,1787873400000,109.85,109.99,109.01,109.08,394696.63999999996,152417.94,1000548852.9198,-10297692.622200012,-89860.75999999998,-6628542.240000002,0.0001
2026-08-28 08:00:00 CST,1787875200000,109.08,109.83,108.63,109.72,558583.48,278158.43000000005,998968094.3224291,-93923.89689803123,-2266.6200000000026,-6630808.860000002,-9.83e-06
2026-08-28 08:30:00 CST,1787877000000,109.71,110.04,109.01,109.05,582549.45,295324.9,998308546.5267,-5061571.742185712,8100.349999999977,-6622708.510000003,-9.83e-06
2026-08-28 09:00:00 CST,1787878800000,109.05,109.52,108.77,109.38,475090.12000000005,266007.78,993080299.5057,-1984728.7374999523,56925.44,-6565783.070000002,-9.83e-06
2026-08-28 09:30:00 CST,1787880600000,109.38,109.71,107.65,107.8,981714.96,403573.99,987045072.54,-4617560.255400062,-174566.97999999998,-6740350.050000003,-9.83e-06
2026-08-28 10:00:00 CST,1787882400000,107.79,107.95,106.81,107.11,896694.39,410842.22,987326503.5587018,2512423.3724017143,-75009.95000000003,-6815360.000000004,-9.83e-06
2026-08-28 10:30:00 CST,1787884200000,107.12,107.34,106.1,106.47,915651.7300000001,422337.77,985710234.4254,-5147447.635599971,-70976.19,-6886336.190000003,-9.83e-06
2026-08-28 11:00:00 CST,1787886000000,106.47,107.3,105.75,106.95,883597.4399999998,442539.62,988692935.254,1640994.9619998932,1481.8000000000466,-6884854.390000002,-9.83e-06
2026-08-28 11:30:00 CST,1787887800000,106.96,107.2,106.61,106.79,350146.52,165306.13,986408376.6262403,-1062208.6462597847,-19534.259999999995,-6904388.650000002,-9.83e-06
2026-08-28 12:00:00 CST,1787889600000,106.79,107.58,106.21,106.93,667089.52,337094.67000000004,988043255.7290637,2762953.948669195,7099.819999999985,-6897288.830000004,-9.83e-06
2026-08-28 12:30:00 CST,1787891400000,106.93,107.16,106.42,106.72,354106.33999999997,152904.60000000003,986048646.5351262,85324.14272618294,-48297.140000000014,-6945585.970000004,-9.83e-06
2026-08-28 13:00:00 CST,1787893200000,106.73,106.98,106.57,106.84,249572.15000000002,138461.46,986533363.6578,576114.9479999542,27350.77000000001,-6918235.200000004,-9.83e-06
2026-08-28 13:30:00 CST,1787895000000,106.85,107.43,106.83,107.15,349663.83999999997,198570.33,984819219.1665,-1881900.6130291224,47476.82,-6870758.380000005,-9.83e-06
2026-08-28 14:00:00 CST,1787896800000,107.15,107.49,107.14,107.21,252543.18,137828.16,981863370.3191,-2970755.555400014,23113.139999999985,-6847645.240000003,-9.83e-06
2026-08-28 14:30:00 CST,1787898600000,107.2,107.77,107.11,107.47,370293.98,198604.01,979470479.4263457,-1504372.807483554,26914.04,-6820731.200000003,-9.83e-06
2026-08-28 15:00:00 CST,1787900400000,107.48,107.49,106.48,106.76,486089.01,187501.24,971117848.3511,-6883063.707700014,-111086.53,-6931817.730000003,-9.83e-06
2026-08-28 15:30:00 CST,1787902200000,106.77,106.8,106.26,106.31,335672.06000000006,134621.8,966241701.7076,-4653257.388898015,-66428.46,-6998246.190000004,-9.83e-06
2026-08-28 16:00:00 CST,1787904000000,106.3,106.84,106.3,106.44,260766.48,155028.79,970559554.3212305,5932566.644825578,49291.100000000006,-6948955.090000004,-1.519e-05
2026-08-28 16:30:00 CST,1787905800000,106.45,106.61,105.71,106.01,515516.86000000004,206495.19000000003,971562838.4154,1764165.0464457273,-102526.48,-7051481.570000004,-1.519e-05
2026-08-28 17:00:00 CST,1787907600000,106.0,106.56,105.78,106.26,403605.74,211149.52,976401779.8028984,5474052.48789835,18693.299999999985,-7032788.270000005,-1.519e-05
2026-08-28 17:30:00 CST,1787909400000,106.26,106.37,105.43,105.89,528865.1199999999,237409.05000000002,975286282.4296802,644158.1105616093,-54047.019999999975,-7086835.290000006,-1.519e-05
2026-08-28 18:00:00 CST,1787911200000,105.89,105.95,104.45,105.49,1178064.9200000002,557050.3,975399284.7726656,722603.4815655947,-63964.31999999999,-7150799.610000006,-1.519e-05
2026-08-28 18:30:00 CST,1787913000000,105.49,106.19,105.47,106.13,459359.22000000003,268617.63,979634775.5684823,2945486.2058348656,77876.03999999998,-7072923.570000006,-1.519e-05
2026-08-28 19:00:00 CST,1787914800000,106.13,106.8,106.06,106.15,679408.1900000002,370395.58,973837681.3051,-4659550.087530613,61382.969999999994,-7011540.600000006,-1.519e-05
2026-08-28 19:30:00 CST,1787916600000,106.14,106.25,105.5,105.75,418997.70999999996,209272.34999999998,971440715.6835,-1624854.7850118876,-453.00999999999476,-7011993.610000006,-1.519e-05
2026-08-28 20:00:00 CST,1787918400000,105.75,105.95,104.81,104.88,655662.81,290239.55000000005,972656403.6144044,-917444.5439956188,-75183.71000000002,-7087177.320000006,-1.519e-05
2026-08-28 20:30:00 CST,1787920200000,104.88,105.14,104.43,104.8,868362.5900000001,415073.69,969310836.16,-969669.0352759361,-38215.21000000001,-7125392.530000005,-1.519e-05
2026-08-28 21:00:00 CST,1787922000000,104.8,105.1,104.67,104.96,433309.70999999996,233603.04999999996,970326922.6608,-228824.41918969154,33896.39000000001,-7091496.140000005,-1.519e-05
2026-08-28 21:30:00 CST,1787923800000,104.96,105.3,104.89,105.01,284577.07,144939.15,970735994.88,0.0,5301.229999999981,-7086194.910000006,-1.519e-05
