datetime,timestamp,open,high,low,close,volume,taker_buy_volume,oi,oi_delta,cvd_delta,cvd,funding_rate
2026-07-19 17:15:00 CST,1784452500000,75.98,76.01,75.97,76.01,10988.42,5002.42,680106556.119,0.0,-983.5799999999999,-767382.5200000003,4.518e-05
2026-07-19 17:30:00 CST,1784453400000,76.0,76.09,75.89,75.94,72766.81,23216.98,679951386.5638207,-361722.9022792578,-26332.85,-793715.3700000002,4.518e-05
2026-07-19 17:45:00 CST,1784454300000,75.94,76.01,75.91,75.96,50217.45,20496.88,679810160.1356282,-72336.84037172794,-9223.69,-802939.0600000003,4.518e-05
2026-07-19 18:00:00 CST,1784455200000,75.95,76.03,75.86,75.98,47973.74,22592.46,679771735.097,-452605.7649999857,-2788.819999999999,-805727.8800000004,4.518e-05
2026-07-19 18:15:00 CST,1784456100000,75.98,76.04,75.94,76.04,34471.18,20857.77,680104692.468,59238.79969620705,7244.36,-798483.5200000004,4.518e-05
2026-07-19 18:30:00 CST,1784457000000,76.04,76.19,76.01,76.17,45442.5,28753.300000000003,681212687.3258091,325767.941409111,12064.099999999999,-786419.4200000004,4.518e-05
2026-07-19 18:45:00 CST,1784457900000,76.16,76.49,76.16,76.23,147191.12,85399.23,681505338.6792,-379430.77762162685,23607.34,-762812.0800000004,4.518e-05
2026-07-19 19:00:00 CST,1784458800000,76.23,76.36,76.12,76.25,82103.75,34738.479999999996,681519086.6697,301529.75145697594,-12626.789999999999,-775438.8700000005,4.518e-05
2026-07-19 19:15:00 CST,1784459700000,76.25,76.38,76.19,76.24,51786.97,22369.83,681449300.287,238870.9494999647,-7047.309999999996,-782486.1800000004,4.518e-05
2026-07-19 19:30:00 CST,1784460600000,76.24,76.26,76.11,76.18,35688.770000000004,10818.13,679686361.4291,-1307203.622321844,-14052.509999999998,-796538.6900000005,4.518e-05
2026-07-19 19:45:00 CST,1784461500000,76.18,76.18,76.01,76.04,52525.759999999995,18682.120000000003,679131024.3718,-929551.201800108,-15161.52,-811700.2100000005,4.518e-05
2026-07-19 20:00:00 CST,1784462400000,76.03,76.04,75.73,75.73,187343.26,62617.509999999995,675897931.908,-2804159.0515999794,-62108.240000000005,-873808.4500000007,4.518e-05
2026-07-19 20:15:00 CST,1784463300000,75.73,76.15,75.7,75.95,204018.72,102550.31,678519783.0763901,2913832.8957588673,1081.8999999999796,-872726.5500000007,4.518e-05
2026-07-19 20:30:00 CST,1784464200000,75.95,76.14,75.94,76.03,59997.78,32204.620000000003,679576227.596758,1193162.2997579575,4411.460000000002,-868315.0900000007,4.518e-05
2026-07-19 20:45:00 CST,1784465100000,76.02,76.03,75.87,75.99,54713.81,24446.879999999997,678713442.5140169,-308471.5243740082,-5820.050000000001,-874135.1400000007,4.518e-05
2026-07-19 21:00:00 CST,1784466000000,75.99,76.01,75.87,75.88,64423.600000000006,15983.669999999998,679344863.584988,391510.3869525194,-32456.260000000002,-906591.4000000007,4.518e-05
2026-07-19 21:15:00 CST,1784466900000,75.88,76.0,75.84,75.99,57764.22,33867.74,678279165.285444,26349.823741793633,9971.259999999998,-896620.1400000008,4.518e-05
2026-07-19 21:30:00 CST,1784467800000,75.99,76.08,75.94,75.96,48528.729999999996,21954.47,678952118.6320298,-108583.31747019291,-4619.789999999999,-901239.9300000007,4.518e-05
2026-07-19 21:45:00 CST,1784468700000,75.96,76.12,75.95,76.07,69369.64,45371.41,679828329.7336956,1058446.625304699,21373.180000000004,-879866.7500000007,4.518e-05
2026-07-19 22:00:00 CST,1784469600000,76.06,76.26,76.06,76.23,86765.94,49100.93,681154579.776,1060170.6096999645,11435.92,-868430.8300000007,4.518e-05
2026-07-19 22:15:00 CST,1784470500000,76.23,76.26,76.01,76.22,81489.5,40951.81,680453639.7743,-1396471.7221000195,414.119999999999,-868016.7100000007,4.518e-05
2026-07-19 22:30:00 CST,1784471400000,76.22,76.48,76.2,76.35,133345.08,75532.9,681651127.9053,-811.4902763366699,17720.719999999994,-850295.9900000007,4.518e-05
2026-07-19 22:45:00 CST,1784472300000,76.34,76.67,76.33,76.38,310978.51999999996,185084.28,685525890.1086566,3861024.5181566477,59190.03999999999,-791105.9500000007,4.518e-05
2026-07-19 23:00:00 CST,1784473200000,76.37,76.45,76.18,76.29,101396.62,47085.67999999999,682421190.066,-1673106.4364101887,-7225.260000000006,-798331.2100000007,4.518e-05
2026-07-19 23:15:00 CST,1784474100000,76.28,76.32,76.07,76.07,74914.04,28619.49,681883945.8848658,-1085513.9038097858,-17675.059999999998,-816006.2700000006,4.518e-05
2026-07-19 23:30:00 CST,1784475000000,76.07,76.25,76.06,76.16,81822.64,51396.6,682396635.3943508,1847979.5730897188,20970.559999999998,-795035.7100000007,4.518e-05
2026-07-19 23:45:00 CST,1784475900000,76.17,76.27,76.12,76.18,54871.17,25743.710000000003,682451102.718,334141.7852896452,-3383.749999999998,-798419.4600000007,4.518e-05
2026-07-20 00:00:00 CST,1784476800000,76.17,76.26,75.98,76.09,109253.20999999999,54704.93,680937773.2345575,-1124290.144242525,156.64999999999782,-798262.8100000006,6.396e-05
2026-07-20 00:15:00 CST,1784477700000,76.08,76.17,76.03,76.06,42475.7,22942.879999999997,681671954.2752,253114.6365007162,3410.0599999999977,-794852.7500000006,6.396e-05
2026-07-20 00:30:00 CST,1784478600000,76.06,76.06,75.9,75.94,87908.1,35063.76,679588648.128,-1683713.3559999466,-17780.579999999994,-812633.3300000007,6.396e-05
2026-07-20 00:45:00 CST,1784479500000,75.94,75.97,75.83,75.87,86056.2,33301.87,678756912.192,-798362.4446594715,-19452.46,-832085.7900000006,6.396e-05
2026-07-20 01:00:00 CST,1784480400000,75.88,76.16,75.5,76.12,318231.56999999995,159940.44,678064643.718,-1354591.401283741,1649.3100000000268,-830436.4800000007,6.396e-05
2026-07-20 01:15:00 CST,1784481300000,76.11,76.19,75.98,76.07,67586.51,34086.1,679657123.0534,-267938.81318986416,585.6899999999978,-829850.7900000007,6.396e-05
2026-07-20 01:30:00 CST,1784482200000,76.07,76.19,75.95,75.96,50627.1,23603.089999999997,679798788.6855432,95513.20244312286,-3420.920000000002,-833271.7100000008,6.396e-05
2026-07-20 01:45:00 CST,1784483100000,75.96,76.02,75.91,75.92,45280.880000000005,20336.78,679093892.7302,-16000.076499938965,-4607.320000000001,-837879.0300000008,6.396e-05
2026-07-20 02:00:00 CST,1784484000000,75.92,75.94,75.31,75.63,307672.35,128301.93000000001,674085627.0012,-4952290.462064743,-51068.490000000005,-888947.520000001,6.396e-05
2026-07-20 02:15:00 CST,1784484900000,75.64,75.66,75.5,75.54,111796.20999999999,58090.18000000001,674767014.8466,250598.3790000677,4384.150000000005,-884563.3700000009,6.396e-05
2026-07-20 02:30:00 CST,1784485800000,75.55,75.71,75.47,75.65,84402.09,40336.520000000004,674055654.0408,924117.7733896971,-3729.0499999999993,-888292.4200000009,6.396e-05
2026-07-20 02:45:00 CST,1784486700000,75.65,75.73,75.56,75.72,51858.58,22304.42,673399086.948,-665019.0006053448,-7249.740000000003,-895542.1600000008,6.396e-05
2026-07-20 03:00:00 CST,1784487600000,75.73,75.82,75.59,75.79,62948.399999999994,32277.489999999998,675394471.7457,691526.84010005,1606.58,-893935.5800000009,6.396e-05
2026-07-20 03:15:00 CST,1784488500000,75.8,75.82,75.74,75.79,38471.58,18943.5,675323610.8420556,-41601.697944402695,-584.5800000000008,-894520.160000001,6.396e-05
2026-07-20 03:30:00 CST,1784489400000,75.8,75.86,75.73,75.74,41956.01,19706.120000000003,675112748.8208,-78523.72132635117,-2543.7699999999986,-897063.930000001,6.396e-05
2026-07-20 03:45:00 CST,1784490300000,75.74,75.85,75.7,75.84,30828.850000000002,15867.289999999999,674981496.0584,54106.45759999752,905.7299999999977,-896158.200000001,6.396e-05
2026-07-20 04:00:00 CST,1784491200000,75.85,75.99,75.85,75.91,87460.37,42519.37,676990638.3488797,896132.9853196144,-2421.6299999999956,-898579.830000001,6.396e-05
2026-07-20 04:15:00 CST,1784492100000,75.91,75.95,75.83,75.92,22916.69,10049.949999999999,676657596.2633675,576381.024767518,-2816.790000000002,-901396.6200000009,6.396e-05
2026-07-20 04:30:00 CST,1784493000000,75.92,76.06,75.9,76.0,65392.32,46245.55,677319839.2918519,833478.0738313198,27098.780000000002,-874297.840000001,6.396e-05
2026-07-20 04:45:00 CST,1784493900000,76.01,76.11,75.96,76.11,49625.79,19253.809999999998,678251245.0518,-308394.28489995,-11118.17,-885416.010000001,6.396e-05
2026-07-20 05:00:00 CST,1784494800000,76.11,76.21,76.06,76.14,73115.86,35519.93,678595159.7172,-358203.6427999735,-2075.999999999998,-887492.010000001,6.396e-05
2026-07-20 05:15:00 CST,1784495700000,76.15,76.17,75.93,76.0,52213.53,13244.380000000001,676155847.2686422,-2250019.7628577948,-25724.769999999997,-913216.780000001,6.396e-05
2026-07-20 05:30:00 CST,1784496600000,76.0,76.01,75.71,75.77,126898.23000000001,40513.09,674402060.4942482,-2181007.9615519047,-45872.05,-959088.830000001,6.396e-05
2026-07-20 05:45:00 CST,1784497500000,75.76,75.86,75.67,75.74,57105.36,21852.43,673641419.9166,98493.65600001812,-13400.499999999998,-972489.330000001,6.396e-05
2026-07-20 06:00:00 CST,1784498400000,75.74,76.16,75.58,76.09,242987.29,136856.66,675272914.3974,1852797.2788096666,30726.030000000006,-941763.3000000011,6.396e-05
2026-07-20 06:15:00 CST,1784499300000,76.09,76.38,76.06,76.1,223783.8,116287.37999999999,676727507.462668,-755714.5721347332,8790.959999999995,-932972.3400000011,6.396e-05
2026-07-20 06:30:00 CST,1784500200000,76.1,76.24,75.99,76.22,97240.47999999998,51975.479999999996,675794319.2448,-678158.9004000425,6710.480000000003,-926261.860000001,6.396e-05
2026-07-20 06:45:00 CST,1784501100000,76.21,76.22,76.04,76.05,61734.509999999995,30123.35,675931543.8196019,-912829.4210362434,-1487.810000000005,-927749.6700000011,6.396e-05
2026-07-20 07:00:00 CST,1784502000000,76.06,76.14,75.84,76.12,124650.0,77456.22,675348495.0912,-202230.5678653717,30262.440000000002,-897487.2300000011,6.396e-05
2026-07-20 07:15:00 CST,1784502900000,76.12,76.32,76.01,76.23,103044.21,54480.53,677245816.4016,660887.5913512707,5916.849999999991,-891570.380000001,6.396e-05
2026-07-20 07:30:00 CST,1784503800000,76.23,76.56,76.22,76.52,217870.99,123481.78,678214553.7712247,733153.082824707,29092.57,-862477.810000001,6.396e-05
2026-07-20 07:45:00 CST,1784504700000,76.52,76.54,76.27,76.34,90892.83,33249.84,677625132.812371,-3065415.5180289745,-24393.15000000001,-886870.960000001,6.396e-05
2026-07-20 08:00:00 CST,1784505600000,76.34,76.89,76.08,76.82,491614.84,278225.77999999997,678436951.6946,373861.0742813349,64836.71999999996,-822034.240000001,5.638e-05
2026-07-20 08:15:00 CST,1784506500000,76.82,77.1,76.54,76.7,411467.44,224123.64,677855127.5322,1019358.9385999441,36779.840000000004,-785254.4000000011,5.638e-05
2026-07-20 08:30:00 CST,1784507400000,76.7,77.04,76.57,76.91,166430.81,93818.20000000001,679506320.3428391,1859711.0928391218,21205.589999999997,-764048.8100000012,5.638e-05
2026-07-20 08:45:00 CST,1784508300000,76.9,76.99,76.25,76.52,273141.86,98563.95999999999,676733751.3456,-3823311.805400014,-76013.94,-840062.7500000012,5.638e-05
2026-07-20 09:00:00 CST,1784509200000,76.53,77.39,76.52,76.97,389880.8,219436.81,684377407.3982867,8381018.452344537,48992.82000000001,-791069.9300000011,5.638e-05
2026-07-20 09:15:00 CST,1784510100000,76.98,77.2,76.69,76.89,243944.19999999998,107195.91999999998,683243053.57,2085513.8519001007,-29552.360000000008,-820622.2900000012,5.638e-05
2026-07-20 09:30:00 CST,1784511000000,76.89,76.95,76.49,76.65,173494.26,95921.0,680910882.64968,-405651.05331993103,18347.739999999994,-802274.5500000012,5.638e-05
2026-07-20 09:45:00 CST,1784511900000,76.64,76.7,76.23,76.35,245615.05,115877.39000000001,676415066.4050496,-4346642.7399504185,-13860.269999999997,-816134.8200000012,5.638e-05
2026-07-20 10:00:00 CST,1784512800000,76.34,76.94,76.31,76.76,269981.47000000003,110908.56,678038285.5863223,1500407.916016698,-48164.350000000006,-864299.1700000012,5.638e-05
2026-07-20 10:15:00 CST,1784513700000,76.77,76.82,76.39,76.47,186631.40999999997,76670.48000000001,677470032.7256,410605.8436000347,-33290.44999999999,-897589.6200000013,5.638e-05
2026-07-20 10:30:00 CST,1784514600000,76.46,76.93,76.42,76.79,102656.56,49685.96,677525268.061319,760736.68536973,-3284.640000000003,-900874.2600000013,5.638e-05
2026-07-20 10:45:00 CST,1784515500000,76.79,77.16,76.77,76.94,166439.33000000002,77581.56,681377375.2744,2464093.0012999773,-11276.210000000003,-912150.4700000013,5.638e-05
2026-07-20 11:00:00 CST,1784516400000,76.93,77.06,76.8,76.92,68146.67,34845.09,680043336.8274,-439240.8864328861,1543.510000000002,-910606.9600000014,5.638e-05
2026-07-20 11:15:00 CST,1784517300000,76.92,77.0,76.5,76.54,87696.05,45414.17,679077615.8208,-1788734.3285000324,3132.2899999999972,-907474.6700000013,5.638e-05
2026-07-20 11:30:00 CST,1784518200000,76.54,76.82,76.48,76.79,122797.35,68298.38,679615778.2911819,1728079.1389539242,13799.409999999996,-893675.2600000014,5.638e-05
2026-07-20 11:45:00 CST,1784519100000,76.8,76.83,76.59,76.71,60576.84,29576.47,679203782.6394325,-525494.419741869,-1423.8999999999996,-895099.1600000014,5.638e-05
2026-07-20 12:00:00 CST,1784520000000,76.71,76.74,76.35,76.4,107733.17,42265.03,676433049.8444818,-2412410.433618188,-23203.110000000004,-918302.2700000014,5.638e-05
2026-07-20 12:15:00 CST,1784520900000,76.4,76.58,76.24,76.53,114833.64,62973.14,676559172.6874,501730.22619998455,11112.640000000003,-907189.6300000014,5.638e-05
2026-07-20 12:30:00 CST,1784521800000,76.53,76.91,76.52,76.75,189819.61,102857.34999999999,681408957.4321746,4108287.1743505,15895.090000000004,-891294.5400000014,5.638e-05
2026-07-20 12:45:00 CST,1784522700000,76.75,76.83,76.41,76.41,85498.65,36256.27,676995489.9751598,-3253610.3298401833,-12986.11,-904280.6500000014,5.638e-05
2026-07-20 13:00:00 CST,1784523600000,76.42,76.46,75.73,76.04,395591.70999999996,171150.61000000002,675332869.3047874,-1175002.5128970146,-53290.48999999997,-957571.1400000014,5.638e-05
2026-07-20 13:15:00 CST,1784524500000,76.04,76.25,75.89,76.03,206829.90000000002,88351.28,668745758.04,-1935871.6169999838,-30127.340000000004,-987698.4800000014,5.638e-05
2026-07-20 13:30:00 CST,1784525400000,76.04,76.13,75.9,75.94,182976.19,109501.31,670249620.8358763,1162888.328316331,36026.43000000001,-951672.0500000013,5.638e-05
2026-07-20 13:45:00 CST,1784526300000,75.93,75.94,75.75,75.88,127866.82,49420.44,668596301.1871,-1897805.5405461788,-29025.940000000002,-980697.9900000014,5.638e-05
2026-07-20 14:00:00 CST,1784527200000,75.88,76.0,75.81,75.95,163324.58000000002,92056.83,670878644.1266371,1695051.7508370876,20789.079999999994,-959908.9100000013,5.638e-05
2026-07-20 14:15:00 CST,1784528100000,75.95,76.0,75.8,75.96,72491.55,45775.19,669543996.235,-927297.8725999594,19058.83,-940850.0800000014,5.638e-05
2026-07-20 14:30:00 CST,1784529000000,75.95,75.98,75.45,75.75,369793.72,142057.07,666762806.67,-3865404.1468355656,-85679.58,-1026529.6600000013,5.638e-05
2026-07-20 14:45:00 CST,1784529900000,75.75,75.78,75.55,75.6,149686.97,73639.77,666652312.638,-504429.40950000286,-2407.4300000000003,-1028937.0900000012,5.638e-05
2026-07-20 15:00:00 CST,1784530800000,75.6,75.74,75.59,75.7,65107.53,37332.4,667070094.9633,841135.0353000164,9557.269999999999,-1019379.8200000013,5.638e-05
2026-07-20 15:15:00 CST,1784531700000,75.7,75.95,75.48,75.93,144568.55,82835.72,668852536.7154145,1323691.4182405472,21102.889999999992,-998276.9300000013,5.638e-05
2026-07-20 15:30:00 CST,1784532600000,75.93,76.05,75.84,76.04,105111.66,47291.630000000005,668495393.8146,-1076405.8569999933,-10528.399999999998,-1008805.3300000014,5.638e-05
2026-07-20 15:45:00 CST,1784533500000,76.05,76.21,75.97,76.18,125420.46,72705.54000000001,669531933.7931,-225699.0109000206,19990.619999999988,-988814.7100000014,5.638e-05
2026-07-20 16:00:00 CST,1784534400000,76.18,76.3,76.06,76.25,163499.79,70776.2,669301876.0589128,-1644233.739787221,-21947.39000000001,-1010762.1000000014,-5.079e-05
2026-07-20 16:15:00 CST,1784535300000,76.24,76.4,76.18,76.24,159879.93,70729.17,671452263.2100681,537066.9350681305,-18421.59,-1029183.6900000013,-5.079e-05
2026-07-20 16:30:00 CST,1784536200000,76.24,76.31,75.85,75.85,285250.96,112523.31999999999,670265994.3083967,-798600.5051363707,-60204.32000000001,-1089388.0100000012,-5.079e-05
2026-07-20 16:45:00 CST,1784537100000,75.85,76.21,75.85,76.11,80513.1,47238.99,671116910.9720294,1772744.8270822763,13964.879999999992,-1075423.1300000013,-5.079e-05
2026-07-20 17:00:00 CST,1784538000000,76.1,76.2,76.03,76.18,53586.53999999999,24474.71,671930977.701,125649.99899995327,-4637.120000000001,-1080060.2500000012,-5.079e-05
2026-07-20 17:15:00 CST,1784538900000,76.18,76.54,76.17,76.54,121997.79999999999,70589.97,674695543.8247904,2039169.3294335604,19182.14,-1060878.1100000013,-5.079e-05
2026-07-20 17:30:00 CST,1784539800000,76.53,76.7,76.49,76.57,177104.2,81113.04,677595279.9597,1391219.323441267,-14878.120000000014,-1075756.2300000011,-5.079e-05
2026-07-20 17:45:00 CST,1784540700000,76.56,76.67,76.42,76.43,117837.40000000001,55166.49,676729119.488,-847753.8933806419,-7504.420000000002,-1083260.650000001,-5.079e-05
2026-07-20 18:00:00 CST,1784541600000,76.42,76.46,76.33,76.45,86434.95000000001,48838.81,675763223.3635255,-501061.8900207281,11242.669999999998,-1072017.980000001,-5.079e-05
2026-07-20 18:15:00 CST,1784542500000,76.44,76.66,76.38,76.52,99073.15000000001,50660.31999999999,678668915.9722,2103699.788200021,2247.4899999999907,-1069770.490000001,-5.079e-05
2026-07-20 18:30:00 CST,1784543400000,76.51,76.53,76.38,76.48,70075.89,37291.24,677181064.8330324,-662160.5237675905,4506.590000000004,-1065263.9000000008,-5.079e-05
2026-07-20 18:45:00 CST,1784544300000,76.48,76.48,76.29,76.3,72811.16,31629.3,676524043.5707963,-1048391.050003767,-9552.560000000003,-1074816.460000001,-5.079e-05
2026-07-20 19:00:00 CST,1784545200000,76.31,76.58,76.26,76.51,145725.03,67352.96,677670729.7173071,2118179.235407114,-11019.109999999993,-1085835.5700000008,-5.079e-05
2026-07-20 19:15:00 CST,1784546100000,76.52,76.56,76.32,76.37,79991.33,26550.88,675411783.9443,-1479245.5325405598,-26889.57,-1112725.1400000008,-5.079e-05
2026-07-20 19:30:00 CST,1784547000000,76.36,77.16,76.35,76.96,642686.85,344195.23,682016635.9593818,6434920.431434751,45703.610000000015,-1067021.5300000007,-5.079e-05
2026-07-20 19:45:00 CST,1784547900000,76.96,77.21,76.93,77.1,297305.93999999994,141397.91999999998,685849155.4886173,3016997.9842193127,-14510.099999999991,-1081531.6300000006,-5.079e-05
2026-07-20 20:00:00 CST,1784548800000,77.09,77.12,76.66,76.85,388962.86000000004,163907.28,684014797.8488,-780578.294230938,-61148.29999999999,-1142679.9300000006,-5.079e-05
2026-07-20 20:15:00 CST,1784549700000,76.84,76.92,76.72,76.82,126286.44,65851.45999999999,682368142.6492076,-415487.17255318165,5416.479999999996,-1137263.4500000007,-5.079e-05
2026-07-20 20:30:00 CST,1784550600000,76.82,76.9,76.62,76.63,140796.26,73335.48,681153075.6435,-1291950.2101000547,5874.699999999986,-1131388.7500000007,-5.079e-05
2026-07-20 20:45:00 CST,1784551500000,76.63,76.87,76.62,76.7,115393.76000000001,48450.15,681571481.1673601,1637126.1625601053,-18493.46000000001,-1149882.2100000007,-5.079e-05
2026-07-20 21:00:00 CST,1784552400000,76.7,76.78,76.66,76.67,107073.60999999999,57763.490000000005,681227123.3636,678746.2607213259,8453.370000000003,-1141428.8400000005,-5.079e-05
2026-07-20 21:15:00 CST,1784553300000,76.66,76.79,76.54,76.71,126616.31,74417.23,679128536.0219369,-1048081.249481082,22218.150000000005,-1119210.6900000006,-5.079e-05
2026-07-20 21:30:00 CST,1784554200000,76.7,77.1,76.63,76.87,240188.09,123059.34,682738220.8763044,2333526.658504367,5930.590000000004,-1113280.1000000006,-5.079e-05
2026-07-20 21:45:00 CST,1784555100000,76.88,76.91,76.08,76.25,549980.4,215307.84,676657288.7018846,-5308146.670115352,-119364.72000000003,-1232644.8200000005,-5.079e-05
2026-07-20 22:00:00 CST,1784556000000,76.24,76.42,75.94,76.07,387247.88,250425.56,674805516.7,1782802.4500000477,113603.24,-1119041.5800000005,-5.079e-05
2026-07-20 22:15:00 CST,1784556900000,76.08,76.32,75.73,76.32,349537.2,158837.74,670594784.2882979,-2075738.3485021591,-31861.72,-1150903.3000000005,-5.079e-05
2026-07-20 22:30:00 CST,1784557800000,76.32,76.35,76.11,76.2,137483.86000000002,68380.45999999999,671351397.8878706,-947583.686529398,-722.9399999999914,-1151626.2400000002,-5.079e-05
2026-07-20 22:45:00 CST,1784558700000,76.19,76.42,75.97,76.11,165330.71999999997,86597.75,669743799.4466484,-2104191.8576545715,7864.780000000013,-1143761.4600000004,-5.079e-05
2026-07-20 23:00:00 CST,1784559600000,76.1,77.05,76.06,77.02,517333.03,277900.86,676471413.48052,5202158.093006253,38468.68999999999,-1105292.7700000005,-5.079e-05
2026-07-20 23:15:00 CST,1784560500000,77.01,77.1,76.87,77.0,298526.17,140759.69,681289081.0541939,1241990.254193902,-17006.79,-1122299.5600000005,-5.079e-05
2026-07-20 23:30:00 CST,1784561400000,77.0,77.36,76.8,77.26,329382.21,180907.1,680718386.491013,-1154766.238986969,32431.989999999983,-1089867.5700000008,-5.079e-05
2026-07-20 23:45:00 CST,1784562300000,77.26,77.91,77.25,77.73,830022.39,487279.27,690673707.7166461,5445049.064226985,144536.14999999997,-945331.4200000009,-5.079e-05
2026-07-21 00:00:00 CST,1784563200000,77.73,77.82,77.53,77.76,390263.98,167050.14,688001206.5054682,-1757401.8567317724,-56163.7,-1001495.1200000008,1.312e-05
2026-07-21 00:15:00 CST,1784564100000,77.76,77.86,77.46,77.57,239987.12,78620.67000000001,687632804.3053287,-806996.4946712255,-82745.77999999998,-1084240.9000000008,1.312e-05
2026-07-21 00:30:00 CST,1784565000000,77.56,77.72,77.42,77.55,223434.83000000002,91681.76,685818468.985092,876096.59169209,-40071.31000000003,-1124312.210000001,1.312e-05
2026-07-21 00:45:00 CST,1784565900000,77.55,77.78,77.54,77.64,177944.77000000002,77467.82,686007912.999,500648.34039998055,-23009.129999999997,-1147321.340000001,1.312e-05
2026-07-21 01:00:00 CST,1784566800000,77.63,77.71,77.56,77.58,107459.54000000001,63509.42,684912297.1801556,-132783.93224442005,19559.299999999996,-1127762.040000001,1.312e-05
2026-07-21 01:15:00 CST,1784567700000,77.57,77.64,77.5,77.56,53841.06,27230.08,683839391.2199874,-483699.5010125637,619.1000000000004,-1127142.940000001,1.312e-05
2026-07-21 01:30:00 CST,1784568600000,77.57,77.58,77.33,77.37,141135.73,42989.7,682495784.6812793,-1530058.9806361198,-55156.33,-1182299.2700000012,1.312e-05
2026-07-21 01:45:00 CST,1784569500000,77.38,77.88,77.37,77.71,214213.63999999998,134545.47,685117696.0603014,3897724.851054549,54877.3,-1127421.9700000014,1.312e-05
2026-07-21 02:00:00 CST,1784570400000,77.71,78.37,77.71,78.18,660735.48,435097.43,685917498.5088,213574.6395802498,209459.37999999998,-917962.5900000014,1.312e-05
2026-07-21 02:15:00 CST,1784571300000,78.18,78.34,77.93,78.04,246128.15,122555.19,689527941.8269,52277.29260003567,-1017.7700000000041,-918980.3600000014,1.312e-05
2026-07-21 02:30:00 CST,1784572200000,78.03,78.04,77.71,77.71,136766.61,49081.61,688746411.7549582,-931525.8661417961,-38603.38999999999,-957583.7500000014,1.312e-05
2026-07-21 02:45:00 CST,1784573100000,77.72,77.79,77.56,77.63,327115.29,137578.51,685024401.2852,-1286198.0820000172,-51958.26999999999,-1009542.0200000014,1.312e-05
2026-07-21 03:00:00 CST,1784574000000,77.63,77.7,77.35,77.36,301828.95,135320.82,690070618.1502491,7288942.3889865875,-31187.30999999999,-1040729.3300000015,1.312e-05
2026-07-21 03:15:00 CST,1784574900000,77.35,77.6,77.26,77.52,171076.03999999998,106584.73999999999,688223481.0312258,388873.52366292477,42093.439999999995,-998635.8900000014,1.312e-05
2026-07-21 03:30:00 CST,1784575800000,77.51,77.56,77.32,77.51,151342.63,84952.63,687420368.5997682,-1418720.234919548,18562.629999999997,-980073.2600000014,1.312e-05
2026-07-21 03:45:00 CST,1784576700000,77.52,77.67,77.44,77.6,208605.63,113788.56,688086422.9616,184225.21439993382,18971.48999999999,-961101.7700000015,1.312e-05
2026-07-21 04:00:00 CST,1784577600000,77.61,77.69,77.51,77.68,78760.88,42041.43,687965107.824,-565766.4772526026,5321.980000000003,-955779.7900000016,1.312e-05
2026-07-21 04:15:00 CST,1784578500000,77.68,77.84,77.62,77.79,68873.13,41702.3,689442336.0058566,280553.95045661926,14531.469999999998,-941248.3200000016,1.312e-05
2026-07-21 04:30:00 CST,1784579400000,77.79,78.02,77.77,77.85,134802.47,62268.12,691025906.0465249,673333.1088067293,-10266.23000000001,-951514.5500000017,1.312e-05
2026-07-21 04:45:00 CST,1784580300000,77.85,77.92,77.79,77.85,61460.31,22109.53,690679737.5456101,53533.0541100502,-17241.250000000004,-968755.8000000016,1.312e-05
2026-07-21 05:00:00 CST,1784581200000,77.86,77.98,77.8,77.88,60771.92,29531.6,690930708.09,422018.18000006676,-1708.7199999999993,-970464.5200000016,1.312e-05
2026-07-21 05:15:00 CST,1784582100000,77.88,78.01,77.86,77.91,34944.3,15705.75,691658287.626,641786.3995249271,-3532.800000000002,-973997.3200000016,1.312e-05
2026-07-21 05:30:00 CST,1784583000000,77.91,78.0,77.82,77.89,72664.28,23840.050000000003,691252967.4253243,90712.6765242815,-24984.179999999997,-998981.5000000016,1.312e-05
2026-07-21 05:45:00 CST,1784583900000,77.89,77.92,77.68,77.71,45804.020000000004,19510.32,690452907.3207,-920354.9174574614,-6783.379999999999,-1005764.8800000016,1.312e-05
2026-07-21 06:00:00 CST,1784584800000,77.7,77.81,77.58,77.71,94438.8,58034.1,690252225.741267,500137.48192858696,21629.399999999994,-984135.4800000016,1.312e-05
2026-07-21 06:15:00 CST,1784585700000,77.71,77.72,77.56,77.63,40077.56,20975.589999999997,690162621.1488,-115200.28159999847,1873.619999999999,-982261.8600000017,1.312e-05
2026-07-21 06:30:00 CST,1784586600000,77.64,77.68,77.42,77.45,112768.73,56148.59,687958062.1345453,-1906892.574959755,-471.549999999992,-982733.4100000017,1.312e-05
2026-07-21 06:45:00 CST,1784587500000,77.46,77.5,77.4,77.43,41653.0,18292.199999999997,688214812.2137638,-221364.676836133,-5068.6,-987802.0100000016,1.312e-05
2026-07-21 07:00:00 CST,1784588400000,77.43,77.61,77.4,77.5,63195.55,38687.28999999999,688969829.0814,867078.5415000916,14179.029999999999,-973622.9800000016,1.312e-05
2026-07-21 07:15:00 CST,1784589300000,77.5,77.73,77.5,77.69,59827.119999999995,38731.31,688783771.2008,1085357.2075798512,17635.5,-955987.4800000017,1.312e-05
2026-07-21 07:30:00 CST,1784590200000,77.69,77.79,77.62,77.71,46294.8,25311.7,688278229.8470625,-743231.8689374924,4328.600000000003,-951658.8800000018,1.312e-05
2026-07-21 07:45:00 CST,1784591100000,77.72,77.85,77.65,77.8,46560.490000000005,27132.17,688769605.2622,270893.4633139372,7703.849999999999,-943955.0300000018,1.312e-05
2026-07-21 08:00:00 CST,1784592000000,77.81,77.92,77.71,77.81,95395.95,43087.17,689381701.7346,325675.1730134487,-9221.609999999997,-953176.6400000018,0.0001
2026-07-21 08:15:00 CST,1784592900000,77.8,78.04,77.73,77.94,126538.51999999999,56563.549999999996,690820722.8649,1474957.6941000223,-13411.419999999995,-966588.0600000018,0.0001
2026-07-21 08:30:00 CST,1784593800000,77.94,78.21,77.92,78.17,171401.23,119286.82,693314098.9502,3786575.8201254606,67172.41,-899415.6500000018,0.0001
2026-07-21 08:45:00 CST,1784594700000,78.17,78.26,78.07,78.07,83524.52,39618.99999999999,694139988.3564,696849.2088319063,-4286.520000000006,-903702.1700000017,0.0001
2026-07-21 09:00:00 CST,1784595600000,78.08,78.2,77.96,78.11,101106.38999999998,52278.369999999995,694759053.1867,1052754.6045556068,3450.3499999999985,-900251.8200000017,0.0001
2026-07-21 09:15:00 CST,1784596500000,78.1,78.1,77.89,77.95,87972.16,35791.33,693046340.3573502,-1182838.1371498108,-16389.5,-916641.3200000017,0.0001
2026-07-21 09:30:00 CST,1784597400000,77.95,78.07,77.85,77.92,95278.76,44476.380000000005,693015581.448,-119467.0282202959,-6325.999999999996,-922967.3200000017,0.0001
2026-07-21 09:45:00 CST,1784598300000,77.92,78.0,77.79,77.81,61264.979999999996,26739.96,691941173.7628,-573546.2180000544,-7785.060000000005,-930752.3800000018,0.0001
2026-07-21 10:00:00 CST,1784599200000,77.81,78.02,77.75,77.81,94789.80000000002,52234.05,691604128.0956,608311.1579999924,9678.299999999996,-921074.0800000018,0.0001
2026-07-21 10:15:00 CST,1784600100000,77.81,77.84,77.63,77.73,79425.6,43439.65,691375216.3356489,124705.16034889221,7453.700000000001,-913620.3800000018,0.0001
2026-07-21 10:30:00 CST,1784601000000,77.72,77.98,77.71,77.97,63153.09,39145.23,693120708.6620941,2419936.7447804213,15137.369999999995,-898483.0100000018,0.0001
2026-07-21 10:45:00 CST,1784601900000,77.96,78.23,77.88,77.99,84046.63,49717.58,693213749.2269,15639.285577893257,15388.529999999999,-883094.4800000017,0.0001
2026-07-21 11:00:00 CST,1784602800000,77.99,78.53,77.98,78.26,340926.93,182016.98,697416242.7598,3925366.9864999056,23107.02999999999,-859987.4500000017,0.0001
2026-07-21 11:15:00 CST,1784603700000,78.27,78.33,78.13,78.27,114057.51999999999,58551.189999999995,694625862.8232,55605.16620004177,3044.8599999999933,-856942.5900000017,0.0001
2026-07-21 11:30:00 CST,1784604600000,78.26,78.34,78.15,78.21,64086.16,33794.33,694899310.2159,-434577.505300045,3502.499999999998,-853440.0900000017,0.0001
2026-07-21 11:45:00 CST,1784605500000,78.22,78.25,78.11,78.15,55226.67,24113.09,694751606.7466,190076.1643999815,-7000.489999999998,-860440.5800000017,0.0001
2026-07-21 12:00:00 CST,1784606400000,78.15,78.37,78.07,78.09,137748.21,55431.08,694008635.5197,-81107.86174547672,-26886.049999999996,-887326.6300000018,0.0001
2026-07-21 12:15:00 CST,1784607300000,78.08,78.24,77.98,78.01,117234.11,46721.5,690856652.8643662,-217782.71663594246,-23791.110000000004,-911117.7400000017,0.0001
2026-07-21 12:30:00 CST,1784608200000,78.0,78.23,77.98,78.09,147811.23,88532.9,693441867.6612,3287036.936350584,29254.57,-881863.1700000017,0.0001
2026-07-21 12:45:00 CST,1784609100000,78.1,78.14,78.02,78.08,40586.67,22149.370000000003,692798318.4980675,-558452.5308325291,3712.0699999999997,-878151.1000000017,0.0001
2026-07-21 13:00:00 CST,1784610000000,78.08,78.25,78.07,78.21,73038.92,38759.8,693907474.3691968,861279.4739967585,4480.680000000004,-873670.4200000017,0.0001
2026-07-21 13:15:00 CST,1784610900000,78.21,78.37,78.1,78.33,79064.09999999999,38942.56,694382794.6989887,172286.389411211,-1178.979999999994,-874849.4000000018,0.0001
2026-07-21 13:30:00 CST,1784611800000,78.34,78.42,78.29,78.39,92390.02,51036.71,694858037.4551,-9292.246250271797,9683.399999999996,-865166.0000000017,0.0001
2026-07-21 13:45:00 CST,1784612700000,78.39,78.65,78.34,78.41,237290.86,136167.74,694994696.7350595,-855584.7753955126,35044.62000000001,-830121.3800000018,0.0001
2026-07-21 14:00:00 CST,1784613600000,78.4,78.58,78.25,78.36,136261.66,75935.92,693283417.699,-1080878.6222952604,15610.179999999993,-814511.2000000017,0.0001
2026-07-21 14:15:00 CST,1784614500000,78.37,78.46,78.27,78.41,62424.97,33842.13,694379683.9524,661705.7237999439,5259.290000000001,-809251.9100000017,0.0001
2026-07-21 14:30:00 CST,1784615400000,78.41,78.87,78.39,78.66,371080.57999999996,227538.15,697574463.5411559,3016617.3498461246,83995.71999999999,-725256.1900000016,0.0001
2026-07-21 14:45:00 CST,1784616300000,78.66,78.69,78.51,78.62,117116.36,67927.45999999999,696912492.2258683,-865114.582431674,18738.559999999998,-706517.6300000015,0.0001
2026-07-21 15:00:00 CST,1784617200000,78.62,78.73,78.54,78.63,81738.41,47348.490000000005,697047178.992,-139446.62603390217,12958.570000000003,-693559.0600000015,0.0001
2026-07-21 15:15:00 CST,1784618100000,78.64,78.67,78.43,78.52,98781.9,40903.07,696041137.193582,-1773621.391217947,-16975.760000000006,-710534.8200000015,0.0001
2026-07-21 15:30:00 CST,1784619000000,78.53,78.65,78.45,78.47,117536.44,67306.31,696664126.8161597,285040.0550918579,17076.180000000004,-693458.6400000014,0.0001
2026-07-21 15:45:00 CST,1784619900000,78.48,78.64,78.45,78.53,141106.9,93448.40999999999,697647380.6897595,1774604.543359518,45789.92,-647668.7200000014,0.0001
2026-07-21 16:00:00 CST,1784620800000,78.53,78.58,78.35,78.56,133056.88,70290.14,696662665.7346,-503210.2867000103,7523.4000000000015,-640145.3200000012,6.58e-05
2026-07-21 16:15:00 CST,1784621700000,78.57,78.72,78.34,78.37,231416.40000000002,121548.1,698627033.662,794923.3920999765,11679.799999999996,-628465.5200000013,6.58e-05
2026-07-21 16:30:00 CST,1784622600000,78.37,78.46,78.32,78.4,110817.15,49356.42,697761234.227298,674124.786744237,-12104.309999999994,-640569.8300000014,6.58e-05
2026-07-21 16:45:00 CST,1784623500000,78.4,78.45,78.29,78.31,93328.22,41542.9,696486703.6094779,-358858.52932214737,-10242.419999999998,-650812.2500000014,6.58e-05
2026-07-21 17:00:00 CST,1784624400000,78.32,78.32,78.11,78.22,188197.0,65638.89,692020451.4869301,-4423192.911579728,-56919.219999999994,-707731.4700000015,6.58e-05
2026-07-21 17:15:00 CST,1784625300000,78.22,78.27,78.16,78.23,87747.48,53165.67,693227207.7842,617357.4942268133,18583.860000000008,-689147.6100000015,6.58e-05
2026-07-21 17:30:00 CST,1784626200000,78.24,78.41,78.22,78.4,59997.979999999996,39848.31,695277465.7485945,1754773.146175623,19698.64,-669448.9700000015,6.58e-05
2026-07-21 17:45:00 CST,1784627100000,78.4,78.46,78.33,78.37,61284.189999999995,34647.01,696479255.331,952943.4589999914,8009.829999999998,-661439.1400000015,6.58e-05
2026-07-21 18:00:00 CST,1784628000000,78.38,78.45,78.33,78.35,105793.7,61292.76,695457684.2605,-460023.82010006905,16791.82000000001,-644647.3200000016,6.58e-05
2026-07-21 18:15:00 CST,1784628900000,78.36,78.41,78.27,78.34,105920.18000000001,44545.78,693693416.0639117,-574271.952088356,-16828.620000000006,-661475.9400000016,6.58e-05
2026-07-21 18:30:00 CST,1784629800000,78.34,78.39,78.22,78.23,104349.20000000001,48883.7,693914793.7782307,-70254.43876934052,-6581.800000000007,-668057.7400000015,6.58e-05
2026-07-21 18:45:00 CST,1784630700000,78.23,78.3,78.02,78.16,199647.86,82346.82999999999,692268400.2034296,-608902.0668795109,-34954.2,-703011.9400000016,6.58e-05
2026-07-21 19:00:00 CST,1784631600000,78.16,78.19,78.06,78.11,98942.4,37058.58,690198773.1613514,-911168.4159618616,-24825.24,-727837.1800000016,6.58e-05
2026-07-21 19:15:00 CST,1784632500000,78.11,78.21,78.08,78.2,120641.05000000002,54870.51,692178329.678,1745479.2321861982,-10900.030000000002,-738737.2100000016,6.58e-05
2026-07-21 19:30:00 CST,1784633400000,78.2,78.34,78.19,78.31,73871.25,41578.189999999995,694745595.4883274,1157950.8843274117,9285.129999999992,-729452.0800000016,6.58e-05
2026-07-21 19:45:00 CST,1784634300000,78.31,78.39,78.29,78.31,50006.520000000004,29567.789999999997,695142276.9335,576316.9840000868,9129.06,-720323.0200000015,6.58e-05
2026-07-21 20:00:00 CST,1784635200000,78.32,78.48,78.25,78.34,118121.01,73484.0,695567707.248,643446.4165110588,28846.99,-691476.0300000015,6.58e-05
2026-07-21 20:15:00 CST,1784636100000,78.35,78.52,78.24,78.25,265954.64,133517.16999999998,696087760.074,-31677.68850004673,1079.6999999999898,-690396.3300000016,6.58e-05
2026-07-21 20:30:00 CST,1784637000000,78.26,78.5,78.23,78.38,143979.02,79200.41,696826976.796,1059519.4071661234,14421.800000000003,-675974.5300000015,6.58e-05
2026-07-21 20:45:00 CST,1784637900000,78.39,78.5,78.37,78.49,75801.37,42853.630000000005,695926876.0856,118690.57940006256,9905.890000000003,-666068.6400000015,6.58e-05
2026-07-21 21:00:00 CST,1784638800000,78.49,78.6,78.39,78.5,164866.32,95356.04999999999,696109360.0624,-238048.47469997406,25845.77999999999,-640222.8600000015,6.58e-05
2026-07-21 21:15:00 CST,1784639700000,78.51,78.53,78.28,78.38,119187.11,53035.83,694037662.9560449,-1500657.8510551453,-13115.45,-653338.3100000015,6.58e-05
2026-07-21 21:30:00 CST,1784640600000,78.38,78.45,78.16,78.24,207558.4,105616.88,692889635.580314,-397554.59697306156,3675.3600000000006,-649662.9500000014,6.58e-05
2026-07-21 21:45:00 CST,1784641500000,78.24,78.61,78.19,78.55,170965.13,101581.85999999999,695213077.3952,2899968.1978000402,32198.589999999997,-617464.3600000013,6.58e-05
2026-07-21 22:00:00 CST,1784642400000,78.56,78.61,78.33,78.44,238245.06,93442.72,693975565.7027582,-1859555.6232153177,-51359.62,-668823.9800000013,6.58e-05
2026-07-21 22:15:00 CST,1784643300000,78.45,78.48,77.92,78.07,398235.69,130310.94999999998,690652856.5992,-3573132.7278000116,-137613.79,-806437.7700000013,6.58e-05
2026-07-21 22:30:00 CST,1784644200000,78.07,78.25,77.82,78.1,230227.89,102653.95999999999,689752103.8578,194621.78419995308,-24919.97,-831357.7400000013,6.58e-05
2026-07-21 22:45:00 CST,1784645100000,78.1,78.19,77.92,77.97,165015.91999999998,82735.01,688390407.4266,-435058.8034000397,454.1000000000058,-830903.6400000013,6.58e-05
2026-07-21 23:00:00 CST,1784646000000,77.96,78.01,77.73,77.84,318391.03,139645.33,689178227.3076339,384681.3776000738,-39100.37000000002,-870004.0100000013,6.58e-05
2026-07-21 23:15:00 CST,1784646900000,77.85,78.07,77.85,77.91,130088.54999999999,69793.44,689922322.8993,1201025.6121690273,9498.330000000009,-860505.6800000012,6.58e-05
2026-07-21 23:30:00 CST,1784647800000,77.91,78.09,77.8,77.92,108963.84999999999,52103.630000000005,691429556.1927,2441826.836103916,-4756.5899999999965,-865262.2700000012,6.58e-05
2026-07-21 23:45:00 CST,1784648700000,77.92,78.13,77.87,78.11,69318.54000000001,40302.63,691319432.1190847,1376007.4646847248,11286.72,-853975.5500000012,6.58e-05
2026-07-22 00:00:00 CST,1784649600000,78.11,78.21,77.95,78.05,117335.11000000002,62877.92,690256797.3719,-1670203.2371032238,8420.73,-845554.8200000012,2.609e-05
2026-07-22 00:15:00 CST,1784650500000,78.05,78.07,77.94,77.97,76484.32,35749.51,690527969.635,-375431.22049999237,-4985.299999999999,-850540.1200000013,2.609e-05
2026-07-22 00:30:00 CST,1784651400000,77.96,78.15,77.92,78.05,95586.25,52525.32,691982368.7042,1507360.5977351665,9464.389999999998,-841075.7300000013,2.609e-05
2026-07-22 00:45:00 CST,1784652300000,78.04,78.2,77.98,78.16,77558.98999999999,43126.979999999996,692989639.2785,1706750.8169000149,8694.970000000001,-832380.7600000013,2.609e-05
2026-07-22 01:00:00 CST,1784653200000,78.16,78.2,77.93,77.95,67331.01000000001,29847.67,691820853.8808,-840801.6144000292,-7635.670000000002,-840016.4300000013,2.609e-05
2026-07-22 01:15:00 CST,1784654100000,77.96,77.99,77.79,77.85,96709.51000000001,43427.270000000004,690328582.7004,-403197.70918881893,-9854.970000000001,-849871.4000000013,2.609e-05
2026-07-22 01:30:00 CST,1784655000000,77.86,77.93,77.8,77.88,64185.560000000005,40310.21,689796797.4833,635797.7213000059,16434.86,-833436.5400000012,2.609e-05
2026-07-22 01:45:00 CST,1784655900000,77.89,77.91,77.39,77.69,442693.61000000004,180394.15000000002,685678507.5825,-4129770.1079000235,-81905.31,-915341.8500000011,2.609e-05
2026-07-22 02:00:00 CST,1784656800000,77.69,77.87,77.57,77.81,123584.44,67240.76999999999,686766100.6366,1222462.9464451075,10897.099999999995,-904444.7500000012,2.609e-05
2026-07-22 02:15:00 CST,1784657700000,77.81,77.95,77.77,77.85,54168.6,24981.030000000002,686858817.5136889,592656.9840888977,-4206.539999999995,-908651.2900000012,2.609e-05
2026-07-22 02:30:00 CST,1784658600000,77.85,77.96,77.69,77.92,81837.86,43951.66,688126042.4515722,1424137.3495721817,6065.459999999997,-902585.8300000011,2.609e-05
2026-07-22 02:45:00 CST,1784659500000,77.91,77.96,77.78,77.82,51516.5,23373.34,687341424.993589,-864273.0144109726,-4769.820000000002,-907355.6500000011,2.609e-05
2026-07-22 03:00:00 CST,1784660400000,77.82,77.88,77.7,77.71,58720.86,30139.489999999998,687412707.7662,234473.1059999466,1558.1200000000026,-905797.5300000011,2.609e-05
2026-07-22 03:15:00 CST,1784661300000,77.71,77.93,77.67,77.86,61984.61,42414.78,686702348.4955376,397827.0680049658,22844.949999999997,-882952.5800000011,2.609e-05
2026-07-22 03:30:00 CST,1784662200000,77.85,77.97,77.85,77.86,63194.92,31091.5,687281765.0243676,695102.8343675137,-1011.9199999999983,-883964.5000000012,2.609e-05
2026-07-22 03:45:00 CST,1784663100000,77.86,77.88,77.68,77.84,126291.03,57991.93,684923926.1518574,-1628311.0434116125,-10307.169999999998,-894271.6700000011,2.609e-05
2026-07-22 04:00:00 CST,1784664000000,77.83,77.96,77.76,77.88,85391.56,31804.909999999996,686425056.1424,643440.8229776621,-21781.739999999998,-916053.4100000011,2.609e-05
2026-07-22 04:15:00 CST,1784664900000,77.87,77.88,77.79,77.86,31432.300000000003,12681.96,685693859.4205,-582626.5887745619,-6068.38,-922121.7900000011,2.609e-05
2026-07-22 04:30:00 CST,1784665800000,77.85,78.09,77.85,77.97,177216.0,80145.0,687567150.4671106,1511163.2785043716,-16926.000000000007,-939047.7900000011,2.609e-05
2026-07-22 04:45:00 CST,1784666700000,77.97,78.01,77.83,77.86,95357.18,29243.92,683154825.1234264,-3667644.8153738976,-36869.34000000001,-975917.1300000012,2.609e-05
2026-07-22 05:00:00 CST,1784667600000,77.85,78.03,77.75,77.98,139891.47,94050.18,682174605.9664863,-848624.3221136332,48208.89000000001,-927708.2400000012,2.609e-05
2026-07-22 05:15:00 CST,1784668500000,77.98,78.04,77.93,77.96,39203.11,13967.31,679557119.28,40892.56451189518,-11268.490000000002,-938976.7300000011,2.609e-05
2026-07-22 05:30:00 CST,1784669400000,77.95,78.1,77.92,78.06,56865.83,31732.19,679910121.1088593,960708.8796592951,6598.549999999997,-932378.1800000012,2.609e-05
2026-07-22 05:45:00 CST,1784670300000,78.06,78.08,77.96,78.0,39126.270000000004,18397.85,679309196.2486964,-476101.2228258848,-2330.5700000000033,-934708.7500000012,2.609e-05
2026-07-22 06:00:00 CST,1784671200000,77.99,78.04,77.87,77.94,67581.25,33034.29,680773733.1756,1255890.2371612787,-1512.67,-936221.4200000012,2.609e-05
2026-07-22 06:15:00 CST,1784672100000,77.94,77.99,77.85,77.95,34146.8,17207.85,679933268.5509,-454803.08910000324,268.8999999999978,-935952.5200000013,2.609e-05
2026-07-22 06:30:00 CST,1784673000000,77.95,78.02,77.89,77.93,48916.2,22974.73,680576399.2288,255818.3492307663,-2966.739999999999,-938919.2600000013,2.609e-05
2026-07-22 06:45:00 CST,1784673900000,77.93,77.96,77.8,77.95,64666.13,38541.090000000004,680021184.6259577,-208956.45884227753,12416.050000000007,-926503.2100000014,2.609e-05
2026-07-22 07:00:00 CST,1784674800000,77.95,77.95,77.77,77.78,62587.990000000005,20018.18,679137335.2344,-1480785.738904357,-22551.629999999997,-949054.8400000014,2.609e-05
2026-07-22 07:15:00 CST,1784675700000,77.77,77.93,77.77,77.93,38439.280000000006,26687.79,678564607.2789216,162126.3491215706,14936.299999999997,-934118.5400000013,2.609e-05
2026-07-22 07:30:00 CST,1784676600000,77.93,78.05,77.88,78.01,68934.09,36088.6,680937751.5424,1296434.1668000221,3243.1100000000006,-930875.4300000012,2.609e-05
2026-07-22 07:45:00 CST,1784677500000,78.02,78.16,78.02,78.1,72410.15,43323.91,681909910.1802586,1084120.332905054,14237.669999999996,-916637.7600000012,2.609e-05
2026-07-22 08:00:00 CST,1784678400000,78.1,78.47,78.07,78.46,214357.52000000002,133279.8,683492588.7937857,1495804.82508564,52202.08,-864435.6800000012,2.725e-05
2026-07-22 08:15:00 CST,1784679300000,78.47,78.55,78.32,78.39,153929.97,78259.85,683547696.3276,-1423185.2536000013,2589.730000000007,-861845.9500000011,2.725e-05
2026-07-22 08:30:00 CST,1784680200000,78.38,78.54,78.29,78.49,97824.90000000001,53722.52,685181910.43,1588850.593299985,9620.139999999992,-852225.8100000011,2.725e-05
2026-07-22 08:45:00 CST,1784681100000,78.5,78.57,78.38,78.4,77565.87,38526.229999999996,684091263.1076903,-737392.6123096943,-513.4100000000035,-852739.2200000013,2.725e-05
2026-07-22 09:00:00 CST,1784682000000,78.41,78.48,78.3,78.3,71160.38,26890.55,684309086.3865,84635.42412316799,-17379.28,-870118.5000000013,2.725e-05
2026-07-22 09:15:00 CST,1784682900000,78.3,78.35,78.1,78.22,167604.66,82411.38,681840249.0517,-757996.111199975,-2781.899999999994,-872900.4000000013,2.725e-05
2026-07-22 09:30:00 CST,1784683800000,78.22,78.35,78.16,78.28,58808.51000000001,24187.489999999998,683269612.7816564,994234.8539891243,-10433.530000000002,-883333.9300000013,2.725e-05
2026-07-22 09:45:00 CST,1784684700000,78.28,78.48,78.24,78.3,97997.90999999999,56132.89000000001,683942929.5005,1376345.3260999918,14267.870000000006,-869066.0600000013,2.725e-05
2026-07-22 10:00:00 CST,1784685600000,78.3,78.37,78.14,78.34,72670.91,42608.369999999995,682723339.7075,-870905.6335748434,12545.82999999999,-856520.2300000014,2.725e-05
2026-07-22 10:15:00 CST,1784686500000,78.33,78.48,78.28,78.38,57902.83,33572.12,684385177.9372855,1060638.69798553,9241.410000000003,-847278.8200000013,2.725e-05
2026-07-22 10:30:00 CST,1784687400000,78.37,78.37,78.14,78.21,48213.43,20448.920000000002,682101011.4514627,-2189658.5071372986,-7315.5899999999965,-854594.4100000013,2.725e-05
2026-07-22 10:45:00 CST,1784688300000,78.22,78.26,78.04,78.07,87401.9,42651.78999999999,681168469.7166634,-1249453.7134506702,-2098.3199999999997,-856692.7300000014,2.725e-05
2026-07-22 11:00:00 CST,1784689200000,78.07,78.19,77.89,77.9,106038.0,37672.78999999999,678615107.8586704,-1794283.661519289,-30692.420000000002,-887385.1500000014,2.725e-05
2026-07-22 11:15:00 CST,1784690100000,77.91,78.13,77.91,78.1,90250.29000000001,40463.75,680016149.7050563,2128216.0240563154,-9322.79,-896707.9400000015,2.725e-05
2026-07-22 11:30:00 CST,1784691000000,78.1,78.14,77.9,78.0,77101.56,31803.590000000004,680185039.5516,-96729.07860004902,-13494.380000000001,-910202.3200000015,2.725e-05
2026-07-22 11:45:00 CST,1784691900000,78.0,78.12,77.76,77.82,97472.25,34838.16,680039462.2014,-658859.3955248594,-27795.929999999993,-937998.2500000014,2.725e-05
2026-07-22 12:00:00 CST,1784692800000,77.82,78.09,77.78,78.05,120499.54999999999,70206.07,681749482.2612,2826503.7286999226,19912.590000000007,-918085.6600000014,2.725e-05
2026-07-22 12:15:00 CST,1784693700000,78.05,78.17,78.04,78.13,75207.91,38694.7,682892129.0635,376038.029900074,2181.49,-915904.1700000014,2.725e-05
2026-07-22 12:30:00 CST,1784694600000,78.13,78.19,78.02,78.17,71330.69,37533.7,682439499.8842442,-885936.4709055424,3736.7100000000028,-912167.4600000015,2.725e-05
2026-07-22 12:45:00 CST,1784695500000,78.18,78.19,77.99,78.02,75688.68,31876.730000000003,681797764.9606303,-1813974.2788649797,-11935.219999999996,-924102.6800000014,2.725e-05
2026-07-22 13:00:00 CST,1784696400000,78.02,78.04,77.8,77.87,139044.07,84708.07,681378623.1002741,-479221.2690259218,30372.07,-893730.6100000014,2.725e-05
2026-07-22 13:15:00 CST,1784697300000,77.86,77.87,77.47,77.5,337299.18,153617.16,681257941.9680991,-1199627.8800547123,-30064.85999999998,-923795.4700000013,2.725e-05
2026-07-22 13:30:00 CST,1784698200000,77.5,77.67,77.45,77.49,151225.55,82689.92,680479204.8535933,668992.1280961037,14154.29,-909641.1800000012,2.725e-05
2026-07-22 13:45:00 CST,1784699100000,77.48,77.59,77.35,77.39,181816.38,70492.54,681339182.0716,1285731.9221800566,-40831.3,-950472.4800000014,2.725e-05
2026-07-22 14:00:00 CST,1784700000000,77.38,77.47,77.17,77.25,423868.28,211449.77000000002,677275204.5607303,-1370368.5043221712,-968.7399999999907,-951441.2200000014,2.725e-05
2026-07-22 14:15:00 CST,1784700900000,77.25,77.25,76.98,77.09,307563.4,131254.38,674991488.2958972,-1421272.2441027164,-45054.639999999985,-996495.8600000014,2.725e-05
2026-07-22 14:30:00 CST,1784701800000,77.08,77.28,76.95,77.2,234090.6,142782.88,676425729.5985849,2758155.6203682423,51475.16,-945020.7000000014,2.725e-05
2026-07-22 14:45:00 CST,1784702700000,77.2,77.28,77.07,77.26,82961.32999999999,52961.8,677716185.605541,257410.14774096012,22962.270000000008,-922058.4300000013,2.725e-05
2026-07-22 15:00:00 CST,1784703600000,77.26,77.29,77.12,77.19,103229.7,48194.09,678207311.7379,343271.9426150322,-6841.520000000004,-928899.9500000012,2.725e-05
2026-07-22 15:15:00 CST,1784704500000,77.19,77.26,77.1,77.24,108547.39,46625.91,677419249.8142856,-316378.9513143301,-15295.570000000003,-944195.5200000013,2.725e-05
2026-07-22 15:30:00 CST,1784705400000,77.24,77.26,76.94,77.08,195779.81,89133.9,675701811.9078,-3389435.652571082,-17512.009999999987,-961707.5300000013,2.725e-05
2026-07-22 15:45:00 CST,1784706300000,77.09,77.13,76.98,77.06,108045.62999999999,50206.15,676742456.3544414,51010.10414135456,-7633.329999999998,-969340.8600000013,2.725e-05
2026-07-22 16:00:00 CST,1784707200000,77.06,77.27,77.0,77.16,159591.62999999998,95341.1,678177074.0625,1539817.5602999926,31090.570000000003,-938250.2900000012,-3.237e-05
2026-07-22 16:15:00 CST,1784708100000,77.16,77.48,77.15,77.33,181071.58000000002,110491.54000000001,679207281.7324,1914454.4868847132,39911.50000000001,-898338.7900000012,-3.237e-05
2026-07-22 16:30:00 CST,1784709000000,77.34,77.4,77.26,77.26,91074.88,39621.67,677799417.5843627,-730086.2562372684,-11831.539999999997,-910170.3300000012,-3.237e-05
2026-07-22 16:45:00 CST,1784709900000,77.27,77.42,77.26,77.38,53917.799999999996,28066.809999999998,678544663.2176145,954464.1008145809,2215.8200000000033,-907954.5100000012,-3.237e-05
2026-07-22 17:00:00 CST,1784710800000,77.38,77.53,77.33,77.35,95810.91,45857.61,680463714.2247,1804446.321870327,-4095.6899999999987,-912050.2000000011,-3.237e-05
2026-07-22 17:15:00 CST,1784711700000,77.35,77.44,77.3,77.37,59072.84,36920.04,679530617.8572,368524.35029280186,14767.239999999998,-897282.9600000011,-3.237e-05
2026-07-22 17:30:00 CST,1784712600000,77.37,77.41,77.24,77.37,92402.42,43168.16,678039556.8912,-1492279.001400113,-6066.0999999999985,-903349.0600000011,-3.237e-05
2026-07-22 17:45:00 CST,1784713500000,77.37,77.54,77.32,77.51,75520.79999999999,41795.15,680128391.6346784,615708.8085455894,8069.500000000004,-895279.5600000011,-3.237e-05
2026-07-22 18:00:00 CST,1784714400000,77.51,77.56,77.4,77.45,58145.45,29824.32,680746435.2831438,-570683.586156249,1503.1899999999987,-893776.370000001,-3.237e-05
2026-07-22 18:15:00 CST,1784715300000,77.45,77.61,77.4,77.57,91218.43,58250.44,681402875.0376595,673925.544059515,25282.450000000004,-868493.9200000011,-3.237e-05
2026-07-22 18:30:00 CST,1784716200000,77.56,77.61,77.5,77.57,48229.83,24828.839999999997,681032810.2344,-233598.0299999714,1427.8499999999985,-867066.0700000011,-3.237e-05
2026-07-22 18:45:00 CST,1784717100000,77.58,77.7,77.56,77.63,159140.05000000002,79617.82,681739987.345967,38938.4827671051,95.58999999999651,-866970.4800000011,-3.237e-05
2026-07-22 19:00:00 CST,1784718000000,77.64,77.7,77.57,77.64,68602.26,37183.17,681166257.2178108,-48151.66240012646,5764.079999999998,-861206.4000000012,-3.237e-05
2026-07-22 19:15:00 CST,1784718900000,77.63,77.77,77.55,77.63,101473.98999999999,57094.11,681153630.7933954,541731.9761954546,12714.230000000007,-848492.1700000011,-3.237e-05
2026-07-22 19:30:00 CST,1784719800000,77.62,77.7,77.44,77.49,131943.32,60182.75,679867551.9012,153092.37010002136,-11577.819999999996,-860069.9900000012,-3.237e-05
2026-07-22 19:45:00 CST,1784720700000,77.48,77.62,77.47,77.53,55390.23,28227.28,679128711.954,233380.60619997978,1064.329999999998,-859005.6600000012,-3.237e-05
2026-07-22 20:00:00 CST,1784721600000,77.52,77.53,77.29,77.38,138765.26,70556.95,675954954.7923325,-2837738.420249343,2348.6399999999994,-856657.0200000012,-3.237e-05
2026-07-22 20:15:00 CST,1784722500000,77.39,77.43,77.15,77.17,111656.41,36841.46,674737221.1208234,-2027738.057676673,-37973.490000000005,-894630.5100000013,-3.237e-05
2026-07-22 20:30:00 CST,1784723400000,77.16,77.25,77.11,77.16,89578.42,41380.95,676369217.8430605,1319953.2221604586,-6816.52,-901447.0300000013,-3.237e-05
2026-07-22 20:45:00 CST,1784724300000,77.16,77.29,76.97,77.19,199588.21,89193.81,677526766.3142,1414332.9184000492,-21200.589999999986,-922647.6200000013,-3.237e-05
2026-07-22 21:00:00 CST,1784725200000,77.2,77.31,77.09,77.28,112206.84,60022.06,677622066.3388519,1143022.8868519068,7837.280000000006,-914810.3400000012,-3.237e-05
2026-07-22 21:15:00 CST,1784726100000,77.29,77.3,77.18,77.24,72720.82999999999,31746.47,677041628.7492,-289077.1335809231,-9227.889999999996,-924038.2300000013,-3.237e-05
2026-07-22 21:30:00 CST,1784727000000,77.24,77.78,77.17,77.76,489687.74999999994,290787.87,681610916.536,4429453.458216429,91887.99000000003,-832150.2400000012,-3.237e-05
2026-07-22 21:45:00 CST,1784727900000,77.76,77.93,77.68,77.84,297501.89,156782.05000000002,683109221.4740211,257329.70122110844,16062.210000000021,-816088.0300000011,-3.237e-05
2026-07-22 22:00:00 CST,1784728800000,77.83,78.4,77.77,78.02,509286.39,284618.35000000003,682826647.9573,-895007.1347000599,59950.31000000001,-756137.7200000011,-3.237e-05
2026-07-22 22:15:00 CST,1784729700000,78.02,78.03,77.37,77.43,343847.66000000003,130985.99,678405174.315,-6356435.557799935,-81875.68000000001,-838013.4000000011,-3.237e-05
2026-07-22 22:30:00 CST,1784730600000,77.43,77.88,77.36,77.66,205284.6,122787.74,679073572.8477545,2309220.090954423,40290.88000000001,-797722.5200000011,-3.237e-05
2026-07-22 22:45:00 CST,1784731500000,77.65,77.87,77.61,77.86,100304.52,49833.11,680440524.8212,942914.0145013332,-638.2999999999993,-798360.820000001,-3.237e-05
2026-07-22 23:00:00 CST,1784732400000,77.86,78.41,77.85,78.37,339870.24,192795.82,684820381.4863881,2997293.802388072,45721.40000000001,-752639.4200000011,-3.237e-05
2026-07-22 23:15:00 CST,1784733300000,78.36,78.85,78.22,78.66,696675.3,400716.14,690563925.0719997,2535873.105782509,104756.98000000001,-647882.4400000011,-3.237e-05
2026-07-22 23:30:00 CST,1784734200000,78.66,78.74,78.37,78.49,283180.52,105382.48000000001,693945390.3162823,-2568702.6012177467,-72415.56,-720298.0000000012,-3.237e-05
2026-07-22 23:45:00 CST,1784735100000,78.49,78.59,78.34,78.43,144140.55,71747.62,692920086.8001212,-1273757.8562787771,-645.3100000000013,-720943.3100000012,-3.237e-05
2026-07-23 00:00:00 CST,1784736000000,78.43,78.55,78.31,78.38,167831.40000000002,72045.69,694999373.956197,1963380.203347206,-23740.020000000004,-744683.3300000011,3.89e-05
2026-07-23 00:15:00 CST,1784736900000,78.38,78.38,78.06,78.17,183641.61,81165.08,690196084.798,-3525938.2102999687,-21311.449999999997,-765994.7800000012,3.89e-05
2026-07-23 00:30:00 CST,1784737800000,78.18,78.78,78.14,78.64,335852.26,214347.8,695105433.9801174,5326263.726498961,92843.34,-673151.4400000011,3.89e-05
2026-07-23 00:45:00 CST,1784738700000,78.64,78.68,78.41,78.54,114258.0,48758.979999999996,691616833.5778849,-2269843.7997391224,-16740.040000000005,-689891.480000001,3.89e-05
2026-07-23 01:00:00 CST,1784739600000,78.54,78.62,78.45,78.49,102636.65000000001,51446.490000000005,692723232.7554,213013.27339994907,256.33000000000175,-689635.150000001,3.89e-05
2026-07-23 01:15:00 CST,1784740500000,78.49,78.51,78.1,78.22,192273.61000000002,90075.56,689808928.7299967,-2404739.8819942474,-12122.490000000002,-701757.640000001,3.89e-05
2026-07-23 01:30:00 CST,1784741400000,78.22,78.49,78.2,78.42,84275.95,49790.07,689942510.992,1683600.6007224321,15304.190000000002,-686453.4500000009,3.89e-05
2026-07-23 01:45:00 CST,1784742300000,78.43,78.48,78.14,78.17,105438.03,42254.71,689012142.9408,-1232503.0566999912,-20928.61,-707382.060000001,3.89e-05
2026-07-23 02:00:00 CST,1784743200000,78.17,78.26,77.96,78.05,146176.01,55205.57,686145631.08,-1862324.7069113255,-35764.87000000001,-743146.9300000011,3.89e-05
2026-07-23 02:15:00 CST,1784744100000,78.04,78.1,77.76,77.77,174572.12,67657.23,683203416.0267698,-2676034.339112401,-39257.66,-782404.5900000011,3.89e-05
2026-07-23 02:30:00 CST,1784745000000,77.77,77.77,77.41,77.46,364346.98,163723.97999999998,679889877.7230532,-2457131.242431879,-36899.020000000004,-819303.6100000012,3.89e-05
2026-07-23 02:45:00 CST,1784745900000,77.46,77.74,77.43,77.7,157768.94,109383.39000000001,682245756.0901402,1669097.7703564167,60997.84000000001,-758305.7700000011,3.89e-05
2026-07-23 03:00:00 CST,1784746800000,77.7,77.77,77.26,77.4,210095.91999999998,103163.09999999999,679710974.8895034,-3196096.113651514,-3769.7200000000084,-762075.490000001,3.89e-05
2026-07-23 03:15:00 CST,1784747700000,77.4,77.71,77.39,77.59,111462.23999999999,63456.71,679566386.187025,1831885.5784403086,15451.180000000004,-746624.3100000011,3.89e-05
2026-07-23 03:30:00 CST,1784748600000,77.59,77.71,77.48,77.49,79483.33,36268.33,678794374.8376,-347206.5338000059,-6946.669999999998,-753570.9800000011,3.89e-05
2026-07-23 03:45:00 CST,1784749500000,77.5,77.67,77.45,77.61,92945.81,48082.04,679667882.3163339,1121092.9772443771,3218.2700000000004,-750352.7100000011,3.89e-05
2026-07-23 04:00:00 CST,1784750400000,77.61,77.84,77.52,77.82,235586.42,106626.63,680762936.3490062,479808.0104110241,-22333.16000000001,-772685.8700000012,3.89e-05
2026-07-23 04:15:00 CST,1784751300000,77.82,77.89,77.74,77.84,75693.06,33637.92,681072396.4793158,-383214.05986380577,-8417.220000000001,-781103.0900000011,3.89e-05
2026-07-23 04:30:00 CST,1784752200000,77.85,77.91,77.75,77.85,61343.36,27847.320000000003,682027219.3836085,-279298.195355773,-5648.719999999999,-786751.8100000012,3.89e-05
2026-07-23 04:45:00 CST,1784753100000,77.85,77.85,77.68,77.75,56258.19,27577.81,680715990.4794091,-1568123.6996793747,-1102.569999999998,-787854.3800000012,3.89e-05
2026-07-23 05:00:00 CST,1784754000000,77.75,77.83,77.7,77.7,61180.89,28685.01,679725928.6706169,-252298.28386950493,-3810.869999999999,-791665.2500000012,3.89e-05
2026-07-23 05:15:00 CST,1784754900000,77.71,77.76,77.62,77.65,43765.799999999996,19996.0,679190376.4484916,-194267.66368746758,-3773.7999999999993,-795439.0500000012,3.89e-05
2026-07-23 05:30:00 CST,1784755800000,77.64,78.01,77.64,77.94,120436.72,64108.09,679647637.7246847,978447.1072034836,7779.459999999999,-787659.5900000011,3.89e-05
2026-07-23 05:45:00 CST,1784756700000,77.94,78.02,77.86,77.98,68347.33,41716.39,680178559.1194,84606.05375468731,15085.449999999993,-772574.1400000012,3.89e-05
2026-07-23 06:00:00 CST,1784757600000,77.99,78.08,77.81,78.03,134631.93000000002,62319.270000000004,683232814.4577,2893767.8291413784,-9993.390000000007,-782567.5300000011,3.89e-05
2026-07-23 06:15:00 CST,1784758500000,78.03,78.04,77.89,78.01,53075.11,18214.98,683477338.2776636,-202618.1745364666,-16645.15,-799212.6800000011,3.89e-05
2026-07-23 06:30:00 CST,1784759400000,78.01,78.02,77.66,77.72,196275.58000000002,58352.62,680091198.2376587,-3657690.1686389446,-79570.34000000001,-878783.0200000012,3.89e-05
2026-07-23 06:45:00 CST,1784760300000,77.72,78.01,77.71,77.96,45799.69,22258.42,681641180.2691742,1774260.0730041265,-1282.8500000000022,-880065.8700000012,3.89e-05
2026-07-23 07:00:00 CST,1784761200000,77.96,77.98,77.46,77.52,209836.16000000003,54156.5,680719127.0460572,-850032.8619623184,-101523.16000000002,-981589.0300000013,3.89e-05
2026-07-23 07:15:00 CST,1784762100000,77.51,77.72,77.44,77.7,95267.25,55469.92999999999,676329879.3108,1128365.6876385212,15672.609999999997,-965916.4200000013,3.89e-05
2026-07-23 07:30:00 CST,1784763000000,77.69,77.78,77.65,77.76,41501.39,19652.9,676760500.1575615,-189076.48251485825,-2195.59,-968112.0100000013,3.89e-05
2026-07-23 07:45:00 CST,1784763900000,77.76,77.96,77.74,77.93,70840.3,35842.58,678278994.4381,1253823.9942964315,844.8600000000006,-967267.1500000012,3.89e-05
2026-07-23 08:00:00 CST,1784764800000,77.93,78.35,77.93,78.26,265928.65,125512.07,682279910.9424,3618598.385299921,-14904.509999999995,-982171.6600000012,-3.674e-05
2026-07-23 08:15:00 CST,1784765700000,78.26,78.5,78.22,78.38,225014.88999999998,110275.61,686562374.1659572,2266212.4049571753,-4463.669999999998,-986635.3300000012,-3.674e-05
2026-07-23 08:30:00 CST,1784766600000,78.38,78.42,78.26,78.28,100240.57999999999,47490.71,687136157.6548,176853.17915344238,-5259.1600000000035,-991894.4900000013,-3.674e-05
2026-07-23 08:45:00 CST,1784767500000,78.28,78.39,78.19,78.21,73399.33,33615.28,687001949.5704461,-238878.00075411797,-6168.77,-998063.2600000014,-3.674e-05
2026-07-23 09:00:00 CST,1784768400000,78.21,78.38,78.11,78.18,95997.32999999999,39613.2,685093066.8624,-1146830.2305645943,-16770.929999999993,-1014834.1900000013,-3.674e-05
2026-07-23 09:15:00 CST,1784769300000,78.18,78.2,78.0,78.03,110273.89,42640.24,684660241.7664775,-1043620.1288324594,-24993.410000000007,-1039827.6000000013,-3.674e-05
2026-07-23 09:30:00 CST,1784770200000,78.04,78.06,77.82,77.85,159675.74,74863.56,681888941.3477707,-2553826.7970489264,-9948.620000000003,-1049776.2200000011,-3.674e-05
2026-07-23 09:45:00 CST,1784771100000,77.85,77.94,77.83,77.84,66036.13,23181.7,681335360.1862464,-222319.55386543274,-19672.729999999996,-1069448.950000001,-3.674e-05
2026-07-23 10:00:00 CST,1784772000000,77.84,77.86,77.6,77.6,150182.68,67619.98999999999,678287209.023,-2866713.487651944,-14942.7,-1084391.6500000008,-3.674e-05
2026-07-23 10:15:00 CST,1784772900000,77.6,77.64,77.34,77.45,201999.22999999998,109161.11000000002,676265171.7791052,-1265828.8699083328,16322.990000000013,-1068068.660000001,-3.674e-05
2026-07-23 10:30:00 CST,1784773800000,77.46,77.65,77.43,77.57,105239.4,72579.24,675506062.176,579471.3730351925,39919.08000000001,-1028149.5800000011,-3.674e-05
2026-07-23 10:45:00 CST,1784774700000,77.58,77.75,77.55,77.7,74705.79,46334.97,676593039.177,935032.4352000952,17964.150000000005,-1010185.4300000011,-3.674e-05
2026-07-23 11:00:00 CST,1784775600000,77.71,77.74,77.44,77.51,95398.76000000001,41156.33,676922595.9475,-221804.52240002155,-13086.100000000002,-1023271.5300000012,-3.674e-05
2026-07-23 11:15:00 CST,1784776500000,77.51,77.62,77.42,77.53,82136.59,42572.08,675651413.8049,46256.29370009899,3007.5699999999997,-1020263.9600000012,-3.674e-05
2026-07-23 11:30:00 CST,1784777400000,77.54,77.66,77.51,77.6,32660.57,18383.3,677158391.2788,815352.0279999971,4106.029999999999,-1016157.9300000012,-3.674e-05
2026-07-23 11:45:00 CST,1784778300000,77.61,77.61,77.48,77.56,58024.979999999996,22895.71,676748448.1803235,-328935.89324200153,-12233.559999999998,-1028391.4900000012,-3.674e-05
2026-07-23 12:00:00 CST,1784779200000,77.55,77.65,77.48,77.64,66400.24,30204.269999999997,676591970.01,-409549.5844000578,-5991.700000000003,-1034383.1900000011,-3.674e-05
2026-07-23 12:15:00 CST,1784780100000,77.65,77.77,77.55,77.75,56987.64,41074.82,678469165.8736,846740.0591000319,25161.999999999996,-1009221.1900000011,-3.674e-05
2026-07-23 12:30:00 CST,1784781000000,77.74,77.78,77.51,77.55,226900.75,136973.89,681705559.3644,2779648.8229818344,47047.029999999984,-962174.1600000012,-3.674e-05
2026-07-23 12:45:00 CST,1784781900000,77.56,77.65,77.39,77.48,112200.73999999999,51007.95,679211256.2701,-2149466.805811763,-10184.839999999997,-972359.0000000012,-3.674e-05
2026-07-23 13:00:00 CST,1784782800000,77.49,77.52,77.36,77.45,96126.25,47931.02,679793220.3376,275679.93519997597,-264.21000000000276,-972623.2100000012,-3.674e-05
2026-07-23 13:15:00 CST,1784783700000,77.46,77.61,77.35,77.6,90216.45999999999,45733.43,680991760.4905696,1264843.9925695658,1250.4000000000015,-971372.8100000012,-3.674e-05
2026-07-23 13:30:00 CST,1784784600000,77.61,77.68,77.53,77.57,51002.32,23223.04,681428677.3812512,-809831.3042488098,-4556.239999999998,-975929.0500000012,-3.674e-05
2026-07-23 13:45:00 CST,1784785500000,77.57,77.61,77.42,77.48,58666.05,34093.24,680007866.7966564,-1559721.1925436258,9520.43,-966408.6200000013,-3.674e-05
2026-07-23 14:00:00 CST,1784786400000,77.49,77.53,77.35,77.43,81112.76999999999,26594.49,678733328.7299074,-1860626.0373926163,-27923.789999999997,-994332.4100000013,-3.674e-05
2026-07-23 14:15:00 CST,1784787300000,77.44,77.52,77.31,77.48,72537.32,38060.380000000005,679001371.422,-392540.0578844547,3583.4399999999987,-990748.9700000013,-3.674e-05
2026-07-23 14:30:00 CST,1784788200000,77.48,77.53,77.41,77.46,52412.39,28201.949999999997,679623900.5303571,-647521.138442874,3991.51,-986757.4600000011,-3.674e-05
2026-07-23 14:45:00 CST,1784789100000,77.46,77.54,77.46,77.52,39263.07000000001,24511.07,680750649.2885,744369.3535182476,9759.07,-976998.3900000012,-3.674e-05
2026-07-23 15:00:00 CST,1784790000000,77.52,77.52,76.98,77.17,381689.56000000006,143113.47,679408222.129,-1459059.415000081,-95462.62000000001,-1072461.0100000012,-3.674e-05
2026-07-23 15:15:00 CST,1784790900000,77.17,77.18,77.04,77.13,159322.45,81844.76,678540854.4313931,1708707.2069882154,4367.069999999992,-1068093.940000001,-3.674e-05
2026-07-23 15:30:00 CST,1784791800000,77.14,77.16,77.05,77.05,126913.93,71659.44,680014411.7312,1052923.7558000088,16404.949999999997,-1051688.9900000012,-3.674e-05
2026-07-23 15:45:00 CST,1784792700000,77.05,77.19,77.01,77.11,103031.75,47508.51,681488992.3905,1864845.0352649689,-8014.73,-1059703.7200000011,-3.674e-05
2026-07-23 16:00:00 CST,1784793600000,77.12,77.28,77.06,77.27,155698.65,115746.35,679801900.7304059,-747727.5687941313,75794.05000000002,-983909.6700000011,-0.00010642
2026-07-23 16:15:00 CST,1784794500000,77.28,77.34,77.18,77.3,95716.92,46353.310000000005,680007326.708284,-503786.00531601906,-3010.2999999999993,-986919.9700000011,-0.00010642
2026-07-23 16:30:00 CST,1784795400000,77.3,77.42,77.3,77.38,88387.25,48537.39,681382686.8485,896613.8934999704,8687.529999999995,-978232.4400000011,-0.00010642
2026-07-23 16:45:00 CST,1784796300000,77.39,77.45,77.34,77.42,54710.76000000001,23546.989999999998,681867815.0956,297059.7509433031,-7616.7800000000025,-985849.2200000013,-0.00010642
2026-07-23 17:00:00 CST,1784797200000,77.42,77.54,77.35,77.5,94083.76,50007.62,682597052.25,417143.71540272236,5931.480000000003,-979917.7400000013,-0.00010642
2026-07-23 17:15:00 CST,1784798100000,77.5,77.61,77.49,77.54,64159.490000000005,33869.1,682487201.8923,17036.517300009727,3578.7099999999973,-976339.0300000012,-0.00010642
2026-07-23 17:30:00 CST,1784799000000,77.54,77.56,77.48,77.54,53398.2,18896.309999999998,682661952.0477782,-36766.51142179966,-15605.580000000002,-991944.6100000013,-0.00010642
2026-07-23 17:45:00 CST,1784799900000,77.54,77.56,77.42,77.45,63920.420000000006,24192.79,681968439.0666,-661776.2601925135,-15534.840000000002,-1007479.4500000012,-0.00010642
2026-07-23 18:00:00 CST,1784800800000,77.45,77.54,77.38,77.53,54446.38,24564.45,682296675.858,600065.964979291,-5317.479999999996,-1012796.9300000012,-0.00010642
2026-07-23 18:15:00 CST,1784801700000,77.54,77.74,77.49,77.72,108410.87,69210.76,683723289.2944142,1171013.5546141863,30010.649999999998,-982786.2800000012,-0.00010642
2026-07-23 18:30:00 CST,1784802600000,77.73,77.77,77.68,77.71,93397.56,48998.99,685780908.945374,-65525.3156260252,4600.419999999998,-978185.8600000012,-0.00010642
2026-07-23 18:45:00 CST,1784803500000,77.71,77.73,77.65,77.7,57199.61,24904.64,684696141.80371,-587622.5130341053,-7390.33,-985576.1900000011,-0.00010642
2026-07-23 19:00:00 CST,1784804400000,77.7,77.83,77.66,77.81,84197.93,37160.72,685353821.8696,454546.396600008,-9876.490000000002,-995452.680000001,-0.00010642
2026-07-23 19:15:00 CST,1784805300000,77.81,77.83,77.66,77.68,64745.04,27845.6,684824040.7084,-1330887.3967069387,-9053.84,-1004506.5200000011,-0.00010642
2026-07-23 19:30:00 CST,1784806200000,77.68,77.73,77.61,77.63,86071.03,34411.5,684745290.6880013,168620.1602013111,-17248.03,-1021754.5500000011,-0.00010642
2026-07-23 19:45:00 CST,1784807100000,77.63,77.7,77.56,77.62,107103.45,46086.95,684511594.5494487,454224.03474867344,-14929.549999999992,-1036684.1000000011,-0.00010642
2026-07-23 20:00:00 CST,1784808000000,77.63,77.68,77.55,77.62,90617.67,37493.79,685404504.4382973,-172307.19820272923,-15630.090000000004,-1052314.190000001,-0.00010642
2026-07-23 20:15:00 CST,1784808900000,77.63,77.71,77.45,77.49,180909.56,94651.34,683845082.9317362,-1744183.768450737,8393.120000000003,-1043921.0700000011,-0.00010642
2026-07-23 20:30:00 CST,1784809800000,77.49,77.51,76.77,76.86,619846.97,285265.53,679608157.69,-4198747.059999943,-49315.909999999974,-1093236.980000001,-0.00010642
2026-07-23 20:45:00 CST,1784810700000,76.85,76.96,76.43,76.9,774427.55,360245.78,673828616.8103,-3995377.555791259,-53935.990000000005,-1147172.970000001,-0.00010642
2026-07-23 21:00:00 CST,1784811600000,76.89,76.98,76.66,76.71,325963.23,176703.29,672882620.1131,-1367852.0766999722,27443.35000000002,-1119729.620000001,-0.00010642
2026-07-23 21:15:00 CST,1784812500000,76.71,76.8,76.51,76.65,263574.48,130358.23999999999,674408919.843,1877951.2790000439,-2858.0,-1122587.620000001,-0.00010642
2026-07-23 21:30:00 CST,1784813400000,76.65,76.98,76.6,76.94,243995.46,118429.12,674847603.8735594,1333141.381726861,-7137.219999999987,-1129724.840000001,-0.00010642
2026-07-23 21:45:00 CST,1784814300000,76.93,77.01,76.64,76.64,230075.93000000002,113572.32,676029693.873,-129201.03975117207,-2931.290000000008,-1132656.1300000008,-0.00010642
2026-07-23 22:00:00 CST,1784815200000,76.65,76.84,76.56,76.79,201913.5,88293.26000000001,675287847.5447279,1308211.1818668842,-25326.980000000003,-1157983.1100000008,-0.00010642
2026-07-23 22:15:00 CST,1784816100000,76.78,76.81,76.55,76.73,216896.19,120001.95999999999,676618174.5517014,413984.829967618,23107.729999999985,-1134875.3800000008,-0.00010642
2026-07-23 22:30:00 CST,1784817000000,76.72,76.83,76.59,76.63,131549.47,78727.12,678859528.5052,1116478.001399994,25904.770000000008,-1108970.6100000008,-0.00010642
2026-07-23 22:45:00 CST,1784817900000,76.62,76.65,76.24,76.38,412836.41,159277.89,672697107.9070127,-4751701.600036383,-94280.62999999998,-1203251.2400000007,-0.00010642
2026-07-23 23:00:00 CST,1784818800000,76.39,76.41,75.8,75.9,870650.07,312974.37,664350391.8101989,-8778643.737401128,-244701.32999999996,-1447952.5700000005,-0.00010642
2026-07-23 23:15:00 CST,1784819700000,75.9,76.34,75.8,76.21,627434.82,335301.99,662442648.9174,1633959.7613999844,43169.159999999974,-1404783.4100000004,-0.00010642
2026-07-23 23:30:00 CST,1784820600000,76.22,76.38,76.11,76.27,142404.13,69035.64,662729123.664,848357.166400075,-4332.849999999995,-1409116.2600000002,-0.00010642
2026-07-23 23:45:00 CST,1784821500000,76.26,76.41,76.15,76.33,118236.09,54609.770000000004,664148721.4916,1836998.5256837606,-9016.549999999997,-1418132.81,-0.00010642
2026-07-24 00:00:00 CST,1784822400000,76.33,76.34,75.93,76.04,459652.42000000004,193011.03,665679974.8507,1556653.0591000319,-73630.36000000002,-1491763.1700000002,-3.609e-05
2026-07-24 00:15:00 CST,1784823300000,76.04,76.11,75.8,76.1,263899.06,109373.21,665261894.5941803,-3492333.5631787777,-45152.64000000001,-1536915.81,-3.609e-05
2026-07-24 00:30:00 CST,1784824200000,76.11,76.12,75.93,76.0,93586.08,52318.479999999996,667195268.4728,376540.1967999935,11050.879999999997,-1525864.9300000002,-3.609e-05
2026-07-24 00:45:00 CST,1784825100000,76.01,76.08,75.96,75.96,72373.64,44000.600000000006,666749286.046874,-370334.462225914,15627.560000000001,-1510237.37,-3.609e-05
2026-07-24 01:00:00 CST,1784826000000,75.96,76.03,75.82,75.95,137293.34,63029.87000000001,666617248.4677444,-155316.14005565643,-11233.599999999991,-1521470.97,-3.609e-05
2026-07-24 01:15:00 CST,1784826900000,75.95,76.14,75.9,76.05,113472.35,68632.62,667719426.845902,1108150.2803019285,23792.889999999996,-1497678.08,-3.609e-05
2026-07-24 01:30:00 CST,1784827800000,76.05,76.1,75.9,75.96,70370.95,34885.49,665742449.4918137,-1572799.4001260996,-599.9699999999975,-1498278.05,-3.609e-05
2026-07-24 01:45:00 CST,1784828700000,75.95,75.98,75.44,75.61,425786.88,136650.34,665789022.8139063,-244050.02969372272,-152486.2,-1650764.25,-3.609e-05
2026-07-24 02:00:00 CST,1784829600000,75.61,75.73,75.51,75.72,231475.84,107565.97000000002,666269724.2274,3450460.2450408936,-16343.89999999998,-1667108.15,-3.609e-05
2026-07-24 02:15:00 CST,1784830500000,75.71,75.79,75.57,75.76,85649.62,43683.45,667477750.7161,400942.84641742706,1717.2799999999988,-1665390.8699999999,-3.609e-05
2026-07-24 02:30:00 CST,1784831400000,75.77,75.81,75.57,75.68,79089.13,34788.13,667731408.8484,-366241.9577000141,-9512.870000000003,-1674903.7399999998,-3.609e-05
2026-07-24 02:45:00 CST,1784832300000,75.68,75.81,75.68,75.76,80912.34999999999,38665.369999999995,669561531.9930739,1190894.6683356762,-3581.6100000000006,-1678485.3499999996,-3.609e-05
2026-07-24 03:00:00 CST,1784833200000,75.77,75.81,75.47,75.56,89980.2,40215.44,669047064.4932,-638997.5272001028,-9549.32,-1688034.6699999997,-3.609e-05
2026-07-24 03:15:00 CST,1784834100000,75.55,75.74,75.53,75.73,68395.15,43839.12,668666300.6443,1360493.181499958,19283.090000000004,-1668751.5799999998,-3.609e-05
2026-07-24 03:30:00 CST,1784835000000,75.74,75.8,75.55,75.59,55912.880000000005,26071.82,668634743.415,-891743.6706711054,-3769.2400000000016,-1672520.8199999998,-3.609e-05
2026-07-24 03:45:00 CST,1784835900000,75.6,75.74,75.37,75.7,278580.36,156895.21000000002,666091690.3382,-2462851.0858000517,35210.06000000001,-1637310.7599999998,-3.609e-05
2026-07-24 04:00:00 CST,1784836800000,75.69,76.02,75.65,75.99,151665.3,92289.34999999999,669658370.9039,1357443.3640108109,32913.399999999994,-1604397.3599999996,-3.609e-05
2026-07-24 04:15:00 CST,1784837700000,76.0,76.15,75.97,76.09,113293.04,77106.38,671093790.3648,1421077.991683364,40919.72,-1563477.6399999997,-3.609e-05
2026-07-24 04:30:00 CST,1784838600000,76.1,76.13,76.02,76.05,71620.06,42317.7,670349848.3104,-599027.1086000204,13015.339999999993,-1550462.2999999996,-3.609e-05
2026-07-24 04:45:00 CST,1784839500000,76.05,76.14,76.02,76.09,45042.6,24940.879999999997,670001659.8872,-207643.75329995155,4839.159999999998,-1545623.1399999997,-3.609e-05
2026-07-24 05:00:00 CST,1784840400000,76.09,76.24,75.92,75.97,146924.57,88731.03,667499247.441,-2452627.688678026,30537.49,-1515085.6499999997,-3.609e-05
2026-07-24 05:15:00 CST,1784841300000,75.97,76.07,75.89,76.0,75653.9,48379.0,666354771.9624,-202498.98330008984,21104.1,-1493981.5499999996,-3.609e-05
2026-07-24 05:30:00 CST,1784842200000,76.01,76.09,75.98,76.02,95247.45999999999,55717.990000000005,665461555.1094,-1040706.8589999676,16188.520000000008,-1477793.0299999996,-3.609e-05
2026-07-24 05:45:00 CST,1784843100000,76.03,76.05,75.93,76.01,46469.05,27990.25,664263673.6788545,-668319.1307498217,9511.449999999999,-1468281.5799999996,-3.609e-05
2026-07-24 06:00:00 CST,1784844000000,76.02,76.08,75.89,75.93,71861.54000000001,43618.36,664454546.8841251,-146193.4746749401,15375.179999999997,-1452906.3999999997,-3.609e-05
2026-07-24 06:15:00 CST,1784844900000,75.93,76.17,75.81,76.08,155008.06,94447.31999999999,666082538.3609734,2903427.105273366,33886.579999999994,-1419019.8199999998,-3.609e-05
2026-07-24 06:30:00 CST,1784845800000,76.07,76.21,76.07,76.17,76577.6,46746.049999999996,666918161.6402,641271.3458000422,16914.499999999996,-1402105.3199999998,-3.609e-05
2026-07-24 06:45:00 CST,1784846700000,76.18,76.19,76.08,76.14,32814.23,17218.52,666393516.6196,-422280.74239993095,1622.8100000000004,-1400482.5099999998,-3.609e-05
2026-07-24 07:00:00 CST,1784847600000,76.15,76.2,76.1,76.13,54043.53,32177.29,666574388.1864,-23061.982975244522,10311.05,-1390171.4599999997,-3.609e-05
2026-07-24 07:15:00 CST,1784848500000,76.14,76.21,76.12,76.16,56774.58,31391.82,667123074.6452,208403.85500001907,6009.0599999999995,-1384162.3999999997,-3.609e-05
2026-07-24 07:30:00 CST,1784849400000,76.17,76.18,76.04,76.08,56527.25,23977.510000000002,666197870.3287,-650374.9443081617,-8572.23,-1392734.6299999997,-3.609e-05
2026-07-24 07:45:00 CST,1784850300000,76.08,76.1,75.83,75.83,98251.96999999999,41865.91,663666124.9203,-2290966.754400015,-14520.149999999998,-1407254.7799999998,-3.609e-05
2026-07-24 08:00:00 CST,1784851200000,75.84,75.86,75.6,75.7,223509.25,116681.7,661218672.9549551,-1773457.1180018187,9854.149999999987,-1397400.6299999997,3.044e-05
2026-07-24 08:15:00 CST,1784852100000,75.7,75.86,75.67,75.72,92052.93,52879.21,663605678.103061,1899300.1619666815,13705.490000000002,-1383695.1399999997,3.044e-05
2026-07-24 08:30:00 CST,1784853000000,75.73,75.76,75.49,75.63,189780.15,80088.23999999999,660540367.2807,-1743111.9488999844,-29603.670000000002,-1413298.8099999996,3.044e-05
2026-07-24 08:45:00 CST,1784853900000,75.63,75.82,75.63,75.78,88175.61,46722.520000000004,661707571.1681286,798641.3346517086,5269.429999999997,-1408029.3799999997,3.044e-05
2026-07-24 09:00:00 CST,1784854800000,75.78,75.98,75.73,75.85,83585.78,54714.979999999996,662537799.9197121,898957.8269120455,25844.179999999997,-1382185.1999999997,3.044e-05
2026-07-24 09:15:00 CST,1784855700000,75.86,76.09,75.8,75.89,82584.20999999999,45334.31999999999,663184676.1216,1252132.8929148912,8084.429999999993,-1374100.7699999998,3.044e-05
2026-07-24 09:30:00 CST,1784856600000,75.9,76.0,75.84,75.86,75258.43,41402.65,663327554.4057,758811.1205501556,7546.869999999999,-1366553.8999999997,3.044e-05
2026-07-24 09:45:00 CST,1784857500000,75.87,75.87,75.63,75.65,91595.63,53010.200000000004,662632525.7786759,11234.908132910728,14424.77,-1352129.13,3.044e-05
2026-07-24 10:00:00 CST,1784858400000,75.66,75.88,75.65,75.86,60806.14,36523.020000000004,663374586.1876625,1069427.0434625149,12239.900000000001,-1339889.23,3.044e-05
2026-07-24 10:15:00 CST,1784859300000,75.87,75.89,75.68,75.75,37610.51,18363.75,663722157.2165514,-405014.488848567,-883.0099999999993,-1340772.24,3.044e-05
2026-07-24 10:30:00 CST,1784860200000,75.76,75.76,75.41,75.54,142398.25,62335.86,660392900.1974511,-2808611.655048847,-17726.530000000002,-1358498.77,3.044e-05
2026-07-24 10:45:00 CST,1784861100000,75.53,75.54,75.23,75.5,213776.15,79786.78,658335488.3925,-2704896.7439085245,-54202.59,-1412701.36,3.044e-05
2026-07-24 11:00:00 CST,1784862000000,75.49,75.8,75.43,75.77,100960.90000000001,61510.36000000001,661582335.5028,2152590.3478000164,22059.82,-1390641.5400000003,3.044e-05
2026-07-24 11:15:00 CST,1784862900000,75.76,75.93,75.76,75.85,185846.84000000003,127112.12,662060812.0645676,61815.06156754494,68377.4,-1322264.1400000004,3.044e-05
2026-07-24 11:30:00 CST,1784863800000,75.85,75.9,75.71,75.84,72486.94,31452.589999999997,661468419.1429119,-894207.9980881214,-9581.759999999998,-1331845.9000000004,3.044e-05
2026-07-24 11:45:00 CST,1784864700000,75.85,75.87,75.77,75.8,45496.85,24831.02,661145518.9196,-827693.7276661396,4165.189999999999,-1327680.7100000004,3.044e-05
2026-07-24 12:00:00 CST,1784865600000,75.79,75.82,75.65,75.65,83468.73,27345.82,661249020.9359082,-99119.79593598843,-28777.09,-1356457.8000000003,3.044e-05
2026-07-24 12:15:00 CST,1784866500000,75.65,75.79,75.6,75.75,71753.95,40615.0,660579831.8397,348805.903960824,9476.05,-1346981.7500000002,3.044e-05
2026-07-24 12:30:00 CST,1784867400000,75.75,75.8,75.61,75.68,50103.009999999995,21408.99,660323363.7968,-1058143.179321885,-7285.029999999997,-1354266.7800000003,3.044e-05
2026-07-24 12:45:00 CST,1784868300000,75.68,75.7,75.57,75.63,54616.67,16412.48,660153886.7985601,-570404.8282644749,-21791.71,-1376058.4900000002,3.044e-05
2026-07-24 13:00:00 CST,1784869200000,75.63,75.8,75.55,75.74,86700.42,60093.68000000001,660948112.296963,1196455.6092629433,33486.94,-1342571.55,3.044e-05
2026-07-24 13:15:00 CST,1784870100000,75.74,75.88,75.73,75.81,179176.45,76057.47,659930119.4020168,-852815.3929831982,-27061.51000000001,-1369633.06,3.044e-05
2026-07-24 13:30:00 CST,1784871000000,75.82,75.82,75.65,75.81,64303.12,24145.47,659098688.103,-951336.9951999187,-16012.18,-1385645.24,3.044e-05
2026-07-24 13:45:00 CST,1784871900000,75.81,75.83,75.68,75.75,100694.62000000001,27757.989999999998,657220249.1891226,-2291784.5367432833,-45178.64,-1430823.8800000001,3.044e-05
2026-07-24 14:00:00 CST,1784872800000,75.75,75.84,75.69,75.83,68045.43,48428.03,657663270.7938373,286868.7554372549,28810.63,-1402013.25,3.044e-05
2026-07-24 14:15:00 CST,1784873700000,75.83,75.98,75.8,75.83,111661.1,63916.66,658875124.512,642176.4893900156,16172.220000000001,-1385841.0299999998,3.044e-05
2026-07-24 14:30:00 CST,1784874600000,75.82,75.93,75.74,75.79,103246.18,52628.259999999995,659170052.3120002,640982.2850251198,2010.3399999999965,-1383830.6899999995,3.044e-05
2026-07-24 14:45:00 CST,1784875500000,75.79,75.83,75.74,75.8,46149.880000000005,20311.6,658827383.7619,-195905.597027421,-5526.68,-1389357.3699999996,3.044e-05
2026-07-24 15:00:00 CST,1784876400000,75.81,76.42,75.81,76.34,359619.84,225111.02000000002,660777739.0380876,1696244.244759202,90602.20000000001,-1298755.1699999995,3.044e-05
2026-07-24 15:15:00 CST,1784877300000,76.35,76.35,76.06,76.1,192383.89,77898.06,659627813.8644586,-2145535.872741461,-36587.77,-1335342.9399999995,3.044e-05
2026-07-24 15:30:00 CST,1784878200000,76.1,76.19,75.73,75.8,231972.18,71403.23999999999,658222785.4085038,-1354856.585796237,-89165.7,-1424508.6399999992,3.044e-05
2026-07-24 15:45:00 CST,1784879100000,75.8,76.04,75.79,76.02,90756.9,61878.54,657967308.2153,1973759.7052999735,33000.18000000001,-1391508.4599999993,3.044e-05
2026-07-24 16:00:00 CST,1784880000000,76.03,76.04,75.9,75.96,89530.02,34258.8,658001556.0144,69838.36989712715,-21012.42,-1412520.8799999994,5.692e-05
2026-07-24 16:15:00 CST,1784880900000,75.96,75.98,75.66,75.77,147267.56,56563.86,657334848.7158533,-492014.4043467045,-34139.84,-1446660.7199999993,5.692e-05
2026-07-24 16:30:00 CST,1784881800000,75.77,75.89,75.77,75.86,142462.88,108787.59,663316310.3526,5294450.336400032,75112.30000000002,-1371548.4199999992,5.692e-05
2026-07-24 16:45:00 CST,1784882700000,75.87,75.87,75.72,75.73,72394.63,35257.97,661568696.355,-1603431.408299923,-1878.6900000000041,-1373427.1099999994,5.692e-05
2026-07-24 17:00:00 CST,1784883600000,75.73,75.79,75.41,75.45,264335.46,83880.84,659412519.1704,-2052567.7942368984,-96573.78,-1470000.8899999992,5.692e-05
2026-07-24 17:15:00 CST,1784884500000,75.44,75.55,75.32,75.52,231915.31,123374.54999999999,659728087.2135,1199855.6677000523,14833.790000000008,-1455167.0999999994,5.692e-05
2026-07-24 17:30:00 CST,1784885400000,75.51,75.56,75.38,75.53,150589.52000000002,75284.02,662682821.4577837,429298.275783658,-21.479999999995925,-1455188.5799999994,5.692e-05
2026-07-24 17:45:00 CST,1784886300000,75.54,75.63,75.51,75.57,76382.29999999999,34379.71,663918126.7325113,902122.0481113195,-7622.879999999994,-1462811.4599999993,5.692e-05
2026-07-24 18:00:00 CST,1784887200000,75.58,75.61,75.39,75.42,82227.08,34579.18,662499311.1564324,-1290856.8288493156,-13068.720000000001,-1475880.1799999992,5.692e-05
2026-07-24 18:15:00 CST,1784888100000,75.43,75.53,75.36,75.5,87743.49,43965.85,662805810.5202806,711223.7732806206,188.2099999999955,-1475691.969999999,5.692e-05
2026-07-24 18:30:00 CST,1784889000000,75.5,75.57,75.44,75.45,72939.85,43562.28999999999,663186689.8533874,377587.92993605137,14184.730000000003,-1461507.239999999,5.692e-05
2026-07-24 18:45:00 CST,1784889900000,75.46,75.53,75.33,75.43,66326.96,30376.230000000003,662153856.8396,-1054741.9670000076,-5574.500000000002,-1467081.7399999993,5.692e-05
2026-07-24 19:00:00 CST,1784890800000,75.44,75.45,75.28,75.32,95892.88,45010.66,661841016.549,-995567.9421999454,-5871.559999999998,-1472953.299999999,5.692e-05
2026-07-24 19:15:00 CST,1784891700000,75.32,75.47,75.18,75.27,169873.77000000002,69343.99,663424603.0802,527421.9517999887,-31185.789999999994,-1504139.0899999992,5.692e-05
2026-07-24 19:30:00 CST,1784892600000,75.28,75.28,75.06,75.1,246301.51,100492.89,658654427.496,-2750150.679899931,-45315.72999999999,-1549454.8199999991,5.692e-05
2026-07-24 19:45:00 CST,1784893500000,75.1,75.19,74.86,75.15,402900.29000000004,166750.77000000002,656090388.1995419,-2973483.676240325,-69398.74999999999,-1618853.5699999991,5.692e-05
2026-07-24 20:00:00 CST,1784894400000,75.15,75.2,75.03,75.14,85013.42,49214.55,656920219.8257,609198.787700057,13415.679999999997,-1605437.8899999992,5.692e-05
2026-07-24 20:15:00 CST,1784895300000,75.14,75.25,75.11,75.12,94879.34,50739.03,657089235.215,535876.5045258999,6598.720000000001,-1598839.1699999992,5.692e-05
2026-07-24 20:30:00 CST,1784896200000,75.13,75.22,74.91,74.93,104678.29000000001,46183.57000000001,655795317.6306,181406.47202038765,-12311.150000000001,-1611150.3199999994,5.692e-05
2026-07-24 20:45:00 CST,1784897100000,74.94,75.0,74.74,74.81,236692.68000000002,101011.77,654279244.458,-257228.77546346188,-34669.14,-1645819.4599999993,5.692e-05
2026-07-24 21:00:00 CST,1784898000000,74.81,74.88,74.21,74.46,822848.04,361676.02,649078815.8547908,-4439532.038609147,-99496.0,-1745315.4599999995,5.692e-05
2026-07-24 21:15:00 CST,1784898900000,74.45,74.69,74.4,74.5,262586.76,130845.11,651269685.0138,2140884.507600069,-896.5399999999972,-1746211.9999999995,5.692e-05
2026-07-24 21:30:00 CST,1784899800000,74.49,74.55,74.26,74.45,290248.41000000003,127714.45,650067476.6899276,-387883.43230962753,-34819.51000000001,-1781031.5099999993,5.692e-05
2026-07-24 21:45:00 CST,1784900700000,74.44,74.53,73.93,74.17,620111.79,272553.97,648817950.0595057,-3121490.3514943123,-75003.85000000002,-1856035.3599999994,5.692e-05
2026-07-24 22:00:00 CST,1784901600000,74.17,74.22,73.92,73.92,359076.76,170372.65999999997,653746018.3979928,2530127.8154928684,-18331.44000000001,-1874366.7999999993,5.692e-05
2026-07-24 22:15:00 CST,1784902500000,73.93,74.0,73.59,73.91,618945.01,273083.94,654687908.6636,1561444.1806724072,-72777.13000000003,-1947143.9299999995,5.692e-05
2026-07-24 22:30:00 CST,1784903400000,73.91,73.93,73.64,73.68,271518.82999999996,148622.41999999998,655889092.146,-607675.6396977901,25726.01000000001,-1921417.9199999995,5.692e-05
2026-07-24 22:45:00 CST,1784904300000,73.68,74.0,73.55,73.99,365955.09,174852.59,658348897.1885,1111154.5830903053,-16249.910000000018,-1937667.8299999996,5.692e-05
2026-07-24 23:00:00 CST,1784905200000,73.98,74.09,73.63,74.09,299714.75,150854.65,658482639.3166764,-1530265.4337559938,1994.5499999999884,-1935673.2799999998,5.692e-05
2026-07-24 23:15:00 CST,1784906100000,74.08,74.16,73.87,74.11,311128.31,171741.57,662479061.8791825,728753.1284588575,32354.83,-1903318.4499999997,5.692e-05
2026-07-24 23:30:00 CST,1784907000000,74.11,74.25,74.04,74.07,332236.07999999996,168840.69,664484486.8675,1704446.5341905355,5445.299999999988,-1897873.1499999994,5.692e-05
2026-07-24 23:45:00 CST,1784907900000,74.07,74.13,73.93,73.98,184352.91,66505.95999999999,664064392.36,414220.8896000385,-51340.99,-1949214.1399999994,5.692e-05
2026-07-25 00:00:00 CST,1784908800000,73.98,74.16,73.91,74.03,153034.79,73639.61,666377930.6204761,1508358.7630761862,-5755.570000000007,-1954969.7099999995,-9.588e-05
2026-07-25 00:15:00 CST,1784909700000,74.03,74.14,73.97,73.99,114160.72,50441.17999999999,666325671.5232,200168.4911248684,-13278.36,-1968248.0699999996,-9.588e-05
2026-07-25 00:30:00 CST,1784910600000,73.99,74.0,73.77,73.78,156275.53999999998,61165.22,665593850.7018,-1115916.8269000053,-33945.09999999999,-2002193.1699999995,-9.588e-05
2026-07-25 00:45:00 CST,1784911500000,73.77,73.93,73.66,73.86,178369.43,92436.43,664917715.6973827,643892.705996871,6503.429999999993,-1995689.7399999993,-9.588e-05
2026-07-25 01:00:00 CST,1784912400000,73.85,73.94,73.8,73.92,128401.59,55789.5,665994541.7496,276488.3682000637,-16822.59,-2012512.3299999994,-9.588e-05
2026-07-25 01:15:00 CST,1784913300000,73.91,74.09,73.89,74.06,101971.76000000001,61936.62000000001,665909730.313359,-122443.385841012,21901.480000000003,-1990610.8499999992,-9.588e-05
2026-07-25 01:30:00 CST,1784914200000,74.06,74.11,74.0,74.03,71365.33,33948.44,666448117.7214749,13881.901004076004,-3468.449999999999,-1994079.299999999,-9.588e-05
2026-07-25 01:45:00 CST,1784915100000,74.02,74.04,73.88,73.99,91868.22,38812.409999999996,667747471.221,1329218.1445014477,-14243.400000000003,-2008322.6999999993,-9.588e-05
2026-07-25 02:00:00 CST,1784916000000,74.0,74.03,73.92,74.02,57735.82,30603.050000000003,668137100.2074,337028.00739991665,3470.2800000000007,-2004852.4199999992,-9.588e-05
2026-07-25 02:15:00 CST,1784916900000,74.03,74.03,73.9,73.95,41935.880000000005,20441.59,668269004.3313138,-256267.0573861599,-1052.7000000000007,-2005905.1199999992,-9.588e-05
2026-07-25 02:30:00 CST,1784917800000,73.94,73.99,73.84,73.91,76448.72,34996.74,668247864.330181,513956.66118097305,-6455.240000000002,-2012360.3599999992,-9.588e-05
2026-07-25 02:45:00 CST,1784918700000,73.91,74.02,73.88,73.92,66988.23,37969.61,669072196.3327435,823725.883643508,8950.990000000002,-2003409.369999999,-9.588e-05
2026-07-25 03:00:00 CST,1784919600000,73.92,73.95,73.73,73.8,99347.09,48851.54,667340113.5976971,-1822090.2659028769,-1644.0099999999984,-2005053.379999999,-9.588e-05
2026-07-25 03:15:00 CST,1784920500000,73.79,73.93,73.79,73.91,45900.71,24950.4,668357813.5728438,815787.9528437853,4000.0899999999983,-2001053.2899999989,-9.588e-05
2026-07-25 03:30:00 CST,1784921400000,73.91,74.01,73.83,73.93,93429.23999999999,60097.55,668291361.8204604,-274592.19775521755,26765.86,-1974287.4299999988,-9.588e-05
2026-07-25 03:45:00 CST,1784922300000,73.93,74.01,73.85,73.91,120643.84,67226.71,668128707.5458539,-207843.86254620552,13809.579999999998,-1960477.8499999987,-9.588e-05
2026-07-25 04:00:00 CST,1784923200000,73.92,73.98,73.81,73.9,70608.27,44257.39,671115642.0708,244289.63533616066,17906.510000000002,-1942571.339999999,-9.588e-05
2026-07-25 04:15:00 CST,1784924100000,73.9,73.95,73.85,73.85,41063.79,19308.61,671895928.704,129306.28887677193,-2446.569999999998,-1945017.909999999,-9.588e-05
2026-07-25 04:30:00 CST,1784925000000,73.85,73.87,73.7,73.77,91191.72,50443.94,670755940.9403259,-565674.912074089,9696.16,-1935321.749999999,-9.588e-05
2026-07-25 04:45:00 CST,1784925900000,73.77,73.81,73.67,73.73,54945.50000000001,26077.79,671215354.6,215310.63960003853,-2789.9200000000055,-1938111.6699999988,-9.588e-05
2026-07-25 05:00:00 CST,1784926800000,73.73,73.79,73.36,73.54,358108.72000000003,172379.0,668959285.6242368,-1913435.1199353933,-13350.720000000045,-1951462.3899999987,-9.588e-05
2026-07-25 05:15:00 CST,1784927700000,73.55,73.67,73.38,73.67,249417.90999999997,101530.95,659162064.0545107,-4642629.378989339,-46356.01,-1997818.3999999987,-9.588e-05
2026-07-25 05:30:00 CST,1784928600000,73.67,73.75,73.63,73.69,90073.46,46378.67,659005173.1464,-748016.8187999725,2683.8799999999974,-1995134.5199999989,-9.588e-05
2026-07-25 05:45:00 CST,1784929500000,73.69,73.78,73.58,73.61,88518.59,49665.74,660295636.8069705,1470229.004278183,10812.890000000001,-1984321.629999999,-9.588e-05
2026-07-25 06:00:00 CST,1784930400000,73.6,73.79,73.6,73.77,114001.6,69286.1,662700585.7164,2959335.4890999794,24570.6,-1959751.029999999,-9.588e-05
2026-07-25 06:15:00 CST,1784931300000,73.78,73.85,73.76,73.84,96741.3,61126.3,665826177.8717825,1885573.4282666445,25511.299999999996,-1934239.7299999993,-9.588e-05
2026-07-25 06:30:00 CST,1784932200000,73.83,73.94,73.83,73.9,78047.65,43369.24,667646372.9536,464116.6543123722,8690.829999999998,-1925548.8999999994,-9.588e-05
2026-07-25 06:45:00 CST,1784933100000,73.9,73.95,73.86,73.9,67604.58,32154.87,668050168.0009466,282626.3799368143,-3294.840000000002,-1928843.7399999993,-9.588e-05
2026-07-25 07:00:00 CST,1784934000000,73.9,74.0,73.84,73.87,77955.01000000001,36062.58,668241665.382162,1010229.7581620216,-5829.85,-1934673.5899999992,-9.588e-05
2026-07-25 07:15:00 CST,1784934900000,73.87,73.88,73.81,73.87,45312.47,26399.24,668665667.2472,495403.5568726063,7486.010000000004,-1927187.5799999991,-9.588e-05
2026-07-25 07:30:00 CST,1784935800000,73.87,73.94,73.82,73.89,68891.83,32576.590000000004,669068847.8788683,233646.7655683756,-3738.649999999998,-1930926.2299999993,-9.588e-05
2026-07-25 07:45:00 CST,1784936700000,73.89,73.93,73.86,73.93,37640.159999999996,18265.38,669043438.262576,84624.95080471039,-1109.3999999999978,-1932035.6299999994,-9.588e-05
2026-07-25 08:00:00 CST,1784937600000,73.92,73.99,73.9,73.98,64602.479999999996,31578.600000000002,669738574.5885,249470.0081000328,-1445.2800000000025,-1933480.9099999995,-4.287e-05
2026-07-25 08:15:00 CST,1784938500000,73.97,74.03,73.92,74.02,39670.67,23756.620000000003,670358953.5982236,159450.04782354832,7842.57,-1925638.3399999994,-4.287e-05
2026-07-25 08:30:00 CST,1784939400000,74.02,74.11,73.96,74.0,126448.23000000001,62765.7,671614920.4835144,550730.7689144611,-916.8299999999908,-1926555.1699999995,-4.287e-05
2026-07-25 08:45:00 CST,1784940300000,74.0,74.09,73.93,74.08,90358.39,54168.82000000001,670638606.720333,-573425.6197103262,17979.250000000007,-1908575.9199999995,-4.287e-05
2026-07-25 09:00:00 CST,1784941200000,74.09,74.21,74.0,74.05,122268.77,68894.0,670104917.7579,-1719243.116010189,15519.230000000003,-1893056.6899999992,-4.287e-05
2026-07-25 09:15:00 CST,1784942100000,74.05,74.07,73.97,74.0,63053.25,24740.739999999998,669566093.522916,-470004.23371469975,-13571.769999999997,-1906628.4599999993,-4.287e-05
2026-07-25 09:30:00 CST,1784943000000,74.01,74.19,73.98,74.18,69877.17,45567.229999999996,669625255.8007854,115708.12218546867,21257.29,-1885371.1699999992,-4.287e-05
2026-07-25 09:45:00 CST,1784943900000,74.19,74.23,74.07,74.09,70136.1,43036.56,671094032.1819347,-760551.0883078575,15937.019999999999,-1869434.1499999994,-4.287e-05
2026-07-25 10:00:00 CST,1784944800000,74.1,74.17,74.06,74.08,44384.47,17208.58,671283174.8161,781043.3809000254,-9967.309999999998,-1879401.4599999995,-4.287e-05
2026-07-25 10:15:00 CST,1784945700000,74.09,74.16,74.01,74.13,42352.89,17295.21,669850258.3924358,-515675.59866416454,-7762.469999999999,-1887163.9299999995,-4.287e-05
2026-07-25 10:30:00 CST,1784946600000,74.13,74.18,74.06,74.08,45177.18,16950.379999999997,670495324.5144,245261.56200003624,-11276.420000000004,-1898440.3499999994,-4.287e-05
2026-07-25 10:45:00 CST,1784947500000,74.09,74.1,74.02,74.07,37412.98,22928.190000000002,669351461.7963325,-299680.23999607563,8443.4,-1889996.9499999993,-4.287e-05
2026-07-25 11:00:00 CST,1784948400000,74.07,74.18,74.01,74.12,70874.37,40602.04,669946180.3446636,288563.9097635746,10329.71,-1879667.2399999993,-4.287e-05
2026-07-25 11:15:00 CST,1784949300000,74.11,74.29,74.08,74.2,111981.67000000001,72311.58,669746775.3392,-386054.1227052212,32641.48999999999,-1847025.7499999993,-4.287e-05
2026-07-25 11:30:00 CST,1784950200000,74.21,74.22,74.13,74.16,45093.229999999996,23485.05,671360212.6036391,149728.32363915443,1876.8700000000008,-1845148.8799999994,-4.287e-05
2026-07-25 11:45:00 CST,1784951100000,74.17,74.17,74.05,74.09,72590.48,24916.68,671098632.9544617,-141282.860055089,-22757.119999999995,-1867905.9999999995,-4.287e-05
2026-07-25 12:00:00 CST,1784952000000,74.09,74.25,74.09,74.25,65323.97,48130.43000000001,670825460.2256,874392.1135456562,30936.89,-1836969.1099999994,-4.287e-05
2026-07-25 12:15:00 CST,1784952900000,74.25,74.32,74.22,74.26,103084.34000000001,57639.11,673404828.2438217,1953008.678461194,12193.879999999997,-1824775.2299999995,-4.287e-05
2026-07-25 12:30:00 CST,1784953800000,74.25,74.29,74.19,74.24,71175.91,34982.94,672995468.2521,-114214.29540002346,-1210.0300000000007,-1825985.2599999995,-4.287e-05
2026-07-25 12:45:00 CST,1784954700000,74.25,74.3,74.22,74.28,47547.83,22642.870000000003,672899031.6279,276612.4779000282,-2262.09,-1828247.3499999996,-4.287e-05
2026-07-25 13:00:00 CST,1784955600000,74.28,74.32,74.16,74.17,63910.84,31861.219999999998,673136770.4325,254091.22877299786,-188.39999999999782,-1828435.7499999998,-4.287e-05
2026-07-25 13:15:00 CST,1784956500000,74.17,74.23,74.15,74.17,49864.19,28866.64,672009075.7046121,112696.15318918228,7869.09,-1820566.66,-4.287e-05
2026-07-25 13:30:00 CST,1784957400000,74.18,74.19,74.0,74.0,116476.37,45622.91,669034497.1660627,-2481503.955337286,-25230.549999999996,-1845797.21,-4.287e-05
2026-07-25 13:45:00 CST,1784958300000,74.0,74.01,73.86,73.94,159555.81,65339.759999999995,667810023.4243,-754657.8269000053,-28876.290000000008,-1874673.5,-4.287e-05
2026-07-25 14:00:00 CST,1784959200000,73.95,73.99,73.89,73.97,63424.82000000001,31320.800000000003,668031704.319,180278.4263999462,-783.220000000003,-1875456.7200000002,-4.287e-05
2026-07-25 14:15:00 CST,1784960100000,73.96,73.98,73.8,73.84,125409.98000000001,49725.96,666903792.2808961,-1600313.0040242672,-25958.060000000005,-1901414.7800000003,-4.287e-05
2026-07-25 14:30:00 CST,1784961000000,73.83,73.88,73.72,73.84,120294.06,64876.619999999995,667507110.2024,14151.43599998951,9459.17999999999,-1891955.6000000003,-4.287e-05
2026-07-25 14:45:00 CST,1784961900000,73.85,74.0,73.8,73.99,66181.38,48714.26,668757963.1960065,922543.3704065084,31247.140000000003,-1860708.4600000002,-4.287e-05
2026-07-25 15:00:00 CST,1784962800000,74.0,74.02,73.9,73.92,55982.79,24395.03,669146174.6572,-424161.8028000593,-7192.73,-1867901.1900000002,-4.287e-05
2026-07-25 15:15:00 CST,1784963700000,73.91,73.92,73.8,73.84,45595.64,18917.97,669169664.7436607,-174848.64264571667,-7759.7,-1875660.8900000001,-4.287e-05
2026-07-25 15:30:00 CST,1784964600000,73.83,73.87,73.78,73.83,37182.69,16771.26,669163236.5395854,394212.5546028614,-3640.170000000001,-1879301.06,-4.287e-05
2026-07-25 15:45:00 CST,1784965500000,73.83,73.87,73.74,73.75,69552.93,15722.039999999999,668600356.734,-154596.00411760807,-38108.85,-1917409.9100000001,-4.287e-05
2026-07-25 16:00:00 CST,1784966400000,73.74,73.75,73.5,73.7,239351.37,97040.78,665291223.5822,-1645227.030299902,-45269.810000000005,-1962679.7200000004,4.81e-06
2026-07-25 16:15:00 CST,1784967300000,73.69,73.82,73.69,73.82,88468.67,52782.28999999999,667165345.6832,890266.0922000408,17095.91,-1945583.8100000005,4.81e-06
2026-07-25 16:30:00 CST,1784968200000,73.81,73.83,73.72,73.76,55456.66,25526.019999999997,667108377.4992,-580923.9765883684,-4404.619999999999,-1949988.4300000006,4.81e-06
2026-07-25 16:45:00 CST,1784969100000,73.77,73.79,73.69,73.76,75638.58,32913.37,666227192.7556,-689890.5811818838,-9811.84,-1959800.2700000005,4.81e-06
2026-07-25 17:00:00 CST,1784970000000,73.76,73.86,73.71,73.85,56656.36,29509.61,667428066.8407,613151.6155418158,2362.8600000000006,-1957437.4100000004,4.81e-06
2026-07-25 17:15:00 CST,1784970900000,73.85,73.97,73.84,73.96,90350.29,69656.79000000001,668026257.8168,542371.8877999783,48963.29,-1908474.1200000006,4.81e-06
2026-07-25 17:30:00 CST,1784971800000,73.96,74.0,73.89,73.93,68821.9,35760.5,670070188.2336,-334399.17480003834,2699.099999999995,-1905775.0200000007,4.81e-06
2026-07-25 17:45:00 CST,1784972700000,73.94,74.0,73.92,73.95,52881.09,30922.379999999997,670322782.0461355,335016.1009250879,8963.67,-1896811.3500000006,4.81e-06
2026-07-25 18:00:00 CST,1784973600000,73.95,73.98,73.92,73.97,38657.18,22192.93,670315501.5257093,-222205.11349070072,5728.680000000002,-1891082.6700000006,4.81e-06
2026-07-25 18:15:00 CST,1784974500000,73.98,73.99,73.86,73.94,57026.83,27620.8,669994936.665527,-973707.3528729677,-1785.2300000000014,-1892867.9000000006,4.81e-06
2026-07-25 18:30:00 CST,1784975400000,73.95,73.95,73.87,73.88,47808.97,18572.75,670172260.2795,-163340.0204999447,-10663.470000000003,-1903531.3700000008,4.81e-06
2026-07-25 18:45:00 CST,1784976300000,73.88,73.94,73.86,73.94,28269.88,17049.7,669532598.3102,10876.253540635109,5829.520000000001,-1897701.8500000008,4.81e-06
2026-07-25 19:00:00 CST,1784977200000,73.94,74.0,73.9,73.96,36935.08,21417.32,670276839.3648,340377.6957163811,5899.559999999999,-1891802.290000001,4.81e-06
2026-07-25 19:15:00 CST,1784978100000,73.96,73.97,73.86,73.89,48983.259999999995,24120.93,669818547.6579,-590039.6132999659,-741.3999999999996,-1892543.690000001,4.81e-06
2026-07-25 19:30:00 CST,1784979000000,73.89,73.94,73.8,73.86,67695.54000000001,29149.16,669003742.9742244,-941595.6944388151,-9397.219999999998,-1901940.910000001,4.81e-06
2026-07-25 19:45:00 CST,1784979900000,73.86,73.9,73.85,73.88,26173.010000000002,14547.530000000002,669430851.1969326,139722.3811559677,2922.05,-1899018.860000001,4.81e-06
2026-07-25 20:00:00 CST,1784980800000,73.88,73.89,73.81,73.89,49452.08,25749.53,668715033.7803,-708923.2057170868,2046.9799999999996,-1896971.880000001,4.81e-06
2026-07-25 20:15:00 CST,1784981700000,73.88,73.94,73.84,73.89,41611.16,17955.66,668774700.8208,-312424.58244764805,-5699.84,-1902671.7200000011,4.81e-06
2026-07-25 20:30:00 CST,1784982600000,73.89,73.91,73.81,73.89,58526.17,21339.309999999998,667817045.2686,-829215.1672255993,-15847.55,-1918519.2700000012,4.81e-06
2026-07-25 20:45:00 CST,1784983500000,73.88,73.94,73.85,73.94,68332.38,45019.26,668165450.4247587,481.1656587123871,21706.140000000007,-1896813.130000001,4.81e-06
2026-07-25 21:00:00 CST,1784984400000,73.93,73.97,73.9,73.92,62379.51,30261.33,669712859.2155,-22653.923724412918,-1856.8499999999985,-1898669.980000001,4.81e-06
2026-07-25 21:15:00 CST,1784985300000,73.92,74.03,73.91,73.96,83848.06999999999,58743.229999999996,671124265.8780532,1200563.430053234,33638.38999999999,-1865031.590000001,4.81e-06
2026-07-25 21:30:00 CST,1784986200000,73.95,74.1,73.91,74.08,89340.88,56297.619999999995,672343306.5579628,1332637.5523627996,23254.36,-1841777.230000001,4.81e-06
2026-07-25 21:45:00 CST,1784987100000,74.08,74.17,73.92,73.93,127765.42,59361.08,673096275.652547,-529340.6909660101,-9043.260000000006,-1850820.490000001,4.81e-06
2026-07-25 22:00:00 CST,1784988000000,73.93,73.94,73.73,73.84,207936.49000000002,94235.44999999998,673291190.3732,214385.49240005016,-19465.590000000004,-1870286.0800000008,4.81e-06
2026-07-25 22:15:00 CST,1784988900000,73.84,73.86,73.75,73.82,97513.13,58394.29,673948356.5027,2172.640699982643,19275.450000000004,-1851010.6300000008,4.81e-06
2026-07-25 22:30:00 CST,1784989800000,73.82,73.96,73.8,73.92,84254.61,48398.35,675739250.5992793,1302539.5667134523,12542.089999999997,-1838468.5400000007,4.81e-06
2026-07-25 22:45:00 CST,1784990700000,73.92,74.03,73.88,74.0,76214.71,43358.340000000004,677165721.4998,966335.2373999357,10501.970000000001,-1827966.5700000008,4.81e-06
2026-07-25 23:00:00 CST,1784991600000,74.0,74.18,73.95,74.16,156560.88,99903.2,677798548.2372282,430614.2172281742,43245.52,-1784721.0500000005,4.81e-06
2026-07-25 23:15:00 CST,1784992500000,74.15,74.28,74.12,74.14,163440.78999999998,80029.35,678076231.8205099,-1235434.8519901037,-3382.089999999993,-1788103.1400000004,4.81e-06
2026-07-25 23:30:00 CST,1784993400000,74.15,74.23,74.09,74.19,95839.18000000001,46513.74,678121426.8048905,221180.91289055347,-2811.7000000000044,-1790914.84,4.81e-06
2026-07-25 23:45:00 CST,1784994300000,74.19,74.21,74.12,74.13,60657.64,21449.25,677246214.9965243,-406798.1814018488,-17759.14,-1808673.9800000002,4.81e-06
2026-07-26 00:00:00 CST,1784995200000,74.12,74.27,74.07,74.25,116918.0,61810.119999999995,675695085.6397675,-1009821.3421453238,6702.239999999991,-1801971.74,-4.127e-05
2026-07-26 00:15:00 CST,1784996100000,74.25,74.25,74.04,74.13,91928.56,40710.97,675280424.8168,-1324231.2181999683,-10506.619999999995,-1812478.36,-4.127e-05
2026-07-26 00:30:00 CST,1784997000000,74.12,74.31,74.12,74.29,118635.27,61535.96000000001,676216486.6718287,1552228.3310286999,4436.650000000005,-1808041.7100000002,-4.127e-05
2026-07-26 00:45:00 CST,1784997900000,74.29,74.39,74.2,74.28,120577.1,61634.68,675823682.1325783,-777796.4305217266,2692.259999999991,-1805349.4500000002,-4.127e-05
2026-07-26 01:00:00 CST,1784998800000,74.28,74.34,74.25,74.3,52702.19,24188.32,675984995.8968,92873.37845623493,-4325.549999999999,-1809675.0000000002,-4.127e-05
2026-07-26 01:15:00 CST,1784999700000,74.3,74.57,74.29,74.44,203456.82,129210.54000000001,676658253.5950613,585668.9200613499,54964.26000000001,-1754710.7400000002,-4.127e-05
2026-07-26 01:30:00 CST,1785000600000,74.43,74.59,74.4,74.58,128223.76999999999,76167.58,678869613.7062,414668.6981958151,24111.39000000001,-1730599.3500000003,-4.127e-05
2026-07-26 01:45:00 CST,1785001500000,74.58,74.64,74.4,74.42,151777.09,67623.25,678871894.2704,-1102162.281871438,-16530.58999999999,-1747129.9400000002,-4.127e-05
2026-07-26 02:00:00 CST,1785002400000,74.43,74.64,74.43,74.5,120306.88,55789.9,678505911.0245984,-192114.33303546906,-8727.080000000005,-1755857.0200000003,-4.127e-05
2026-07-26 02:15:00 CST,1785003300000,74.49,74.54,74.43,74.53,65799.56,33764.56,679520453.5794437,468756.5194437504,1729.5599999999995,-1754127.4600000002,-4.127e-05
2026-07-26 02:30:00 CST,1785004200000,74.52,74.59,74.47,74.52,72173.77,41943.13,679752029.04,-132079.8348556757,11712.490000000002,-1742414.9700000002,-4.127e-05
2026-07-26 02:45:00 CST,1785005100000,74.51,74.67,74.51,74.62,80261.96,42897.33,680610274.173,1046468.5038000345,5532.699999999997,-1736882.2700000003,-4.127e-05
2026-07-26 03:00:00 CST,1785006000000,74.62,74.69,74.56,74.65,78914.78,41884.31,679499758.0695556,-460899.5171443224,4853.840000000004,-1732028.4300000004,-4.127e-05
2026-07-26 03:15:00 CST,1785006900000,74.65,74.65,74.55,74.57,67224.52,25169.43,679323997.954654,-480221.11628365517,-16885.660000000003,-1748914.0900000003,-4.127e-05
2026-07-26 03:30:00 CST,1785007800000,74.56,74.58,74.5,74.55,56130.3,18749.29,678109629.9300376,-952567.2461438179,-18631.72,-1767545.8100000005,-4.127e-05
2026-07-26 03:45:00 CST,1785008700000,74.55,74.59,74.49,74.52,54857.89,19146.96,678302334.8736,-186083.59440004826,-16563.969999999994,-1784109.7800000005,-4.127e-05
2026-07-26 04:00:00 CST,1785009600000,74.53,74.54,74.4,74.48,80121.97,28828.010000000002,676741191.1637087,-1057845.1294238567,-22465.949999999997,-1806575.7300000004,-4.127e-05
2026-07-26 04:15:00 CST,1785010500000,74.47,74.5,74.38,74.47,64258.34,32754.839999999997,676352689.254,-441830.07550001144,1251.3399999999947,-1805324.3900000004,-4.127e-05
2026-07-26 04:30:00 CST,1785011400000,74.47,74.47,74.38,74.43,54011.600000000006,23129.370000000003,676347200.592,-897228.4977999926,-7752.859999999997,-1813077.2500000005,-4.127e-05
2026-07-26 04:45:00 CST,1785012300000,74.42,74.43,74.35,74.4,61305.65,20938.17,675883637.256,-291888.50189995766,-19429.310000000005,-1832506.5600000005,-4.127e-05
2026-07-26 05:00:00 CST,1785013200000,74.39,74.4,74.23,74.32,83749.48,31835.809999999998,672359700.9624091,-1987190.157590866,-20077.86,-1852584.4200000006,-4.127e-05
2026-07-26 05:15:00 CST,1785014100000,74.32,74.4,74.26,74.39,39204.04,18172.769999999997,671729554.6038,50024.25180006027,-2858.5,-1855442.9200000006,-4.127e-05
2026-07-26 05:30:00 CST,1785015000000,74.39,74.51,74.35,74.48,83774.93,45599.770000000004,672016126.1778,-483900.3472914696,7424.610000000001,-1848018.3100000008,-4.127e-05
2026-07-26 05:45:00 CST,1785015900000,74.47,74.57,74.4,74.43,55442.240000000005,30627.32,672612211.247356,-50060.37104392052,5812.399999999994,-1842205.9100000008,-4.127e-05
2026-07-26 06:00:00 CST,1785016800000,74.43,74.46,74.38,74.43,78405.86,48526.619999999995,672959112.904,390285.56980001926,18647.379999999997,-1823558.530000001,-4.127e-05
2026-07-26 06:15:00 CST,1785017700000,74.42,74.43,74.33,74.36,34853.130000000005,13165.24,673686627.9704236,-451469.57497644424,-8522.650000000001,-1832081.180000001,-4.127e-05
2026-07-26 06:30:00 CST,1785018600000,74.36,74.41,74.26,74.4,60006.850000000006,29309.590000000004,674164014.432,395026.4256000519,-1387.6699999999964,-1833468.850000001,-4.127e-05
2026-07-26 06:45:00 CST,1785019500000,74.4,74.5,74.36,74.46,40718.46,25459.800000000003,674466802.3737563,205166.41635632515,10201.140000000001,-1823267.710000001,-4.127e-05
2026-07-26 07:00:00 CST,1785020400000,74.46,74.47,74.4,74.44,39122.57,15388.26,674858754.8559,225147.7910643816,-8346.05,-1831613.760000001,-4.127e-05
2026-07-26 07:15:00 CST,1785021300000,74.44,74.44,74.37,74.42,25768.190000000002,9109.970000000001,674600172.528,-331202.378000021,-7548.25,-1839162.010000001,-4.127e-05
2026-07-26 07:30:00 CST,1785022200000,74.41,74.5,74.39,74.4,42672.229999999996,22705.579999999998,674482631.7825,-306954.9826999903,2738.9299999999994,-1836423.080000001,-4.127e-05
2026-07-26 07:45:00 CST,1785023100000,74.39,74.49,74.39,74.49,65862.53,36820.979999999996,675225970.2265,847032.1196112633,7779.429999999997,-1828643.650000001,-4.127e-05
2026-07-26 08:00:00 CST,1785024000000,74.48,74.63,74.44,74.62,101190.94,57557.40000000001,676000030.6570865,911850.1145746708,13923.860000000004,-1814719.790000001,1.81e-06
2026-07-26 08:15:00 CST,1785024900000,74.61,74.93,74.6,74.84,248833.37,120321.43,678737838.5779679,1841663.5319678783,-8190.510000000009,-1822910.3000000012,1.81e-06
2026-07-26 08:30:00 CST,1785025800000,74.85,74.87,74.64,74.66,122360.11,54029.68,676786593.8988,-1158150.9109205008,-14300.749999999993,-1837211.0500000012,1.81e-06
2026-07-26 08:45:00 CST,1785026700000,74.65,74.78,74.62,74.75,76447.22,42100.36,676528635.0561483,37686.54066443443,7753.5,-1829457.5500000012,1.81e-06
2026-07-26 09:00:00 CST,1785027600000,74.75,74.79,74.67,74.74,63643.69,33889.42,676710772.6768,-176386.55494892597,4135.15,-1825322.4000000013,1.81e-06
2026-07-26 09:15:00 CST,1785028500000,74.74,74.75,74.64,74.66,46015.92,19973.1,675837710.4047569,-756973.1582430601,-6069.719999999999,-1831392.120000001,1.81e-06
2026-07-26 09:30:00 CST,1785029400000,74.66,74.76,74.65,74.75,30066.58,17892.53,676215557.439,837280.940144062,5718.4800000000005,-1825673.6400000008,1.81e-06
2026-07-26 09:45:00 CST,1785030300000,74.76,74.87,74.72,74.8,48468.729999999996,26260.41,676900920.8298,560506.6146000624,4052.090000000002,-1821621.5500000007,1.81e-06
2026-07-26 10:00:00 CST,1785031200000,74.8,74.84,74.68,74.77,75354.51000000001,34785.45,675757136.6621423,-761870.0673577785,-5783.610000000008,-1827405.1600000006,1.81e-06
2026-07-26 10:15:00 CST,1785032100000,74.77,74.81,74.7,74.78,36960.61,20623.72,675537198.7569994,-378416.9171589613,4286.830000000002,-1823118.3300000005,1.81e-06
2026-07-26 10:30:00 CST,1785033000000,74.78,74.8,74.68,74.77,34586.36,16680.9,676169986.6393073,188678.44870722294,-1224.5600000000022,-1824342.8900000006,1.81e-06
2026-07-26 10:45:00 CST,1785033900000,74.77,74.9,74.76,74.86,59134.5,29384.81,676730422.6882,733691.2728294134,-364.8799999999974,-1824707.7700000005,1.81e-06
2026-07-26 11:00:00 CST,1785034800000,74.85,75.03,74.78,74.98,193081.72999999998,119496.15000000001,675491303.7006,-917304.5141322613,45910.57000000001,-1778797.2000000002,1.81e-06
2026-07-26 11:15:00 CST,1785035700000,74.97,74.98,74.86,74.9,63094.78999999999,21963.92,676976455.7853,108179.13810002804,-19166.949999999997,-1797964.1500000001,1.81e-06
2026-07-26 11:30:00 CST,1785036600000,74.89,74.97,74.86,74.92,56944.76,26996.89,676253156.4953,-222865.49570000172,-2950.9800000000014,-1800915.1300000001,1.81e-06
2026-07-26 11:45:00 CST,1785037500000,74.91,75.0,74.91,75.0,45735.740000000005,25726.940000000002,676409998.9235,341849.0275030136,5718.14,-1795196.9900000002,1.81e-06
2026-07-26 12:00:00 CST,1785038400000,74.99,75.11,74.92,74.94,116751.04,60690.34,676692315.8326,77550.16499996185,4629.639999999999,-1790567.35,1.81e-06
2026-07-26 12:15:00 CST,1785039300000,74.95,75.12,74.9,75.11,69189.07,36440.42,677108862.7209308,596936.7257732153,3691.769999999997,-1786875.58,1.81e-06
2026-07-26 12:30:00 CST,1785040200000,75.1,75.17,75.05,75.17,81400.75,38985.52,676987046.263,-577978.9267121553,-3429.7099999999955,-1790305.29,1.81e-06
2026-07-26 12:45:00 CST,1785041100000,75.17,75.2,74.99,75.04,125253.45,46263.11,676496257.5874503,-983601.8080496788,-32727.229999999996,-1823032.52,1.81e-06
2026-07-26 13:00:00 CST,1785042000000,75.04,75.15,74.96,75.12,65633.42,37769.45,675590814.7746,-388628.41900002956,9905.479999999998,-1813127.04,1.81e-06
2026-07-26 13:15:00 CST,1785042900000,75.11,75.12,75.0,75.01,45529.07,11333.560000000001,675198290.8512,-540769.329929471,-22861.949999999997,-1835988.99,1.81e-06
2026-07-26 13:30:00 CST,1785043800000,75.0,75.09,74.91,75.09,82704.35,31113.149999999998,674345271.505,-496975.7157000303,-20478.050000000003,-1856467.0399999998,1.81e-06
2026-07-26 13:45:00 CST,1785044700000,75.09,75.09,74.96,74.98,77104.57,18745.82,673676382.6691699,-829776.5446337461,-39612.93,-1896079.9699999997,1.81e-06
2026-07-26 14:00:00 CST,1785045600000,74.97,75.03,74.8,74.85,121975.96,46191.15,672390646.5700408,-1069511.7316942215,-29593.660000000003,-1925673.6299999997,1.81e-06
2026-07-26 14:15:00 CST,1785046500000,74.84,74.86,74.69,74.74,126689.12,41073.6,669715060.8840785,-1898189.0615215302,-44541.92,-1970215.5499999996,1.81e-06
2026-07-26 14:30:00 CST,1785047400000,74.73,74.91,74.7,74.89,64485.79,38879.01,670346266.195932,410498.83633208275,13272.230000000005,-1956943.3199999996,1.81e-06
2026-07-26 14:45:00 CST,1785048300000,74.88,75.1,74.88,75.09,75654.58,47354.229999999996,672123326.6044,1401675.8420687914,19053.879999999997,-1937889.4399999995,1.81e-06
2026-07-26 15:00:00 CST,1785049200000,75.09,75.12,74.95,75.0,80385.03,33737.53999999999,672309761.0756,-884038.9623999596,-12909.950000000004,-1950799.3899999997,1.81e-06
2026-07-26 15:15:00 CST,1785050100000,75.0,75.01,74.89,74.91,42223.22,16129.75,671805492.1606305,-767606.8393695354,-9963.720000000001,-1960763.1099999999,1.81e-06
2026-07-26 15:30:00 CST,1785051000000,74.91,74.96,74.85,74.86,58604.850000000006,23469.129999999997,671587773.1116283,-220768.02054202557,-11666.590000000002,-1972429.6999999997,1.81e-06
2026-07-26 15:45:00 CST,1785051900000,74.85,74.9,74.81,74.84,68204.24,24363.7,671343703.2741842,310889.8501378298,-19476.84,-1991906.5399999996,1.81e-06
2026-07-26 16:00:00 CST,1785052800000,74.84,74.92,74.8,74.89,43290.759999999995,21275.519999999997,671500232.7938746,298031.96505331993,-739.7200000000003,-1992646.2599999995,6.371e-05
2026-07-26 16:15:00 CST,1785053700000,74.89,74.92,74.8,74.87,37488.05,19294.28,670799206.9962,-442398.0303000212,1100.5100000000002,-1991545.7499999995,6.371e-05
2026-07-26 16:30:00 CST,1785054600000,74.87,74.91,74.83,74.9,36116.8,20913.11,670594933.1610175,-206655.38158249855,5709.419999999998,-1985836.3299999994,6.371e-05
2026-07-26 16:45:00 CST,1785055500000,74.89,75.02,74.87,74.96,64268.61,42333.82,672163993.7506858,716523.756473422,20399.030000000002,-1965437.2999999996,6.371e-05
2026-07-26 17:00:00 CST,1785056400000,74.95,75.08,74.95,74.98,50377.43,25734.5,673332008.8635,742698.4962699413,1091.5700000000033,-1964345.7299999995,6.371e-05
2026-07-26 17:15:00 CST,1785057300000,74.97,75.07,74.97,75.04,62532.74,46775.17,672684061.8940132,-240148.06129813194,31017.600000000006,-1933328.1299999994,6.371e-05
2026-07-26 17:30:00 CST,1785058200000,75.04,75.25,74.98,75.12,216821.07,131848.88,675451655.5303,2541028.3954656124,46876.68999999999,-1886451.4399999995,6.371e-05
2026-07-26 17:45:00 CST,1785059100000,75.13,75.17,75.03,75.03,69062.99,37148.14,675980916.7108302,52970.08682370186,5233.28999999999,-1881218.1499999994,6.371e-05
2026-07-26 18:00:00 CST,1785060000000,75.03,75.15,74.99,75.11,47320.29,22945.300000000003,675738819.1854,-47129.616199970245,-1429.6899999999987,-1882647.8399999994,6.371e-05
2026-07-26 18:15:00 CST,1785060900000,75.11,75.17,75.07,75.09,31628.26,15774.69,675814790.4372368,-10027.65076327324,-78.87999999999829,-1882726.7199999995,6.371e-05
2026-07-26 18:30:00 CST,1785061800000,75.09,75.19,75.09,75.18,52973.5,25814.22,676222833.5018,814517.5927180052,-1345.0599999999977,-1884071.7799999996,6.371e-05
2026-07-26 18:45:00 CST,1785062700000,75.18,75.22,75.07,75.09,56054.47,24988.489999999998,676028998.7324308,-840986.0381691456,-6077.490000000003,-1890149.2699999996,6.371e-05
2026-07-26 19:00:00 CST,1785063600000,75.08,75.14,75.01,75.08,40911.14,18218.75,675170268.0684447,-736191.2665897608,-4473.640000000003,-1894622.9099999997,6.371e-05
2026-07-26 19:15:00 CST,1785064500000,75.08,75.08,75.02,75.04,32806.66,13159.48,675110674.934,-368919.65680003166,-6487.7,-1901110.6099999996,6.371e-05
2026-07-26 19:30:00 CST,1785065400000,75.04,75.07,74.86,74.88,172908.64,50405.770000000004,673734803.213,-899973.7730756998,-72097.09999999999,-1973207.7099999995,6.371e-05
2026-07-26 19:45:00 CST,1785066300000,74.88,74.93,74.86,74.91,61434.55,35141.21,672699750.0226,127521.13300001621,8847.869999999999,-1964359.8399999996,6.371e-05
2026-07-26 20:00:00 CST,1785067200000,74.91,75.11,74.89,75.01,110009.01999999999,60181.78999999999,674009303.4532787,802841.7892786264,10354.559999999998,-1954005.2799999996,6.371e-05
2026-07-26 20:15:00 CST,1785068100000,75.01,75.04,74.83,74.95,61490.22,24949.930000000004,672585341.2376,-1013979.0315999985,-11590.359999999999,-1965595.6399999997,6.371e-05
2026-07-26 20:30:00 CST,1785069000000,74.95,74.95,74.78,74.84,63200.770000000004,24961.43,672195830.667,-694281.6629999876,-13277.909999999998,-1978873.5499999996,6.371e-05
2026-07-26 20:45:00 CST,1785069900000,74.84,74.87,74.77,74.83,59840.64000000001,25656.99,671751868.8917369,-201989.86826312542,-8526.660000000002,-1987400.2099999997,6.371e-05
2026-07-26 21:00:00 CST,1785070800000,74.83,74.86,74.73,74.77,96520.8,40597.43,670879001.52,-931002.1840099096,-15325.939999999999,-2002726.15,6.371e-05
2026-07-26 21:15:00 CST,1785071700000,74.77,74.93,74.75,74.83,72546.31,36425.770000000004,671834431.2709,492613.3639000654,305.22999999999956,-2002420.92,6.371e-05
2026-07-26 21:30:00 CST,1785072600000,74.82,74.92,74.74,74.91,55665.37,28906.420000000002,671529671.9036175,134831.76689994335,2147.4700000000003,-2000273.45,6.371e-05
2026-07-26 21:45:00 CST,1785073500000,74.91,74.94,74.82,74.9,80036.13,43549.71,672220328.8037905,-219037.23090958595,7063.289999999997,-1993210.16,6.371e-05
2026-07-26 22:00:00 CST,1785074400000,74.89,75.2,74.89,75.08,227143.58999999997,133281.56,675769482.9212117,2910812.605211735,39419.530000000006,-1953790.63,6.371e-05
2026-07-26 22:15:00 CST,1785075300000,75.08,75.08,74.86,74.89,72274.66,25047.43,672825028.8764,-2460661.9566999674,-22179.800000000003,-1975970.43,6.371e-05
2026-07-26 22:30:00 CST,1785076200000,74.88,75.0,74.84,74.93,81335.04999999999,35243.950000000004,673227819.6329,550498.909700036,-10847.149999999994,-1986817.58,6.371e-05
2026-07-26 22:45:00 CST,1785077100000,74.93,75.04,74.93,75.01,77100.76,45928.48,674370569.25,784486.1606999636,14756.200000000008,-1972061.3800000001,6.371e-05
2026-07-26 23:00:00 CST,1785078000000,75.01,75.12,74.92,74.95,70505.51,37471.04,673698245.1464423,-719644.2507576942,4436.570000000003,-1967624.81,6.371e-05
2026-07-26 23:15:00 CST,1785078900000,74.95,75.35,74.94,75.18,226637.62,115866.19,674543903.9031975,1189133.8972626925,5094.760000000002,-1962530.05,6.371e-05
2026-07-26 23:30:00 CST,1785079800000,75.17,75.39,75.12,75.31,158498.82,92175.36,676240148.9988,2180781.684700012,25851.900000000005,-1936678.1500000001,6.371e-05
2026-07-26 23:45:00 CST,1785080700000,75.32,75.47,75.27,75.45,163562.5,87569.2,677612563.361,1656612.760999918,11575.900000000001,-1925102.25,6.371e-05
2026-07-27 00:00:00 CST,1785081600000,75.45,75.5,75.26,75.38,185467.43,79716.65,674072371.4108806,-3498923.7769885063,-26034.130000000012,-1951136.3800000001,1.514e-05
2026-07-27 00:15:00 CST,1785082500000,75.38,75.69,75.38,75.64,196469.04,128312.17,675356474.1168,114680.67604613304,60155.3,-1890981.08,1.514e-05
2026-07-27 00:30:00 CST,1785083400000,75.64,75.96,75.58,75.62,327971.52999999997,167500.27,675387457.235,-1850981.4812042713,7029.009999999991,-1883952.07,1.514e-05
2026-07-27 00:45:00 CST,1785084300000,75.63,75.7,75.48,75.5,161543.18,46749.979999999996,672976209.172,-2633004.3471586704,-68043.22,-1951995.2900000003,1.514e-05
2026-07-27 01:00:00 CST,1785085200000,75.49,75.54,75.35,75.54,111031.23999999999,50838.11,671451592.2568,-1581081.5181999207,-9355.02,-1961350.3100000005,1.514e-05
2026-07-27 01:15:00 CST,1785086100000,75.53,75.56,75.25,75.3,107553.72,40680.76,669519826.5953,-2940593.345533848,-26192.2,-1987542.5100000005,1.514e-05
2026-07-27 01:30:00 CST,1785087000000,75.3,75.4,75.26,75.34,58572.99,36911.96,668408791.5101671,31085.875167131424,15250.929999999998,-1972291.5800000003,1.514e-05
2026-07-27 01:45:00 CST,1785087900000,75.33,75.39,75.31,75.35,41385.45,17850.760000000002,669192536.1388,223305.39380002022,-5683.9299999999985,-1977975.5100000002,1.514e-05
2026-07-27 02:00:00 CST,1785088800000,75.34,75.38,75.23,75.27,67095.79,24568.589999999997,667621785.1382312,-1436324.204768896,-17958.61,-1995934.1200000003,1.514e-05
2026-07-27 02:15:00 CST,1785089700000,75.27,75.39,75.26,75.3,53627.14,28146.05,668790558.969,753947.1146999598,2664.959999999999,-1993269.1600000004,1.514e-05
2026-07-27 02:30:00 CST,1785090600000,75.3,75.36,75.25,75.33,36712.84,19113.72,669515668.6086979,527892.1626979113,1514.5999999999995,-1991754.5600000003,1.514e-05
2026-07-27 02:45:00 CST,1785091500000,75.32,75.41,75.3,75.36,33567.08,17717.01,669588440.0474811,263058.4919810295,1866.9399999999996,-1989887.6200000003,1.514e-05
2026-07-27 03:00:00 CST,1785092400000,75.35,75.42,75.21,75.22,74769.01999999999,29582.82,668864981.538,-359098.78200006485,-15603.380000000001,-2005491.0000000005,1.514e-05
2026-07-27 03:15:00 CST,1785093300000,75.22,75.29,75.2,75.26,34606.31,16770.57,668544882.3108,101408.01294159889,-1065.1699999999992,-2006556.1700000004,1.514e-05
2026-07-27 03:30:00 CST,1785094200000,75.26,75.3,75.21,75.23,28252.160000000003,15714.03,668737938.965,-11447.38016963005,3175.9000000000005,-2003380.2700000005,1.514e-05
2026-07-27 03:45:00 CST,1785095100000,75.23,75.31,75.22,75.3,29294.32,18830.14,669094119.4146917,283368.22092187405,8365.960000000001,-1995014.3100000005,1.514e-05
2026-07-27 04:00:00 CST,1785096000000,75.3,75.37,75.3,75.32,35716.81,17248.5,670098992.651,590199.6920000315,-1219.8099999999995,-1996234.1200000006,1.514e-05
2026-07-27 04:15:00 CST,1785096900000,75.32,75.35,75.28,75.33,25786.19,12161.32,669707096.0944,-41310.58839952946,-1463.5499999999997,-1997697.6700000006,1.514e-05
2026-07-27 04:30:00 CST,1785097800000,75.32,75.36,75.3,75.34,14015.470000000001,7700.179999999999,669490096.1965,-229429.24490010738,1384.8899999999994,-1996312.7800000005,1.514e-05
2026-07-27 04:45:00 CST,1785098700000,75.33,75.34,75.27,75.31,18310.51,7454.85,669276317.763,-594163.9650000334,-3400.8100000000004,-1999713.5900000003,1.514e-05
2026-07-27 05:00:00 CST,1785099600000,75.31,75.45,75.28,75.38,38733.43,22470.07,670081240.2579806,741396.5486805439,6206.709999999999,-1993506.8800000006,1.514e-05
2026-07-27 05:15:00 CST,1785100500000,75.38,75.68,75.35,75.59,99060.93,69794.86,670220358.0032,672575.711400032,40528.79000000001,-1952978.0900000005,1.514e-05
2026-07-27 05:30:00 CST,1785101400000,75.59,75.64,75.48,75.53,65521.270000000004,27655.41,669863689.9738227,-441365.02667725086,-10210.449999999999,-1963188.5400000005,1.514e-05
2026-07-27 05:45:00 CST,1785102300000,75.53,75.74,75.51,75.62,59093.130000000005,28149.579999999998,670546905.4091,1262725.7995001078,-2793.970000000001,-1965982.5100000007,1.514e-05
2026-07-27 06:00:00 CST,1785103200000,75.62,76.19,75.62,76.07,639747.99,343342.4,667746390.9438,-1998826.960813284,46936.810000000034,-1919045.7000000007,1.514e-05
2026-07-27 06:15:00 CST,1785104100000,76.08,76.39,76.07,76.36,510853.38,310142.4,665879956.0027245,-3075536.408171296,109431.42000000001,-1809614.2800000007,1.514e-05
2026-07-27 06:30:00 CST,1785105000000,76.36,76.79,76.32,76.64,408557.01999999996,232705.24,665007335.9688,-1748974.867558241,56853.460000000036,-1752760.8200000008,1.514e-05
2026-07-27 06:45:00 CST,1785105900000,76.64,76.72,76.51,76.69,225894.36,107957.95000000001,664230707.964,-550928.0856000185,-9978.459999999992,-1762739.2800000005,1.514e-05
2026-07-27 07:00:00 CST,1785106800000,76.69,77.08,76.57,76.78,540426.48,299404.38,665281147.9819639,864045.7060250044,58382.28000000003,-1704357.0000000005,1.514e-05
2026-07-27 07:15:00 CST,1785107700000,76.78,76.98,76.63,76.66,233493.57,107019.86,664029217.5774,153634.87739992142,-19453.850000000006,-1723810.8500000003,1.514e-05
2026-07-27 07:30:00 CST,1785108600000,76.65,76.7,76.47,76.68,183385.65000000002,81006.28,661329397.0556,-1615187.2685098648,-21373.09,-1745183.9400000004,1.514e-05
2026-07-27 07:45:00 CST,1785109500000,76.67,76.75,76.57,76.74,128079.89000000001,62643.07,660852145.16,-1190548.653951764,-2793.75,-1747977.6900000004,1.514e-05
2026-07-27 08:00:00 CST,1785110400000,76.75,76.78,76.46,76.57,177688.4,76208.83,659940748.259,-1594890.01060009,-25270.740000000005,-1773248.4300000002,8.751e-05
2026-07-27 08:15:00 CST,1785111300000,76.57,76.58,76.34,76.47,170944.37,84203.4,658133257.6668892,-2427037.722438693,-2537.569999999985,-1775786.0,8.751e-05
2026-07-27 08:30:00 CST,1785112200000,76.47,76.51,76.36,76.4,126328.91,49937.45,658510940.5557265,-735892.8005138636,-26454.01,-1802240.01,8.751e-05
2026-07-27 08:45:00 CST,1785113100000,76.39,76.5,76.16,76.31,171495.32,54728.85,658811295.6308,-368673.06589996815,-62037.619999999995,-1864277.63,8.751e-05
2026-07-27 09:00:00 CST,1785114000000,76.32,76.42,76.21,76.25,94431.8,55165.049999999996,657636881.112,471321.7051331997,15898.299999999996,-1848379.3299999998,8.751e-05
2026-07-27 09:15:00 CST,1785114900000,76.25,76.28,76.13,76.2,136957.88,67164.0,656201409.8611132,-410642.13888680935,-2629.8800000000047,-1851009.2099999997,8.751e-05
2026-07-27 09:30:00 CST,1785115800000,76.2,76.33,75.93,76.21,258386.40999999997,114542.59000000001,653019621.42,-2495327.136000037,-29301.229999999978,-1880310.4399999997,8.751e-05
2026-07-27 09:45:00 CST,1785116700000,76.22,76.5,76.18,76.49,144371.31,76570.97,653699349.0996108,773215.3686108589,8770.630000000001,-1871539.8099999998,8.751e-05
2026-07-27 10:00:00 CST,1785117600000,76.49,76.58,76.38,76.46,119181.45000000001,58032.76,655517088.6272,-34170.5355399847,-3115.9299999999967,-1874655.7399999998,8.751e-05
2026-07-27 10:15:00 CST,1785118500000,76.47,76.6,76.4,76.54,71252.81,39234.91,655787228.3856561,382462.04828071594,7217.009999999998,-1867438.7299999997,8.751e-05
2026-07-27 10:30:00 CST,1785119400000,76.55,76.63,76.4,76.55,102494.87,47449.33,656233421.004,40973.34949994087,-7596.2099999999955,-1875034.9399999997,8.751e-05
2026-07-27 10:45:00 CST,1785120300000,76.55,76.59,76.32,76.39,66500.21,26216.379999999997,653371703.7825335,-2280383.576928735,-14067.45,-1889102.3899999997,8.751e-05
2026-07-27 11:00:00 CST,1785121200000,76.4,76.51,76.31,76.4,86869.65000000001,28020.18,653754526.0335,-135157.79848635197,-30829.29,-1919931.6799999997,8.751e-05
2026-07-27 11:15:00 CST,1785122100000,76.39,76.49,76.37,76.43,56434.32,27542.989999999998,654408481.3056,-81605.28240001202,-1348.3399999999965,-1921280.0199999998,8.751e-05
2026-07-27 11:30:00 CST,1785123000000,76.43,76.47,76.32,76.45,41276.46,20598.92,653556553.4603631,-643835.9782367945,-78.61999999999989,-1921358.64,8.751e-05
2026-07-27 11:45:00 CST,1785123900000,76.45,76.47,76.28,76.37,73150.51999999999,36061.07,653260020.7002453,-1323995.7274591923,-1028.3799999999974,-1922387.02,8.751e-05
2026-07-27 12:00:00 CST,1785124800000,76.38,76.48,76.29,76.38,73225.67,37335.29,653233694.0888,-627051.1648000479,1444.9099999999999,-1920942.11,8.751e-05
2026-07-27 12:15:00 CST,1785125700000,76.39,76.6,76.29,76.34,114192.5,47413.31,653799145.4235,319376.7063988447,-19365.88,-1940307.99,8.751e-05
2026-07-27 12:30:00 CST,1785126600000,76.35,76.4,76.23,76.38,60573.71,22816.089999999997,652276876.2981076,-893239.7768858671,-14941.53,-1955249.52,8.751e-05
2026-07-27 12:45:00 CST,1785127500000,76.39,76.4,76.27,76.27,60702.68,21527.78,652823739.8914,-381410.9279000759,-17647.120000000003,-1972896.6400000001,8.751e-05
2026-07-27 13:00:00 CST,1785128400000,76.28,76.45,76.22,76.42,54150.130000000005,32150.76,652115880.1571,747797.0321657658,10151.389999999998,-1962745.25,8.751e-05
2026-07-27 13:15:00 CST,1785129300000,76.42,76.47,76.3,76.39,85115.27,40598.49,652294828.4632,-721670.2109550238,-3918.289999999999,-1966663.54,8.751e-05
2026-07-27 13:30:00 CST,1785130200000,76.4,76.43,76.3,76.33,73358.64,21373.06,652765984.269,384190.0610001087,-30612.519999999997,-1997276.06,8.751e-05
2026-07-27 13:45:00 CST,1785131100000,76.33,76.6,76.27,76.53,103461.47,54922.0,653157773.7330273,261363.50542736053,6382.530000000002,-1990893.53,8.751e-05
2026-07-27 14:00:00 CST,1785132000000,76.52,76.96,76.49,76.85,403921.0,253552.68,655763480.0646517,1289025.0858516693,103184.35999999999,-1887709.1700000002,8.751e-05
2026-07-27 14:15:00 CST,1785132900000,76.85,76.91,76.62,76.65,142210.71,55608.04,657291410.8365,-1547006.7560999393,-30994.629999999994,-1918703.8,8.751e-05
2026-07-27 14:30:00 CST,1785133800000,76.65,76.9,76.61,76.82,106081.4,56167.37,658723357.8482,1761147.2465760708,6253.34,-1912450.46,8.751e-05
2026-07-27 14:45:00 CST,1785134700000,76.82,76.83,76.62,76.69,93162.7,38261.01,658182969.1418,-700779.2824095488,-16640.679999999997,-1929091.1400000001,8.751e-05
2026-07-27 15:00:00 CST,1785135600000,76.69,76.73,76.53,76.69,95655.48,40714.159999999996,657903834.6936884,-112318.0510597229,-14227.159999999996,-1943318.3,8.751e-05
2026-07-27 15:15:00 CST,1785136500000,76.69,76.69,76.53,76.54,58591.95,23203.39,657681371.9993308,-297561.8886692524,-12185.17,-1955503.47,8.751e-05
2026-07-27 15:30:00 CST,1785137400000,76.54,76.54,76.35,76.49,122510.73,41301.229999999996,655291775.8861489,-1303774.7931962013,-39908.270000000004,-1995411.74,8.751e-05
2026-07-27 15:45:00 CST,1785138300000,76.49,76.59,76.43,76.43,83595.29000000001,48758.5,657254667.9635171,1212264.3270170689,13921.71,-1981490.03,8.751e-05
2026-07-27 16:00:00 CST,1785139200000,76.44,76.48,76.26,76.34,109678.47,41534.03999999999,655373109.7874591,-819587.926933527,-26610.39,-2008100.42,7.729e-05
2026-07-27 16:15:00 CST,1785140100000,76.34,76.4,76.25,76.37,66310.72,28546.809999999998,655584123.0055,398884.3594582081,-9217.1,-2017317.5199999998,7.729e-05
2026-07-27 16:30:00 CST,1785141000000,76.37,76.37,76.25,76.26,51131.22,23116.62,655290347.4984,-669600.4757000208,-4897.980000000001,-2022215.4999999998,7.729e-05
2026-07-27 16:45:00 CST,1785141900000,76.27,76.35,76.19,76.26,74150.27,37661.649999999994,655479342.577415,-54954.89428496361,1173.029999999997,-2021042.4699999997,7.729e-05
2026-07-27 17:00:00 CST,1785142800000,76.27,76.27,76.08,76.16,126306.37,45745.59,652573830.655534,-2675220.2998389006,-34815.19,-2055857.6599999997,7.729e-05
2026-07-27 17:15:00 CST,1785143700000,76.16,76.33,76.14,76.33,82180.01000000001,37330.49,654536839.5439105,1702557.751910448,-7519.030000000006,-2063376.6899999997,7.729e-05
2026-07-27 17:30:00 CST,1785144600000,76.33,76.49,76.27,76.43,74963.82999999999,44842.86,656152918.4781502,1102158.2173502445,14721.889999999996,-2048654.7999999996,7.729e-05
2026-07-27 17:45:00 CST,1785145500000,76.43,76.53,76.4,76.44,55519.38,27443.28,656632209.9227298,640695.4019298553,-632.8199999999997,-2049287.6199999994,7.729e-05
2026-07-27 18:00:00 CST,1785146400000,76.44,76.48,76.37,76.46,49852.49,25196.879999999997,656578184.0436,324225.3986456394,541.2699999999968,-2048746.3499999994,7.729e-05
2026-07-27 18:15:00 CST,1785147300000,76.46,76.61,76.45,76.56,81742.98,61627.64,658039712.256,1080058.396410346,41512.3,-2007234.0499999996,7.729e-05
2026-07-27 18:30:00 CST,1785148200000,76.56,76.63,76.51,76.61,81482.3,45338.630000000005,657943955.6085,-125987.06669998169,9194.960000000003,-1998039.0899999994,7.729e-05
2026-07-27 18:45:00 CST,1785149100000,76.61,76.65,76.54,76.59,46896.090000000004,26732.980000000003,658006708.8089428,-83972.17685723305,6569.869999999999,-1991469.2199999993,7.729e-05
2026-07-27 19:00:00 CST,1785150000000,76.59,76.59,76.45,76.54,86222.46,53295.87,659143104.7417397,1059372.383239746,20369.28,-1971099.9399999992,7.729e-05
2026-07-27 19:15:00 CST,1785150900000,76.54,76.62,76.46,76.47,77640.48,31789.57,659299261.8373146,275199.35945892334,-14061.339999999998,-1985161.2799999993,7.729e-05
2026-07-27 19:30:00 CST,1785151800000,76.46,76.65,76.45,76.59,72982.18,39363.14,659936852.6525223,1571243.8884925842,5744.100000000002,-1979417.1799999992,7.729e-05
2026-07-27 19:45:00 CST,1785152700000,76.58,76.6,76.46,76.49,55783.229999999996,15662.59,659077320.5711007,-654472.960120678,-24458.05,-2003875.2299999993,7.729e-05
2026-07-27 20:00:00 CST,1785153600000,76.49,76.75,76.47,76.53,104624.73000000001,49562.4,661403470.585,2642507.2819293737,-5499.930000000004,-2009375.1599999992,7.729e-05
2026-07-27 20:15:00 CST,1785154500000,76.52,76.62,76.34,76.34,192366.31,66948.35,659152538.984905,-840367.2540949583,-58469.61,-2067844.7699999993,7.729e-05
2026-07-27 20:30:00 CST,1785155400000,76.34,76.85,76.21,76.84,363582.29000000004,219827.35,658903424.234,723100.9534999132,76072.41,-1991772.3599999994,7.729e-05
2026-07-27 20:45:00 CST,1785156300000,76.84,77.05,76.76,76.82,624011.5700000001,355952.99,657669320.765,-2154667.4589999914,87894.41,-1903877.9499999995,7.729e-05
2026-07-27 21:00:00 CST,1785157200000,76.83,76.94,76.58,76.59,224670.9,112296.26000000001,654711865.5168,-2545283.5335999727,-78.37999999999738,-1903956.3299999994,7.729e-05
2026-07-27 21:15:00 CST,1785158100000,76.59,76.66,76.42,76.48,186850.5,97251.0,650546474.5299102,-2666903.6399941444,7651.5,-1896304.8299999996,7.729e-05
2026-07-27 21:30:00 CST,1785159000000,76.48,77.48,76.44,77.35,804229.19,487015.61,653430663.6025,3029017.3913582563,169802.02999999994,-1726502.7999999998,7.729e-05
2026-07-27 21:45:00 CST,1785159900000,77.36,77.44,76.76,76.88,501934.16000000003,220717.98,651147398.764,-4526248.807199955,-60498.19999999998,-1787000.9999999998,7.729e-05
2026-07-27 22:00:00 CST,1785160800000,76.88,76.97,76.66,76.9,284614.48,152250.83000000002,650977137.9676125,1867067.0174125433,19887.179999999993,-1767113.8199999996,7.729e-05
2026-07-27 22:15:00 CST,1785161700000,76.89,76.96,75.74,75.78,705653.4299999999,274356.06,642245772.1984,-8585583.648599982,-156941.31,-1924055.1299999997,7.729e-05
2026-07-27 22:30:00 CST,1785162600000,75.78,75.79,75.02,75.07,1152561.54,519721.54,623299248.0446,-11020070.052962184,-113118.46000000008,-2037173.5899999996,7.729e-05
2026-07-27 22:45:00 CST,1785163500000,75.06,75.6,74.97,75.44,534075.1900000001,285910.89,623253840.3496222,2239594.3342221975,37746.58999999998,-1999426.9999999995,7.729e-05
2026-07-27 23:00:00 CST,1785164400000,75.44,75.58,75.27,75.51,234662.53999999998,107707.6,622740455.9656,-2393854.868540168,-19247.33999999999,-2018674.3399999996,7.729e-05
2026-07-27 23:15:00 CST,1785165300000,75.5,75.57,75.22,75.32,145792.07,83370.29,624065104.8834275,-894280.5948330164,20948.509999999995,-1997725.8299999996,7.729e-05
2026-07-27 23:30:00 CST,1785166200000,75.33,75.44,75.03,75.38,234994.21000000002,117493.78,623783056.962,280953.57809996605,-6.650000000016007,-1997732.4799999995,7.729e-05
2026-07-27 23:45:00 CST,1785167100000,75.39,75.44,75.22,75.22,122680.54000000001,50237.19,624744535.1252,-351541.31319999695,-22206.159999999996,-2019938.6399999997,7.729e-05
2026-07-28 00:00:00 CST,1785168000000,75.23,75.35,75.14,75.24,160885.94999999998,88318.96,626863934.382573,2082037.6275656223,15751.970000000008,-2004186.6699999997,3.835e-05
2026-07-28 00:15:00 CST,1785168900000,75.24,75.72,75.1,75.65,323134.77,194248.02000000002,628489764.708,1947906.9411998987,65361.27000000003,-1938825.3999999997,3.835e-05
2026-07-28 00:30:00 CST,1785169800000,75.65,75.86,75.65,75.79,165675.15000000002,82824.45999999999,630901249.8066014,1472418.6144014597,-26.23000000000684,-1938851.6299999997,3.835e-05
2026-07-28 00:45:00 CST,1785170700000,75.79,75.94,75.72,75.91,149702.5,72920.24,629372130.4507065,-1263165.9832935333,-3862.0200000000004,-1942713.6499999997,3.835e-05
2026-07-28 01:00:00 CST,1785171600000,75.9,75.99,75.77,75.92,111406.98999999999,58089.5,630491465.2058,-239575.39718830585,4772.009999999998,-1937941.64,3.835e-05
2026-07-28 01:15:00 CST,1785172500000,75.91,76.21,75.87,75.97,210335.92,110976.83,631732817.0733316,377915.8079315424,11617.739999999998,-1926323.9,3.835e-05
2026-07-28 01:30:00 CST,1785173400000,75.96,76.12,75.91,75.92,116872.27,60235.880000000005,631566551.7389282,336622.6051399708,3599.4900000000016,-1922724.41,3.835e-05
2026-07-28 01:45:00 CST,1785174300000,75.92,75.93,75.78,75.86,124699.97,52470.64,630757504.2283871,-161323.55532884598,-19758.69,-1942483.0999999999,3.835e-05
2026-07-28 02:00:00 CST,1785175200000,75.86,75.96,75.72,75.75,104471.59,59210.17,631980250.4934,128837.75740003586,13948.750000000004,-1928534.35,3.835e-05
2026-07-28 02:15:00 CST,1785176100000,75.74,75.75,75.51,75.57,128261.48000000001,65953.76,630572859.3063163,-1446085.1072837114,3646.0399999999972,-1924888.31,3.835e-05
2026-07-28 02:30:00 CST,1785177000000,75.57,75.6,75.22,75.39,252503.83000000002,125171.74,627864807.7101104,-3019715.4614418745,-2160.3499999999985,-1927048.6600000001,3.835e-05
2026-07-28 02:45:00 CST,1785177900000,75.39,75.58,75.25,75.57,112732.86000000002,63534.56,629910239.9731,123145.93209993839,14336.260000000002,-1912712.4000000001,3.835e-05
2026-07-28 03:00:00 CST,1785178800000,75.58,75.97,75.45,75.85,156245.94,75126.38,631858666.8883853,928619.6357853413,-5993.179999999997,-1918705.58,3.835e-05
2026-07-28 03:15:00 CST,1785179700000,75.86,75.92,75.7,75.79,114113.7,56302.08,631557234.1604,43133.33340001106,-1509.5400000000009,-1920215.12,3.835e-05
2026-07-28 03:30:00 CST,1785180600000,75.79,75.94,75.74,75.79,74577.25,39800.69,631602503.6243252,-443870.1250398159,5024.129999999999,-1915190.9900000002,3.835e-05
2026-07-28 03:45:00 CST,1785181500000,75.78,76.02,75.7,75.94,156475.12,76480.08,631129297.3236,-104904.83159995079,-3514.959999999992,-1918705.9500000004,3.835e-05
2026-07-28 04:00:00 CST,1785182400000,75.95,76.06,75.82,75.87,96773.81,39334.630000000005,631169617.4514805,-1340038.1558322906,-18104.55,-1936810.5000000005,3.835e-05
2026-07-28 04:15:00 CST,1785183300000,75.87,76.1,75.76,76.06,52740.6,25471.98,631903661.9472,699439.1060999632,-1796.6400000000012,-1938607.1400000004,3.835e-05
2026-07-28 04:30:00 CST,1785184200000,76.06,76.06,75.81,75.83,68958.51,35379.009999999995,631366960.8247619,-1765207.8208380938,1799.5099999999984,-1936807.6300000004,3.835e-05
2026-07-28 04:45:00 CST,1785185100000,75.84,75.96,75.77,75.93,73488.37,35959.39,630928322.3068,64785.71800005436,-1569.5899999999947,-1938377.2200000004,3.835e-05
2026-07-28 05:00:00 CST,1785186000000,75.94,75.96,75.79,75.86,72534.44,30935.199999999997,630967614.5397,-491199.4753822088,-10664.04,-1949041.2600000007,3.835e-05
2026-07-28 05:15:00 CST,1785186900000,75.87,75.87,75.54,75.55,81940.33,34640.42,629251991.7824,-1530157.9029999971,-12659.489999999998,-1961700.7500000007,3.835e-05
2026-07-28 05:30:00 CST,1785187800000,75.56,75.64,75.48,75.54,76300.35,53617.66,626465474.8659,-429591.8120999336,30934.969999999998,-1930765.7800000007,3.835e-05
2026-07-28 05:45:00 CST,1785188700000,75.55,75.63,75.47,75.57,42234.94,26497.769999999997,626132233.6128,-183403.3136999607,10760.6,-1920005.1800000009,3.835e-05
2026-07-28 06:00:00 CST,1785189600000,75.58,75.59,75.3,75.37,86265.06,37939.23,626134956.356,-691201.1970000267,-10386.599999999999,-1930391.7800000007,3.835e-05
2026-07-28 06:15:00 CST,1785190500000,75.37,75.41,75.11,75.2,138970.41999999998,55774.48,625709799.5149598,-243345.2612402439,-27421.45999999999,-1957813.2400000007,3.835e-05
2026-07-28 06:30:00 CST,1785191400000,75.2,75.34,74.62,74.68,613772.53,212394.98,626890114.889,1919770.079966426,-188982.57,-2146795.810000001,3.835e-05
2026-07-28 06:45:00 CST,1785192300000,74.68,74.7,73.96,74.01,717218.8700000001,298153.07,617109077.4368,-1356224.3251999617,-120912.73000000001,-2267708.540000001,3.835e-05
2026-07-28 07:00:00 CST,1785193200000,74.01,74.08,73.68,74.02,561760.96,286059.5,609731511.328788,-3775921.2925651073,10358.039999999994,-2257350.5000000005,3.835e-05
2026-07-28 07:15:00 CST,1785194100000,74.02,74.37,73.91,74.26,192574.82,130826.88999999998,612393314.5919381,605603.6553888321,69078.95999999999,-2188271.54,3.835e-05
2026-07-28 07:30:00 CST,1785195000000,74.26,74.34,73.91,73.96,186970.82,70488.88,613084957.685716,-542205.8168839216,-45993.060000000005,-2234264.6,3.835e-05
2026-07-28 07:45:00 CST,1785195900000,73.96,74.19,73.93,74.16,105525.7,68682.90000000001,613501812.3883777,1503121.0647776127,31840.100000000006,-2202424.5,3.835e-05
2026-07-28 08:00:00 CST,1785196800000,74.16,74.26,73.87,74.02,248510.38,100671.48,614843792.5214968,483339.39948809147,-47167.420000000006,-2249591.92,-3.055e-05
2026-07-28 08:15:00 CST,1785197700000,74.01,74.13,73.71,73.94,238100.44,110284.06,614742757.2915751,560633.4715750217,-17532.32,-2267124.2399999998,-3.055e-05
2026-07-28 08:30:00 CST,1785198600000,73.95,74.04,73.79,73.91,132631.88,68418.53,617665279.7452203,890134.9973119497,4205.180000000008,-2262919.06,-3.055e-05
2026-07-28 08:45:00 CST,1785199500000,73.92,73.94,73.62,73.68,237247.69,97995.1,616165546.4816935,-623326.0335065126,-41257.490000000005,-2304176.5500000003,-3.055e-05
2026-07-28 09:00:00 CST,1785200400000,73.68,73.71,72.8,73.24,1078140.52,462138.08999999997,614361312.4133955,-1466560.667350173,-153864.34000000003,-2458040.8900000006,-3.055e-05
2026-07-28 09:15:00 CST,1785201300000,73.25,73.37,72.93,73.31,369671.43000000005,167005.21999999997,615334121.5138,1121019.5382000208,-35660.99000000002,-2493701.8800000004,-3.055e-05
2026-07-28 09:30:00 CST,1785202200000,73.31,73.45,73.1,73.24,258122.33,116365.79000000001,616910845.3752,88924.31113171577,-25390.749999999985,-2519092.6300000004,-3.055e-05
2026-07-28 09:45:00 CST,1785203100000,73.25,73.39,73.1,73.14,160030.48,83689.29999999999,617510267.3558925,-96930.14177572727,7348.119999999995,-2511744.5100000007,-3.055e-05
2026-07-28 10:00:00 CST,1785204000000,73.15,73.29,73.01,73.28,197185.28999999998,117140.98000000001,619335050.8636409,1743402.805640936,37096.67,-2474647.840000001,-3.055e-05
2026-07-28 10:15:00 CST,1785204900000,73.28,73.41,73.18,73.32,130440.87,80887.04000000001,620904404.037,1935137.0641999245,31333.209999999992,-2443314.630000001,-3.055e-05
2026-07-28 10:30:00 CST,1785205800000,73.33,73.37,73.19,73.22,97108.5,49905.130000000005,620207325.3410233,-247853.0688766241,2701.7599999999984,-2440612.8700000006,-3.055e-05
2026-07-28 10:45:00 CST,1785206700000,73.23,73.37,73.13,73.32,263888.37,107051.45999999999,619762988.4831,-435557.6149765253,-49785.450000000004,-2490398.3200000008,-3.055e-05
2026-07-28 11:00:00 CST,1785207600000,73.33,73.37,73.17,73.28,125586.82,64199.31,619145526.7490634,-938647.3254365921,2811.800000000003,-2487586.520000001,-3.055e-05
2026-07-28 11:15:00 CST,1785208500000,73.29,73.35,73.21,73.23,71072.41,39362.13,620403065.899,62069.23480010033,7651.8499999999985,-2479934.6700000013,-3.055e-05
2026-07-28 11:30:00 CST,1785209400000,73.24,73.33,73.11,73.32,110679.05,61651.770000000004,619828657.1036297,-3167.191170334816,12624.490000000002,-2467310.180000001,-3.055e-05
2026-07-28 11:45:00 CST,1785210300000,73.32,73.33,73.15,73.24,128224.36,63668.59,619831075.9984,-799196.3547148705,-887.1800000000003,-2468197.3600000013,-3.055e-05
2026-07-28 12:00:00 CST,1785211200000,73.25,73.25,73.1,73.14,122538.11,67847.12,620721112.4829,-47204.38459992409,13156.130000000008,-2455041.230000001,-3.055e-05
2026-07-28 12:15:00 CST,1785212100000,73.14,73.21,73.05,73.06,118758.42,53312.65,620175551.1093,-291453.74010002613,-12133.119999999999,-2467174.350000001,-3.055e-05
2026-07-28 12:30:00 CST,1785213000000,73.06,73.13,72.93,73.12,286436.83999999997,194702.77999999997,623157280.9152,4405939.922107816,102968.71999999999,-2364205.6300000013,-3.055e-05
2026-07-28 12:45:00 CST,1785213900000,73.11,73.24,73.1,73.15,75064.13,37185.67,624337316.7699165,713034.1644165516,-692.789999999999,-2364898.420000001,-3.055e-05
2026-07-28 13:00:00 CST,1785214800000,73.16,73.35,73.14,73.29,97890.73999999999,60704.95,625888822.8041487,1687168.1454780102,23519.159999999996,-2341379.2600000007,-3.055e-05
2026-07-28 13:15:00 CST,1785215700000,73.29,73.5,73.28,73.37,164192.35,83812.36,626055922.1853116,384033.7227115631,3432.3699999999953,-2337946.8900000006,-3.055e-05
2026-07-28 13:30:00 CST,1785216600000,73.37,73.4,73.2,73.4,94196.98999999999,43768.149999999994,626091292.329151,-1191148.7700414658,-6660.690000000002,-2344607.580000001,-3.055e-05
2026-07-28 13:45:00 CST,1785217500000,73.39,73.43,73.2,73.2,103720.43000000001,45346.83,626693142.0200187,-458821.7320369482,-13026.77,-2357634.350000001,-3.055e-05
2026-07-28 14:00:00 CST,1785218400000,73.21,73.22,73.08,73.14,124852.37,55281.06999999999,625654263.5901808,187540.15188074112,-14290.229999999996,-2371924.580000001,-3.055e-05
2026-07-28 14:15:00 CST,1785219300000,73.15,73.36,73.14,73.31,149651.22999999998,102085.34000000001,626386664.378,953567.4739999771,54519.45000000001,-2317405.130000001,-3.055e-05
2026-07-28 14:30:00 CST,1785220200000,73.31,73.44,73.3,73.42,95726.69,63490.37,625922809.9713,-111535.49732685089,31254.050000000003,-2286151.080000001,-3.055e-05
2026-07-28 14:45:00 CST,1785221100000,73.42,73.45,73.36,73.41,112943.82,56990.76,626433758.634234,-130733.73356604576,1037.7000000000044,-2285113.380000001,-3.055e-05
2026-07-28 15:00:00 CST,1785222000000,73.41,73.45,73.32,73.41,80112.37,44348.79,626054469.4296,-141119.2934999466,8585.210000000003,-2276528.1700000004,-3.055e-05
2026-07-28 15:15:00 CST,1785222900000,73.4,73.44,73.31,73.39,32536.879999999997,16246.66,626348368.1058826,219122.81327843666,-43.55999999999949,-2276571.7300000004,-3.055e-05
2026-07-28 15:30:00 CST,1785223800000,73.38,73.39,73.17,73.18,80590.43,23733.06,624701473.6768,-1640567.8626999855,-33124.31,-2309696.0400000005,-3.055e-05
2026-07-28 15:45:00 CST,1785224700000,73.18,73.28,73.09,73.24,137681.34,75704.71,624429425.5903,479276.34083509445,13728.079999999996,-2295967.9600000004,-3.055e-05
2026-07-28 16:00:00 CST,1785225600000,73.25,73.34,73.18,73.23,83869.37,42021.64,625377953.8600686,379851.0648095608,173.90999999999985,-2295794.0500000003,-0.00013328
2026-07-28 16:15:00 CST,1785226500000,73.23,73.31,73.1,73.25,123045.9,54729.46000000001,625068733.7496,334915.7522364855,-13586.98,-2309381.0300000003,-0.00013328
2026-07-28 16:30:00 CST,1785227400000,73.26,73.34,73.18,73.32,60559.29,31140.100000000002,624561205.4748,-500693.26687300205,1720.9100000000017,-2307660.12,-0.00013328
2026-07-28 16:45:00 CST,1785228300000,73.33,73.4,73.26,73.31,64489.43,27199.559999999998,625689363.4926311,358113.33243107796,-10090.31,-2317750.43,-0.00013328
2026-07-28 17:00:00 CST,1785229200000,73.32,73.4,73.23,73.4,78759.87,41242.63,625666454.4142,315183.88229990005,3725.3899999999994,-2314025.0400000005,-0.00013328
2026-07-28 17:15:00 CST,1785230100000,73.39,73.47,73.32,73.38,63910.25,27781.460000000003,627195306.6730071,618677.0606746674,-8347.329999999994,-2322372.37,-0.00013328
2026-07-28 17:30:00 CST,1785231000000,73.38,73.44,73.32,73.33,74004.86,41349.57,627967106.0349,721727.5345999002,8694.280000000002,-2313678.0900000003,-0.00013328
2026-07-28 17:45:00 CST,1785231900000,73.33,73.37,73.16,73.21,110531.54000000001,48258.479999999996,625791055.0208306,-1565074.0644911528,-14014.580000000002,-2327692.6700000004,-0.00013328
2026-07-28 18:00:00 CST,1785232800000,73.21,73.3,73.12,73.13,136149.00999999998,63465.56,627900274.9374,714044.9229999781,-9217.889999999996,-2336910.5600000005,-0.00013328
2026-07-28 18:15:00 CST,1785233700000,73.13,73.26,73.08,73.16,114271.42000000001,58717.42,628354862.4873,821986.6171617508,3163.4199999999946,-2333747.1400000006,-0.00013328
2026-07-28 18:30:00 CST,1785234600000,73.16,73.27,73.12,73.22,125192.84999999999,67985.12,627757857.239598,-368880.9424020052,10777.390000000003,-2322969.750000001,-0.00013328
2026-07-28 18:45:00 CST,1785235500000,73.22,73.26,73.09,73.1,114691.5,32742.899999999998,627381404.19579,-506665.14560997486,-49205.7,-2372175.4500000007,-0.00013328
2026-07-28 19:00:00 CST,1785236400000,73.1,73.14,72.86,72.87,249785.17,99050.31,623994987.3621953,-1293623.1769167185,-51684.549999999996,-2423860.0000000005,-0.00013328
2026-07-28 19:15:00 CST,1785237300000,72.87,73.26,72.82,73.03,280263.52,161514.65000000002,624137188.0293561,846635.3653560877,42765.780000000006,-2381094.2200000007,-0.00013328
2026-07-28 19:30:00 CST,1785238200000,73.02,73.31,72.99,73.05,180516.02000000002,101959.75,625928510.9643342,1445089.9910652637,23403.479999999996,-2357690.7400000007,-0.00013328
2026-07-28 19:45:00 CST,1785239100000,73.05,73.22,73.04,73.14,80414.32,45775.09,626046905.51567,234297.71105408669,11135.859999999997,-2346554.880000001,-0.00013328
2026-07-28 20:00:00 CST,1785240000000,73.14,73.24,73.08,73.19,92390.75,54881.79,627010808.6463,754483.1624999046,17372.829999999998,-2329182.0500000007,-0.00013328
2026-07-28 20:15:00 CST,1785240900000,73.2,73.26,73.12,73.18,60836.75,30484.64,627221730.7875866,106270.36938655376,132.52999999999702,-2329049.5200000005,-0.00013328
2026-07-28 20:30:00 CST,1785241800000,73.18,73.29,73.08,73.26,100215.31,45419.97,627950527.6434,681572.0118999481,-9375.369999999995,-2338424.8900000006,-0.00013328
2026-07-28 20:45:00 CST,1785242700000,73.26,73.42,73.19,73.33,280646.7,156676.51,629385466.4026,671503.3196001053,32706.319999999985,-2305718.5700000008,-0.00013328
2026-07-28 21:00:00 CST,1785243600000,73.32,73.4,73.17,73.23,182564.49,66610.35,631859630.8539,1179004.6786482334,-49343.79000000001,-2355062.3600000013,-0.00013328
2026-07-28 21:15:00 CST,1785244500000,73.22,73.27,72.95,72.96,155864.55,61558.93,631464793.0298362,-925326.1240930557,-32746.690000000002,-2387809.0500000007,-0.00013328
2026-07-28 21:30:00 CST,1785245400000,72.96,73.07,72.34,72.62,991932.49,421025.39,623765369.304,-7762260.532799959,-149881.70999999993,-2537690.7600000007,-0.00013328
2026-07-28 21:45:00 CST,1785246300000,72.62,72.78,72.3,72.67,449431.82,220101.81,625496818.4464599,676969.4690599442,-9228.199999999997,-2546918.960000001,-0.00013328
2026-07-28 22:00:00 CST,1785247200000,72.67,72.95,72.65,72.72,277049.73,158386.41999999998,628968474.1763628,2909679.983562708,39723.11,-2507195.850000001,-0.00013328
2026-07-28 22:15:00 CST,1785248100000,72.73,72.94,72.49,72.91,352275.45,158113.78999999998,628688077.5474297,40064.27222967148,-36047.87000000004,-2543243.720000001,-0.00013328
2026-07-28 22:30:00 CST,1785249000000,72.91,73.14,72.78,73.04,297175.18,182826.13,627182791.91303,-63699.59256994724,68477.08000000002,-2474766.640000001,-0.00013328
2026-07-28 22:45:00 CST,1785249900000,73.05,73.45,73.04,73.37,374969.73,211454.22,627775670.1684062,634347.25753057,47938.70999999999,-2426827.930000001,-0.00013328
2026-07-28 23:00:00 CST,1785250800000,73.38,73.71,73.25,73.63,400907.67,211791.78,627674718.738,-290198.2743999958,22675.890000000014,-2404152.040000001,-0.00013328
2026-07-28 23:15:00 CST,1785251700000,73.63,74.51,73.46,74.22,969133.6600000001,541059.47,630107022.5478,1174968.3086810112,112985.28,-2291166.760000001,-0.00013328
2026-07-28 23:30:00 CST,1785252600000,74.22,74.55,74.14,74.46,396153.48,221814.21999999997,625623410.7011164,-431443.7937258482,47474.96000000001,-2243691.800000001,-0.00013328
2026-07-28 23:45:00 CST,1785253500000,74.46,74.55,74.08,74.31,350527.88,151423.47,621091806.104,-3785513.352500081,-47680.94,-2291372.7400000016,-0.00013328
2026-07-29 00:00:00 CST,1785254400000,74.31,74.32,74.04,74.11,198388.53,96682.06,621558263.5298464,-925396.4646772146,-5024.409999999989,-2296397.150000002,-4.712e-05
2026-07-29 00:15:00 CST,1785255300000,74.11,74.32,74.06,74.17,180527.91,114027.69,622058915.232,-297506.6369999647,47527.470000000016,-2248869.6800000016,-4.712e-05
2026-07-29 00:30:00 CST,1785256200000,74.16,74.35,74.0,74.28,152224.09,68848.22,623030816.7069,-134790.27909994125,-14527.650000000005,-2263397.3300000015,-4.712e-05
2026-07-29 00:45:00 CST,1785257100000,74.27,74.54,74.17,74.38,181532.07,94506.97,623485866.0325392,97852.01494705677,7481.870000000006,-2255915.4600000014,-4.712e-05
2026-07-29 01:00:00 CST,1785258000000,74.39,74.4,73.94,73.94,179355.65,62471.88,620790490.1700244,-1906633.4250756502,-54411.89,-2310327.350000001,-4.712e-05
2026-07-29 01:15:00 CST,1785258900000,73.95,73.98,73.75,73.8,252227.97,120312.62000000001,616819614.8816,-2105895.721292615,-11602.729999999981,-2321930.0800000015,-4.712e-05
2026-07-29 01:30:00 CST,1785259800000,73.8,73.8,73.51,73.61,284885.39,111916.11,614170561.635,-1748736.1312999725,-61053.16999999999,-2382983.2500000014,-4.712e-05
2026-07-29 01:45:00 CST,1785260700000,73.62,73.81,73.6,73.79,140866.61,78727.38,614055716.2347437,-7862.6174520254135,16588.149999999998,-2366395.1000000015,-4.712e-05
2026-07-29 02:00:00 CST,1785261600000,73.79,74.03,73.78,73.81,137123.56,79000.28,616109757.3403919,830326.527482152,20876.999999999996,-2345518.1000000015,-4.712e-05
2026-07-29 02:15:00 CST,1785262500000,73.81,73.92,73.78,73.81,55946.420000000006,26564.89,615212942.9064755,-147754.943051219,-2816.6399999999994,-2348334.7400000016,-4.712e-05
2026-07-29 02:30:00 CST,1785263400000,73.81,73.9,73.76,73.86,68860.12999999999,39721.36,615510277.851,354384.3669999838,10582.590000000002,-2337752.150000002,-4.712e-05
2026-07-29 02:45:00 CST,1785264300000,73.86,73.92,73.76,73.85,42244.350000000006,21785.42,615646769.67,-404551.9953508377,1326.4900000000016,-2336425.6600000015,-4.712e-05
2026-07-29 03:00:00 CST,1785265200000,73.85,73.99,73.84,73.9,52813.770000000004,25754.7,616736282.4961,663560.7385998964,-1304.3699999999963,-2337730.0300000017,-4.712e-05
2026-07-29 03:15:00 CST,1785266100000,73.9,74.0,73.79,74.0,85769.02,46581.17,616550444.8384,25319.810400009155,7393.320000000003,-2330336.7100000014,-4.712e-05
2026-07-29 03:30:00 CST,1785267000000,74.0,74.23,73.99,74.15,144254.49,95543.94,618579582.4008,1066444.0407999754,46833.39000000001,-2283503.3200000017,-4.712e-05
2026-07-29 03:45:00 CST,1785267900000,74.15,74.36,74.11,74.29,207857.28,100401.1,619764085.3705,1373439.6138718128,-7055.0799999999945,-2290558.4000000022,-4.712e-05
2026-07-29 04:00:00 CST,1785268800000,74.29,74.34,74.08,74.16,143111.32,69153.54,620829328.9631045,-857824.8120955229,-4804.240000000002,-2295362.6400000025,-4.712e-05
2026-07-29 04:15:00 CST,1785269700000,74.15,74.3,74.07,74.08,135165.37,67467.63,621273995.3121282,480571.2622203827,-230.11000000000604,-2295592.750000003,-4.712e-05
2026-07-29 04:30:00 CST,1785270600000,74.08,74.16,74.01,74.05,80301.15000000001,40456.880000000005,620299604.4955,-416277.2161999941,612.6100000000006,-2294980.140000003,-4.712e-05
2026-07-29 04:45:00 CST,1785271500000,74.05,74.06,73.97,74.01,65272.65,33237.17,620177157.8802,-568229.0963000059,1201.6899999999932,-2293778.450000003,-4.712e-05
2026-07-29 05:00:00 CST,1785272400000,74.01,74.14,73.96,74.06,116174.42000000001,66532.01000000001,619795487.631031,-499241.79506897926,16889.600000000002,-2276888.850000003,-4.712e-05
2026-07-29 05:15:00 CST,1785273300000,74.05,74.14,74.02,74.13,28679.379999999997,18682.46,619841945.8384938,544741.3348938227,8685.54,-2268203.310000003,-4.712e-05
2026-07-29 05:30:00 CST,1785274200000,74.13,74.3,74.06,74.28,98297.34999999999,60579.28,620237595.252525,219452.74832499027,22861.21000000001,-2245342.100000003,-4.712e-05
2026-07-29 05:45:00 CST,1785275100000,74.28,74.36,74.09,74.11,92739.73999999999,44752.72,620509505.6853249,-805717.3594946861,-3234.2999999999956,-2248576.4000000027,-4.712e-05
2026-07-29 06:00:00 CST,1785276000000,74.11,74.2,73.95,74.08,167128.99,59349.72,618225503.559376,-1729551.9053285122,-48429.54999999999,-2297005.950000003,-4.712e-05
2026-07-29 06:15:00 CST,1785276900000,74.08,74.15,73.93,73.94,63381.270000000004,30330.809999999998,617963244.84,-208489.40009999275,-2719.6500000000015,-2299725.600000003,-4.712e-05
2026-07-29 06:30:00 CST,1785277800000,73.94,73.94,73.71,73.74,120338.02,47021.17,615654313.9164455,-1743704.8997545242,-26295.68,-2326021.280000003,-4.712e-05
2026-07-29 06:45:00 CST,1785278700000,73.74,73.74,73.39,73.4,242693.84999999998,99002.89,611632564.3452848,-3597217.3295152187,-44688.07000000001,-2370709.350000003,-4.712e-05
2026-07-29 07:00:00 CST,1785279600000,73.41,73.44,73.21,73.39,213766.37,100437.5,609654124.705094,-2238331.5598059893,-12891.369999999988,-2383600.720000003,-4.712e-05
2026-07-29 07:15:00 CST,1785280500000,73.38,73.42,73.13,73.27,178354.32,73060.88,611156590.0553266,-997508.8151499033,-32232.560000000005,-2415833.280000003,-4.712e-05
2026-07-29 07:30:00 CST,1785281400000,73.28,73.62,73.26,73.58,195851.88000000003,112830.95,610992925.5590318,696379.2581213713,29810.019999999975,-2386023.2600000026,-4.712e-05
2026-07-29 07:45:00 CST,1785282300000,73.58,73.81,73.5,73.77,212077.52,116637.51,612464038.465061,1067094.4693889618,21197.499999999993,-2364825.7600000026,-4.712e-05
2026-07-29 08:00:00 CST,1785283200000,73.77,74.15,73.77,74.0,231773.42,131488.44,613889375.38,1356072.7503210306,31203.46,-2333622.3000000026,2.994e-05
2026-07-29 08:15:00 CST,1785284100000,74.0,74.14,73.84,73.92,140767.61,72045.18,612084013.8019396,-633934.9923391342,3322.7500000000036,-2330299.5500000026,2.994e-05
2026-07-29 08:30:00 CST,1785285000000,73.91,74.0,73.72,73.9,157648.19,63881.28,612349521.9324025,226049.60280251503,-29885.63,-2360185.1800000025,2.994e-05
2026-07-29 08:45:00 CST,1785285900000,73.9,74.07,73.72,73.75,76106.94,35058.64,612952999.3771,658383.4555000067,-5989.66,-2366174.8400000026,2.994e-05
2026-07-29 09:00:00 CST,1785286800000,73.74,73.76,73.48,73.52,122490.6,47560.5,610573589.1141,-1413635.3391000032,-27369.6,-2393544.4400000027,2.994e-05
2026-07-29 09:15:00 CST,1785287700000,73.52,73.77,73.44,73.66,92064.22,54099.42,611482635.9776,1842229.2039999962,16134.62,-2377409.8200000026,2.994e-05
2026-07-29 09:30:00 CST,1785288600000,73.67,73.7,73.38,73.42,110332.65,48835.03999999999,610541209.703847,-215429.9527529478,-12662.57,-2390072.3900000025,2.994e-05
2026-07-29 09:45:00 CST,1785289500000,73.43,73.43,73.18,73.24,137995.03,52379.0,608311983.632,-1744400.7038493156,-33237.030000000006,-2423309.4200000023,2.994e-05
2026-07-29 10:00:00 CST,1785290400000,73.24,73.37,73.02,73.31,169519.78,103336.9,609452718.6953472,1145565.761947155,37154.01999999999,-2386155.4000000022,2.994e-05
2026-07-29 10:15:00 CST,1785291300000,73.31,73.7,73.1,73.69,197215.77,131316.19,610214370.0678877,15706.917287707329,65416.61,-2320738.7900000024,2.994e-05
2026-07-29 10:30:00 CST,1785292200000,73.7,73.96,73.61,73.82,300042.05,152221.99,614911381.5042,705174.2408134937,4401.930000000015,-2316336.860000002,2.994e-05
2026-07-29 10:45:00 CST,1785293100000,73.83,73.83,73.57,73.66,82414.76000000001,41119.409999999996,613668663.7416,-672145.858199954,-175.9399999999987,-2316512.800000002,2.994e-05
2026-07-29 11:00:00 CST,1785294000000,73.66,73.72,73.41,73.54,83917.69,45020.66,614522236.6829615,990686.5109614134,6123.629999999997,-2310389.1700000023,2.994e-05
2026-07-29 11:15:00 CST,1785294900000,73.54,73.57,73.21,73.23,94241.19,41173.06,611966950.2265,-1174929.4918999672,-11895.070000000003,-2322284.240000002,2.994e-05
2026-07-29 11:30:00 CST,1785295800000,73.22,73.33,73.04,73.15,141411.91,77466.22,612153797.1745083,1413358.3303083181,13520.529999999999,-2308763.7100000023,2.994e-05
2026-07-29 11:45:00 CST,1785296700000,73.16,73.24,72.95,73.03,169154.06,63684.61,610850327.2344,-982919.5806808472,-41784.84000000001,-2350548.550000002,2.994e-05
2026-07-29 12:00:00 CST,1785297600000,73.04,73.26,72.66,73.0,515609.04000000004,260786.77,613280121.108184,2416583.1289839745,5964.500000000022,-2344584.050000002,2.994e-05
2026-07-29 12:15:00 CST,1785298500000,73.0,73.22,72.83,73.13,197573.06,115026.63,612199872.6152604,691177.9121464491,32480.199999999997,-2312103.850000002,2.994e-05
2026-07-29 12:30:00 CST,1785299400000,73.13,73.46,73.06,73.19,221155.96999999997,101696.66,613010680.1936802,749042.0324801207,-17762.64999999998,-2329866.500000002,2.994e-05
2026-07-29 12:45:00 CST,1785300300000,73.18,73.43,73.18,73.41,82774.29,43065.13,613365735.8416557,1292203.3456556797,3355.970000000001,-2326510.530000002,2.994e-05
2026-07-29 13:00:00 CST,1785301200000,73.41,73.57,73.37,73.54,143426.81,76771.22,613488465.9247774,-341707.00009179115,10115.630000000008,-2316394.9000000022,2.994e-05
2026-07-29 13:15:00 CST,1785302100000,73.54,73.54,73.3,73.49,108850.31,53170.11,612193309.4512324,-1258433.9987676144,-2510.090000000004,-2318904.990000002,2.994e-05
2026-07-29 13:30:00 CST,1785303000000,73.48,73.76,73.43,73.68,143037.93,71957.23000000001,613342428.426,927015.8759639263,876.5299999999988,-2318028.460000002,2.994e-05
2026-07-29 13:45:00 CST,1785303900000,73.68,73.75,73.63,73.64,75095.31,35797.11,612604821.5659101,381191.3515100479,-3501.090000000004,-2321529.5500000017,2.994e-05
2026-07-29 14:00:00 CST,1785304800000,73.64,73.69,73.48,73.64,114670.47,63935.39,610587742.4871327,-1186082.0632997751,13200.310000000001,-2308329.240000002,2.994e-05
2026-07-29 14:15:00 CST,1785305700000,73.64,73.98,73.59,73.96,159795.48,94485.34,613453368.9674639,924381.2399257421,29175.19999999999,-2279154.0400000024,2.994e-05
2026-07-29 14:30:00 CST,1785306600000,73.96,74.05,73.92,74.05,171658.44,82995.75,613426398.9181101,-1013796.3198899031,-5666.940000000002,-2284820.980000003,2.994e-05
2026-07-29 14:45:00 CST,1785307500000,74.05,74.06,73.95,74.04,81343.34,35068.740000000005,613912027.1133999,-327721.54960012436,-11205.859999999995,-2296026.8400000026,2.994e-05
2026-07-29 15:00:00 CST,1785308400000,74.04,74.07,73.94,74.01,69155.6,29804.25,613725318.1925745,-370926.63652551174,-9547.099999999997,-2305573.9400000027,2.994e-05
2026-07-29 15:15:00 CST,1785309300000,74.0,74.12,73.94,74.12,99031.86,45354.25,613889848.7285109,76659.57485032082,-8323.36,-2313897.3000000026,2.994e-05
2026-07-29 15:30:00 CST,1785310200000,74.11,74.14,73.96,74.02,78356.10999999999,23744.199999999997,613867695.1344,-1251739.6468000412,-30867.709999999995,-2344765.010000003,2.994e-05
2026-07-29 15:45:00 CST,1785311100000,74.02,74.25,73.96,74.21,134215.82,92094.74,614151227.34,29410.437600016594,49973.66,-2294791.350000003,2.994e-05
2026-07-29 16:00:00 CST,1785312000000,74.21,74.3,73.89,73.94,213026.80000000002,99500.71,614064969.7542,-1912173.5247000456,-14025.379999999997,-2308816.730000003,-8.2e-07
2026-07-29 16:15:00 CST,1785312900000,73.93,73.97,73.66,73.73,182404.22,65975.12,612003006.068404,-937274.3218723536,-50453.98000000001,-2359270.7100000028,-8.2e-07
2026-07-29 16:30:00 CST,1785313800000,73.73,74.11,73.68,74.08,173566.56,112705.08,610163611.6096581,235914.73205816746,51843.6,-2307427.110000002,-8.2e-07
2026-07-29 16:45:00 CST,1785314700000,74.09,74.2,73.87,73.9,108588.64,47970.69,610276580.7901964,-1715132.8487036228,-12647.260000000007,-2320074.370000002,-8.2e-07
2026-07-29 17:00:00 CST,1785315600000,73.91,74.01,73.87,73.99,72580.88,41599.79,610697439.4322038,729894.6032037735,10618.700000000003,-2309455.670000002,-8.2e-07
2026-07-29 17:15:00 CST,1785316500000,74.0,74.07,73.94,74.04,60566.61,32658.57,611966291.1396,560346.0722661018,4750.5300000000025,-2304705.140000002,-8.2e-07
2026-07-29 17:30:00 CST,1785317400000,74.05,74.29,74.04,74.11,100089.59999999999,54962.07,613116048.1421453,1268058.854945302,9834.540000000005,-2294870.6000000015,-8.2e-07
2026-07-29 17:45:00 CST,1785318300000,74.12,74.16,74.01,74.09,73595.98999999999,41733.94,612658317.9327164,62912.50496828556,9871.89,-2284998.7100000014,-8.2e-07
2026-07-29 18:00:00 CST,1785319200000,74.1,74.11,73.98,73.99,88080.27,42005.05,612296410.4628,27012.539318323135,-4070.1700000000073,-2289068.8800000018,-8.2e-07
2026-07-29 18:15:00 CST,1785320100000,73.99,74.07,73.96,73.97,56272.880000000005,36502.079999999994,612680574.27,1030843.6699999571,16731.28,-2272337.600000002,-8.2e-07
2026-07-29 18:30:00 CST,1785321000000,73.98,74.07,73.89,74.03,72724.13,35843.38,610777764.1890657,-1260896.4452495575,-1037.369999999999,-2273374.970000002,-8.2e-07
2026-07-29 18:45:00 CST,1785321900000,74.04,74.04,73.75,73.87,124720.15999999999,56183.82,610030052.8032,-1600614.276000023,-12352.52,-2285727.490000002,-8.2e-07
2026-07-29 19:00:00 CST,1785322800000,73.88,74.05,73.84,74.03,59554.91,31551.38,611516257.8318204,621697.8710203171,3547.8499999999985,-2282179.640000002,-8.2e-07
2026-07-29 19:15:00 CST,1785323700000,74.02,74.06,73.9,73.9,64205.009999999995,18710.52,610960664.2028,-716832.7081700563,-26783.969999999998,-2308963.610000002,-8.2e-07
2026-07-29 19:30:00 CST,1785324600000,73.91,73.94,73.79,73.82,47627.42,27465.44,609960753.1472,-408444.57607162,7303.459999999999,-2301660.1500000022,-8.2e-07
2026-07-29 19:45:00 CST,1785325500000,73.81,73.97,73.8,73.91,38422.52,24854.67,610221532.7825699,448709.0834187269,11286.82,-2290373.3300000024,-8.2e-07
2026-07-29 20:00:00 CST,1785326400000,73.91,73.92,73.74,73.75,77563.73999999999,28068.15,609416698.394,-888205.1835999489,-21427.440000000002,-2311800.7700000023,-8.2e-07
2026-07-29 20:15:00 CST,1785327300000,73.74,73.74,73.41,73.5,252065.81,114582.74,607375050.6448512,-2566460.061548829,-22900.33000000001,-2334701.1000000024,-8.2e-07
2026-07-29 20:30:00 CST,1785328200000,73.5,73.56,73.42,73.53,78495.84,47443.619999999995,606902923.5536,-351683.7794519663,16391.4,-2318309.7000000025,-8.2e-07
2026-07-29 20:45:00 CST,1785329100000,73.53,73.6,73.43,73.48,76122.15000000001,32284.69,607370718.4179244,-612.312375664711,-11552.770000000006,-2329862.4700000025,-8.2e-07
2026-07-29 21:00:00 CST,1785330000000,73.48,73.57,73.42,73.52,89738.73000000001,44788.92,607994354.6875582,753819.3835276365,-160.8899999999976,-2330023.3600000027,-8.2e-07
2026-07-29 21:15:00 CST,1785330900000,73.52,73.55,73.38,73.52,113838.91,58732.030000000006,606951136.4874,-1012200.7097998857,3625.150000000005,-2326398.2100000023,-8.2e-07
2026-07-29 21:30:00 CST,1785331800000,73.52,73.74,73.43,73.67,285651.44,161961.45,609185904.4326,1614731.1077424288,38271.46000000001,-2288126.750000003,-8.2e-07
2026-07-29 21:45:00 CST,1785332700000,73.67,73.71,73.3,73.69,278837.48,135470.74,609285477.21953,-1277923.8756719828,-7896.000000000015,-2296022.750000003,-8.2e-07
2026-07-29 22:00:00 CST,1785333600000,73.69,73.89,73.41,73.44,266673.77,121011.94999999998,610870197.3916196,-1117327.2488803864,-24649.870000000017,-2320672.6200000024,-8.2e-07
2026-07-29 22:15:00 CST,1785334500000,73.45,73.57,73.11,73.28,312394.77,165450.19,608242524.4336,-194855.2935000658,18505.61,-2302167.0100000026,-8.2e-07
2026-07-29 22:30:00 CST,1785335400000,73.28,73.42,73.04,73.14,239680.21000000002,128027.72,608235248.008,58437.432399988174,16375.229999999996,-2285791.7800000026,-8.2e-07
2026-07-29 22:45:00 CST,1785336300000,73.13,73.43,73.1,73.23,166657.66,86775.61000000002,610237892.5022018,1733039.4511831999,6893.560000000005,-2278898.2200000025,-8.2e-07
2026-07-29 23:00:00 CST,1785337200000,73.22,73.39,73.17,73.29,85872.2,41371.73,610663966.5269,1458292.3732806444,-3128.7400000000016,-2282026.9600000023,-8.2e-07
2026-07-29 23:15:00 CST,1785338100000,73.29,73.35,73.08,73.28,124151.02999999998,64077.240000000005,610236131.5425,191192.0012229681,4003.4500000000116,-2278023.510000002,-8.2e-07
2026-07-29 23:30:00 CST,1785339000000,73.27,73.42,73.09,73.11,127117.29000000001,56215.81,610399161.2446692,-422514.1850463152,-14685.669999999998,-2292709.180000002,-8.2e-07
2026-07-29 23:45:00 CST,1785339900000,73.1,73.19,72.93,73.08,266489.1,126004.66,609991527.508905,-434831.8870949745,-14479.780000000006,-2307188.960000002,-8.2e-07
2026-07-30 00:00:00 CST,1785340800000,73.08,73.12,72.91,73.06,172653.0,90156.37,611027608.3048,1309947.687920928,7659.739999999991,-2299529.2200000016,-3.76e-06
2026-07-30 00:15:00 CST,1785341700000,73.06,73.33,72.99,73.18,189692.39,109962.93000000001,611542481.5452,825730.8008949757,30233.47,-2269295.7500000014,-3.76e-06
2026-07-30 00:30:00 CST,1785342600000,73.18,73.22,72.88,72.96,283242.34,73834.65,609960107.5373485,-1048343.8109242916,-135573.04,-2404868.7900000014,-3.76e-06
2026-07-30 00:45:00 CST,1785343500000,72.95,73.25,72.92,73.24,140462.7,82279.23,608277142.1540878,2501722.7108877897,24095.76,-2380773.030000001,-3.76e-06
2026-07-30 01:00:00 CST,1785344400000,73.24,73.53,73.23,73.5,358426.47000000003,214275.72,608964112.5206617,-212687.72853827477,70124.96999999997,-2310648.0600000015,-3.76e-06
2026-07-30 01:15:00 CST,1785345300000,73.49,73.5,73.22,73.25,117822.21,48165.02,610925510.9832,-913570.1808704138,-21492.170000000002,-2332140.2300000014,-3.76e-06
2026-07-30 01:30:00 CST,1785346200000,73.24,73.36,73.13,73.35,109085.93000000001,66377.3,611834166.2860736,1002929.203110218,23668.669999999995,-2308471.5600000015,-3.76e-06
2026-07-30 01:45:00 CST,1785347100000,73.35,73.92,73.29,73.91,341135.38,191345.35,615851716.8,2454486.7484999895,41555.32000000001,-2266916.2400000016,-3.76e-06
2026-07-30 02:00:00 CST,1785348000000,73.91,74.39,73.85,74.06,1120649.13,544181.26,614647664.4194564,-2329352.3716732264,-32286.61000000003,-2299202.8500000015,-3.76e-06
2026-07-30 02:15:00 CST,1785348900000,74.05,74.13,73.75,73.87,292582.71,121784.59,614547120.5282514,332903.40685141087,-49013.530000000006,-2348216.3800000018,-3.76e-06
2026-07-30 02:30:00 CST,1785349800000,73.88,74.25,73.4,74.19,510161.22,269802.0,613705331.9673,1090479.1912121773,29442.78,-2318773.600000002,-3.76e-06
2026-07-30 02:45:00 CST,1785350700000,74.18,74.5,74.1,74.21,334863.81,155889.34,620646629.777731,3471653.1835308075,-23085.12999999999,-2341858.730000002,-3.76e-06
2026-07-30 03:00:00 CST,1785351600000,74.2,74.34,73.79,73.91,239784.81,114406.83,614987483.6318,-2706971.2384198904,-10971.149999999994,-2352829.8800000018,-3.76e-06
2026-07-30 03:15:00 CST,1785352500000,73.91,74.11,73.42,73.53,322099.14,160228.7,612773604.0762407,-2398169.2782593966,-1641.7399999999907,-2354471.620000002,-3.76e-06
2026-07-30 03:30:00 CST,1785353400000,73.52,73.62,73.21,73.3,234339.53999999998,118067.9,607527021.5791,-2880942.0816999674,1796.260000000002,-2352675.360000002,-3.76e-06
2026-07-30 03:45:00 CST,1785354300000,73.29,73.31,72.68,72.71,707363.9400000001,304119.52,606428072.9088,-1066737.5717999935,-99124.89999999997,-2451800.260000002,-3.76e-06
2026-07-30 04:00:00 CST,1785355200000,72.71,72.95,72.39,72.9,760203.36,357646.80999999994,606008175.2846,-207773.78499996662,-44909.73999999999,-2496710.0000000023,-3.76e-06
2026-07-30 04:15:00 CST,1785356100000,72.9,73.06,72.47,72.7,250914.59999999998,117344.75,608237328.863349,-719755.9986510277,-16225.100000000013,-2512935.1000000024,-3.76e-06
2026-07-30 04:30:00 CST,1785357000000,72.71,73.17,72.62,72.99,176233.63,96034.81,609823536.0959053,3470130.512705326,15835.990000000005,-2497099.110000002,-3.76e-06
2026-07-30 04:45:00 CST,1785357900000,72.98,73.03,72.56,72.6,129511.81,51778.89,607507588.0346,-1549705.1446000338,-25954.029999999995,-2523053.1400000025,-3.76e-06
2026-07-30 05:00:00 CST,1785358800000,72.61,72.72,72.26,72.71,508984.94,204183.24,604505162.4948162,-1189476.839507103,-100618.45999999999,-2623671.6000000024,-3.76e-06
2026-07-30 05:15:00 CST,1785359700000,72.71,72.93,72.54,72.91,138767.44,80643.54000000001,607328402.0452343,1281652.7808400393,22519.640000000007,-2601151.9600000023,-3.76e-06
2026-07-30 05:30:00 CST,1785360600000,72.91,73.07,72.86,72.99,179127.19999999998,92390.98999999999,609033927.4596,742360.5293878317,5654.779999999999,-2595497.180000002,-3.76e-06
2026-07-30 05:45:00 CST,1785361500000,72.99,73.14,72.84,73.14,152622.16,98451.76999999999,608225131.7463813,-232253.0375187397,44281.37999999999,-2551215.800000002,-3.76e-06
2026-07-30 06:00:00 CST,1785362400000,73.14,73.69,73.14,73.59,360914.4,226193.28999999998,614813939.2574574,5395151.963057399,91472.18,-2459743.6200000024,-3.76e-06
2026-07-30 06:15:00 CST,1785363300000,73.58,73.78,73.52,73.67,335797.51,148521.59999999998,624422467.0784,7802844.149552941,-38754.31000000001,-2498497.9300000025,-3.76e-06
2026-07-30 06:30:00 CST,1785364200000,73.67,73.69,73.47,73.62,107130.13999999998,49524.82,622530280.7624253,-1758402.2142362595,-8080.5,-2506578.4300000025,-3.76e-06
2026-07-30 06:45:00 CST,1785365100000,73.62,73.64,73.52,73.61,64334.78,25220.11,622627382.455,-794573.9029999971,-13894.560000000003,-2520472.990000003,-3.76e-06
2026-07-30 07:00:00 CST,1785366000000,73.6,73.62,73.38,73.41,145912.81,64794.34,622245910.6948365,-926303.8678178787,-16324.130000000005,-2536797.120000003,-3.76e-06
2026-07-30 07:15:00 CST,1785366900000,73.41,73.71,73.41,73.58,81439.41,38901.280000000006,622601523.7281071,1076545.284792304,-3636.8500000000004,-2540433.970000003,-3.76e-06
2026-07-30 07:30:00 CST,1785367800000,73.57,73.65,73.47,73.62,47513.78999999999,26169.5,622314133.7405,-300966.2339000702,4825.210000000003,-2535608.760000003,-3.76e-06
2026-07-30 07:45:00 CST,1785368700000,73.62,73.7,73.58,73.65,55524.869999999995,27277.57,623374221.005591,382937.23039102554,-969.7300000000014,-2536578.490000003,-3.76e-06
2026-07-30 08:00:00 CST,1785369600000,73.65,73.84,73.6,73.74,111221.6,48302.97,623481237.5316,474170.0135999918,-14615.659999999996,-2551194.150000003,2.21e-05
2026-07-30 08:15:00 CST,1785370500000,73.74,73.84,73.66,73.77,92141.8,45704.740000000005,623562150.8505243,504957.76893281937,-732.3199999999961,-2551926.470000003,2.21e-05
2026-07-30 08:30:00 CST,1785371400000,73.77,73.78,73.18,73.2,212388.82,80348.57,618666446.6961206,-4867851.643556118,-51691.68000000001,-2603618.150000003,2.21e-05
2026-07-30 08:45:00 CST,1785372300000,73.2,73.33,73.1,73.27,172198.88,82491.42000000001,618526357.8093615,940604.7213613987,-7216.040000000001,-2610834.1900000037,2.21e-05
2026-07-30 09:00:00 CST,1785373200000,73.28,73.74,73.23,73.4,217428.11000000002,99301.48,621745876.4291042,786304.5441042185,-18825.150000000005,-2629659.340000004,2.21e-05
2026-07-30 09:15:00 CST,1785374100000,73.41,73.67,73.36,73.61,98842.79000000001,57176.200000000004,622511442.4798303,2144089.3902561665,15509.610000000004,-2614149.730000004,2.21e-05
2026-07-30 09:30:00 CST,1785375000000,73.62,74.03,73.6,73.91,224151.62,128593.30000000002,622127082.2757385,515106.74673843384,33034.98000000001,-2581114.750000004,2.21e-05
2026-07-30 09:45:00 CST,1785375900000,73.92,74.18,73.89,73.99,154862.94,84199.84999999999,624290029.2469697,1689514.041568637,13536.760000000002,-2567577.990000004,2.21e-05
2026-07-30 10:00:00 CST,1785376800000,74.0,74.12,73.96,73.97,89790.12,43769.44,622439937.3999,-757972.9442000389,-2251.239999999996,-2569829.2300000037,2.21e-05
2026-07-30 10:15:00 CST,1785377700000,73.98,74.12,73.95,73.99,75549.7,40201.899999999994,623211633.61862,815039.3368200064,4854.0999999999985,-2564975.1300000036,2.21e-05
2026-07-30 10:30:00 CST,1785378600000,74.0,74.0,73.82,73.98,72888.28,31894.700000000004,622596176.4758,-455212.1641999483,-9098.879999999994,-2574074.0100000035,2.21e-05
2026-07-30 10:45:00 CST,1785379500000,73.99,74.0,73.78,73.81,56115.78999999999,20615.059999999998,622726007.6507063,-358301.40699374676,-14885.669999999998,-2588959.680000004,2.21e-05
2026-07-30 11:00:00 CST,1785380400000,73.81,73.96,73.69,73.8,59198.6,30970.55,621652897.6856,66934.59850001335,2742.499999999998,-2586217.180000004,2.21e-05
2026-07-30 11:15:00 CST,1785381300000,73.81,73.98,73.78,73.88,77560.0,49014.549999999996,622076301.8372,273205.45749771595,20469.099999999995,-2565748.080000004,2.21e-05
2026-07-30 11:30:00 CST,1785382200000,73.88,73.88,73.66,73.68,55023.5,23845.08,620440564.6643656,-2028556.9504343271,-7333.340000000002,-2573081.420000004,2.21e-05
2026-07-30 11:45:00 CST,1785383100000,73.68,73.76,73.62,73.68,70395.75,29504.15,620984536.7499233,633984.8626233339,-11387.450000000003,-2584468.8700000043,2.21e-05
2026-07-30 12:00:00 CST,1785384000000,73.68,73.71,73.55,73.58,72268.21,30526.86,620386668.6859792,-480372.5208207369,-11214.490000000003,-2595683.3600000045,2.21e-05
2026-07-30 12:15:00 CST,1785384900000,73.58,73.61,73.47,73.53,71109.51,45058.91,620204916.8902398,-5752.585881114006,19008.310000000005,-2576675.0500000045,2.21e-05
2026-07-30 12:30:00 CST,1785385800000,73.54,73.69,73.49,73.54,106916.20000000001,71236.07,620448106.4314,350476.13395404816,35555.939999999995,-2541119.1100000045,2.21e-05
2026-07-30 12:45:00 CST,1785386700000,73.54,73.61,73.46,73.48,58272.479999999996,27045.210000000003,619974005.9646,-425919.35302329063,-4182.059999999996,-2545301.1700000046,2.21e-05
2026-07-30 13:00:00 CST,1785387600000,73.48,73.55,73.38,73.49,86650.89000000001,42625.409999999996,618301218.963326,-519069.5917518139,-1400.0700000000033,-2546701.2400000044,2.21e-05
2026-07-30 13:15:00 CST,1785388500000,73.49,73.59,73.44,73.55,44205.84,25843.49,618076442.4472,-190232.2275748253,7481.139999999999,-2539220.1000000043,2.21e-05
2026-07-30 13:30:00 CST,1785389400000,73.55,73.84,73.53,73.74,91764.56,59675.44,618727169.7233773,195077.7463773489,27586.32,-2511633.7800000045,2.21e-05
2026-07-30 13:45:00 CST,1785390300000,73.74,73.82,73.57,73.66,68153.08,36973.43,617713106.4451942,-1330093.4298057556,5793.780000000001,-2505840.000000004,2.21e-05
2026-07-30 14:00:00 CST,1785391200000,73.66,73.73,73.57,73.6,40825.88,17088.07,617251048.2748476,-671156.2374523878,-6649.74,-2512489.7400000044,2.21e-05
2026-07-30 14:15:00 CST,1785392100000,73.6,73.67,73.48,73.65,69547.47,36087.61,617029861.1178,-103811.44690001011,2627.75,-2509861.9900000044,2.21e-05
2026-07-30 14:30:00 CST,1785393000000,73.66,73.67,73.55,73.61,36546.78,22429.199999999997,617635918.8514873,-518060.31118083,8311.619999999999,-2501550.370000005,2.21e-05
2026-07-30 14:45:00 CST,1785393900000,73.61,73.64,73.45,73.49,81435.8,42545.82,617695648.1433,-124381.07716453075,3655.8399999999965,-2497894.530000005,2.21e-05
2026-07-30 15:00:00 CST,1785394800000,73.5,73.78,73.48,73.7,124756.65000000001,88788.96,619139312.3924,1472197.2224000692,52821.270000000004,-2445073.260000005,2.21e-05
2026-07-30 15:15:00 CST,1785395700000,73.7,73.77,73.6,73.63,60464.340000000004,35023.45,619010435.496686,159474.4441359043,9582.559999999998,-2435490.700000005,2.21e-05
2026-07-30 15:30:00 CST,1785396600000,73.64,73.65,73.44,73.52,84834.54999999999,37614.740000000005,617377338.2296855,-920743.4060178995,-9605.069999999996,-2445095.770000005,2.21e-05
2026-07-30 15:45:00 CST,1785397500000,73.53,73.53,73.35,73.39,60101.86,25425.71,616515025.4388168,-623841.9971832037,-9250.440000000004,-2454346.210000005,2.21e-05
2026-07-30 16:00:00 CST,1785398400000,73.38,73.45,73.26,73.38,86087.18,44976.14,615151482.0313,-890852.7293000221,3865.100000000006,-2450481.110000005,8.517e-05
2026-07-30 16:15:00 CST,1785399300000,73.38,73.8,73.35,73.69,130512.66,88827.95999999999,617295223.3248,1759688.2865999937,47143.259999999995,-2403337.850000005,8.517e-05
2026-07-30 16:30:00 CST,1785400200000,73.69,73.76,73.6,73.74,63740.65000000001,26907.260000000002,617590891.934181,-695471.4268908501,-9926.130000000003,-2413263.980000005,8.517e-05
2026-07-30 16:45:00 CST,1785401100000,73.74,73.8,73.69,73.78,54781.17,27156.93,618954967.0615301,306198.99827325344,-467.3100000000013,-2413731.2900000047,8.517e-05
2026-07-30 17:00:00 CST,1785402000000,73.78,73.99,73.77,73.97,129670.97,79997.04000000001,621592151.2388,1756717.347265005,30323.11,-2383408.1800000044,8.517e-05
2026-07-30 17:15:00 CST,1785402900000,73.98,74.05,73.89,74.0,127568.55,61541.31,622864967.917463,562356.219162941,-4485.930000000004,-2387894.1100000045,8.517e-05
2026-07-30 17:30:00 CST,1785403800000,74.01,74.19,74.0,74.05,173497.96,109685.37,623974449.7121787,997309.7685302496,45872.780000000006,-2342021.3300000043,8.517e-05
2026-07-30 17:45:00 CST,1785404700000,74.06,74.11,73.97,74.02,100063.09,37286.89,623629898.9664,-305251.639095068,-25489.309999999998,-2367510.6400000043,8.517e-05
2026-07-30 18:00:00 CST,1785405600000,74.01,74.17,74.01,74.04,90491.49,44471.89000000001,624946112.5201478,1088191.6267478466,-1547.7099999999991,-2369058.3500000043,8.517e-05
2026-07-30 18:15:00 CST,1785406500000,74.03,74.1,74.02,74.04,61726.619999999995,21103.67,624067831.2456,64242.648562550545,-19519.28,-2388577.630000004,8.517e-05
2026-07-30 18:30:00 CST,1785407400000,74.05,74.09,74.0,74.08,69616.42,32125.149999999998,623439490.5564,-267141.8506000042,-5366.120000000004,-2393943.750000004,8.517e-05
2026-07-30 18:45:00 CST,1785408300000,74.07,74.09,73.79,73.87,137889.66999999998,42012.600000000006,620527883.22,-3528603.972000003,-53864.47000000001,-2447808.2200000044,8.517e-05
2026-07-30 19:00:00 CST,1785409200000,73.88,74.05,73.86,73.99,75097.09,40455.09,622056974.2192727,810693.0621727705,5813.089999999993,-2441995.1300000045,8.517e-05
2026-07-30 19:15:00 CST,1785410100000,73.99,74.1,73.95,74.04,64062.96000000001,35394.130000000005,622432440.518035,457353.64256966114,6725.299999999999,-2435269.8300000047,8.517e-05
2026-07-30 19:30:00 CST,1785411000000,74.04,74.15,73.98,74.1,76764.2,44164.71,622969573.4896231,467520.70426654816,11565.220000000003,-2423704.6100000045,8.517e-05
2026-07-30 19:45:00 CST,1785411900000,74.1,74.3,74.08,74.18,214339.25999999998,105603.93000000001,621776301.7278562,-1034608.999248147,-3131.3999999999796,-2426836.0100000044,8.517e-05
2026-07-30 20:00:00 CST,1785412800000,74.18,74.33,74.17,74.26,170535.83,93755.03,624236762.2033231,2195392.471638441,16974.23000000001,-2409861.7800000045,8.517e-05
2026-07-30 20:15:00 CST,1785413700000,74.25,74.27,74.08,74.14,149841.76,55594.27,625448122.516,1137614.3166054487,-38653.22,-2448515.000000004,8.517e-05
2026-07-30 20:30:00 CST,1785414600000,74.15,74.31,74.04,74.21,159757.19,76065.20999999999,625433344.304,423393.2310000658,-7626.770000000004,-2456141.770000004,8.517e-05
2026-07-30 20:45:00 CST,1785415500000,74.21,74.45,74.17,74.36,292312.39,180987.2,624774727.1666118,-263864.5251882076,69662.01000000001,-2386479.7600000044,8.517e-05
2026-07-30 21:00:00 CST,1785416400000,74.36,74.42,74.26,74.36,143828.22999999998,68417.09,624311770.5061328,85612.99243283272,-6994.049999999999,-2393473.8100000042,8.517e-05
2026-07-30 21:15:00 CST,1785417300000,74.36,74.36,74.22,74.23,101395.41,44093.91,623937690.4504,-410604.97759997845,-13207.589999999993,-2406681.400000004,8.517e-05
2026-07-30 21:30:00 CST,1785418200000,74.22,74.43,74.08,74.4,391651.6,220801.59,621768269.3572,-714096.1737999916,49951.579999999994,-2356729.8200000045,8.517e-05
2026-07-30 21:45:00 CST,1785419100000,74.4,74.89,74.37,74.64,645217.0800000001,389084.13,622268127.8587745,2035151.946774602,132951.17999999993,-2223778.6400000043,8.517e-05
2026-07-30 22:00:00 CST,1785420000000,74.64,74.75,74.34,74.41,362322.25,151605.44,616802546.0402,-4900413.795266628,-59111.37000000001,-2282890.0100000044,8.517e-05
2026-07-30 22:15:00 CST,1785420900000,74.41,74.67,74.25,74.59,328438.22,177443.54,617210113.7556,186395.60559999943,26448.86000000003,-2256441.1500000046,8.517e-05
2026-07-30 22:30:00 CST,1785421800000,74.6,74.72,74.54,74.69,211335.66999999998,110528.47,617816113.2414,1429695.7760455608,9721.269999999997,-2246719.8800000045,8.517e-05
2026-07-30 22:45:00 CST,1785422700000,74.68,74.75,74.46,74.59,186359.28999999998,92820.78,617489161.4974365,-941137.1409634352,-717.7299999999886,-2247437.610000005,8.517e-05
2026-07-30 23:00:00 CST,1785423600000,74.59,74.83,74.49,74.6,261176.16000000003,143797.81,620126913.633,3669268.307000041,26419.459999999977,-2221018.150000005,8.517e-05
2026-07-30 23:15:00 CST,1785424500000,74.6,74.84,74.45,74.48,233450.91999999998,87539.12,617967709.8755,358519.28537642956,-58372.67999999999,-2279390.8300000047,8.517e-05
2026-07-30 23:30:00 CST,1785425400000,74.48,74.62,74.43,74.55,120943.11,68235.15,613285962.66,211693.58639025688,15527.189999999995,-2263863.6400000043,8.517e-05
2026-07-30 23:45:00 CST,1785426300000,74.56,74.64,74.48,74.61,128397.26999999999,90015.7,614120736.2949,409427.45383930206,51634.12999999999,-2212229.510000004,8.517e-05
2026-07-31 00:00:00 CST,1785427200000,74.61,74.81,74.59,74.69,190042.99,101460.32,614054741.0864,21403.024865984917,12877.650000000001,-2199351.860000004,5.752e-05
2026-07-31 00:15:00 CST,1785428100000,74.69,74.77,74.63,74.68,202237.27000000002,91406.51,613195756.4090639,-105832.03663611412,-19424.250000000007,-2218776.110000004,5.752e-05
2026-07-31 00:30:00 CST,1785429000000,74.69,74.71,74.42,74.42,125785.70999999999,44638.53,612804595.0149,-935499.1454977989,-36508.649999999994,-2255284.7600000044,5.752e-05
2026-07-31 00:45:00 CST,1785429900000,74.42,74.6,74.42,74.54,90811.66,59578.59,610768784.4036,914674.3250999451,28345.519999999993,-2226939.240000005,5.752e-05
2026-07-31 01:00:00 CST,1785430800000,74.55,74.62,74.38,74.45,101411.83,43162.95,610299958.5581,-441619.8571227789,-15085.929999999997,-2242025.170000005,5.752e-05
2026-07-31 01:15:00 CST,1785431700000,74.45,74.61,74.43,74.53,65720.34,40444.53,610697737.075522,1136358.733910203,15168.719999999998,-2226856.4500000053,5.752e-05
2026-07-31 01:30:00 CST,1785432600000,74.53,74.77,74.46,74.73,109882.87,63022.780000000006,610923740.0274824,516724.2495108843,16162.69000000001,-2210693.760000005,5.752e-05
2026-07-31 01:45:00 CST,1785433500000,74.73,74.86,74.65,74.73,143945.58,71733.62999999999,612500509.4832,-66200.72212278843,-478.32000000001426,-2211172.080000005,5.752e-05
2026-07-31 02:00:00 CST,1785434400000,74.72,74.95,74.71,74.73,156774.19,92006.1,614172265.5982293,1383798.760929346,27238.01000000001,-2183934.070000005,5.752e-05
2026-07-31 02:15:00 CST,1785435300000,74.72,74.79,74.64,74.69,124034.88,59839.96,612565906.095,-227921.06144571304,-4354.959999999991,-2188289.0300000054,5.752e-05
2026-07-31 02:30:00 CST,1785436200000,74.7,74.72,74.51,74.56,69794.93,28018.92,609940888.7115747,-2167304.219568372,-13757.089999999998,-2202046.1200000052,5.752e-05
2026-07-31 02:45:00 CST,1785437100000,74.57,74.6,74.45,74.48,60139.36,29436.510000000002,609056354.5253863,-757468.2108136415,-1266.3400000000001,-2203312.460000005,5.752e-05
2026-07-31 03:00:00 CST,1785438000000,74.48,74.74,74.48,74.7,71661.76000000001,43151.33,610550404.0856,1336213.4850788116,14640.900000000001,-2188671.560000005,5.752e-05
2026-07-31 03:15:00 CST,1785438900000,74.7,74.72,74.59,74.65,65412.70999999999,33268.71,610355944.3053256,-392177.2333743572,1124.7100000000028,-2187546.850000005,5.752e-05
2026-07-31 03:30:00 CST,1785439800000,74.65,74.66,74.55,74.62,71209.45000000001,40541.86,610432412.952,-474292.36812984943,9874.269999999995,-2177672.580000005,5.752e-05
2026-07-31 03:45:00 CST,1785440700000,74.62,74.81,74.5,74.75,177101.24,106077.59000000001,610764749.5159011,-368592.9695299864,35053.94000000001,-2142618.6400000053,5.752e-05
2026-07-31 04:00:00 CST,1785441600000,74.75,74.89,74.61,74.61,184334.75999999998,98711.59,610808188.7121,-777280.1230295897,13088.420000000002,-2129530.2200000053,5.752e-05
2026-07-31 04:15:00 CST,1785442500000,74.62,74.67,74.53,74.55,65879.51000000001,36910.34,610447398.9408,221229.72532474995,7941.170000000002,-2121589.0500000054,5.752e-05
2026-07-31 04:30:00 CST,1785443400000,74.55,74.62,74.43,74.53,149272.16,95153.26999999999,609498853.444713,-127319.73376309872,41034.37999999999,-2080554.6700000055,5.752e-05
2026-07-31 04:45:00 CST,1785444300000,74.54,74.56,74.4,74.45,34747.37,16692.86,609145700.085,-735300.7343999147,-1361.6500000000015,-2081916.3200000054,5.752e-05
2026-07-31 05:00:00 CST,1785445200000,74.45,74.58,74.42,74.5,97573.27,57755.520000000004,609210055.2304338,123715.40203380585,17937.77,-2063978.5500000054,5.752e-05
2026-07-31 05:15:00 CST,1785446100000,74.49,74.56,74.4,74.43,44463.89,24782.43,607558040.8172,-321286.65280008316,5100.969999999999,-2058877.5800000054,5.752e-05
2026-07-31 05:30:00 CST,1785447000000,74.43,74.54,74.42,74.46,46648.0,32422.329999999998,607673697.3299654,474555.96386539936,18196.66,-2040680.9200000055,5.752e-05
2026-07-31 05:45:00 CST,1785447900000,74.47,74.53,74.4,74.46,40111.56,17253.96,607355330.3966,-287822.2207417488,-5603.639999999999,-2046284.5600000054,5.752e-05
2026-07-31 06:00:00 CST,1785448800000,74.46,74.75,74.37,74.67,186203.28,89208.65000000001,610541605.1683,2623803.3499000072,-7785.980000000003,-2054070.5400000054,5.752e-05
2026-07-31 06:15:00 CST,1785449700000,74.68,74.86,74.65,74.82,90228.39,52296.44,612005326.3293,1141881.8751256466,14364.489999999998,-2039706.0500000054,5.752e-05
2026-07-31 06:30:00 CST,1785450600000,74.83,74.85,74.7,74.81,86565.37,48959.270000000004,613306600.043,-284973.4812999964,11353.170000000002,-2028352.8800000052,5.752e-05
2026-07-31 06:45:00 CST,1785451500000,74.8,74.83,74.69,74.71,31851.260000000002,9873.240000000002,612858156.0864,-620470.1414999962,-12104.779999999999,-2040457.6600000053,5.752e-05
2026-07-31 07:00:00 CST,1785452400000,74.72,74.74,74.65,74.73,58500.380000000005,28926.8,612360044.065,-182935.625587821,-646.7800000000025,-2041104.4400000053,5.752e-05
2026-07-31 07:15:00 CST,1785453300000,74.73,74.74,74.62,74.64,25784.04,9867.31,612412890.9745,-437930.7839000225,-6049.42,-2047153.8600000052,5.752e-05
2026-07-31 07:30:00 CST,1785454200000,74.65,74.96,74.62,74.69,394522.44999999995,249331.63,613853139.396,1616877.360499978,104140.81000000006,-1943013.0500000052,5.752e-05
2026-07-31 07:45:00 CST,1785455100000,74.68,74.7,74.42,74.46,286825.68000000005,110894.78,615509117.0601892,-2979345.3494107723,-65036.120000000024,-2008049.1700000053,5.752e-05
2026-07-31 08:00:00 CST,1785456000000,74.46,74.62,74.46,74.57,157948.97,72124.85,616395374.309692,1078750.2677919865,-13699.269999999997,-2021748.440000005,9.768e-05
2026-07-31 08:15:00 CST,1785456900000,74.57,74.58,74.45,74.53,103332.70999999999,61761.600000000006,617545310.1091031,359975.910703063,20190.490000000005,-2001557.9500000048,9.768e-05
2026-07-31 08:30:00 CST,1785457800000,74.53,74.6,74.41,74.5,72991.20000000001,37753.73,617249826.6614727,-559446.4394618273,2516.260000000002,-1999041.6900000046,9.768e-05
2026-07-31 08:45:00 CST,1785458700000,74.5,74.52,74.4,74.46,45403.87,23517.25,616158427.176,-1284445.17900002,1630.630000000001,-1997411.0600000047,9.768e-05
2026-07-31 09:00:00 CST,1785459600000,74.46,75.28,74.46,75.19,614099.28,376617.83,619700909.4752,3001794.307966113,139136.38,-1858274.6800000048,9.768e-05
2026-07-31 09:15:00 CST,1785460500000,75.19,75.19,74.85,75.07,246341.97999999998,109921.43,620598422.3902248,-1285557.4975751638,-26499.120000000003,-1884773.8000000047,9.768e-05
2026-07-31 09:30:00 CST,1785461400000,75.08,75.08,74.7,74.72,153330.15,70026.57,617986947.0439,-3245527.0266616344,-13277.009999999998,-1898050.8100000047,9.768e-05
2026-07-31 09:45:00 CST,1785462300000,74.73,74.77,74.25,74.36,399212.24,188373.90000000002,613617126.2588894,-3211687.0371952057,-22464.440000000017,-1920515.250000005,9.768e-05
2026-07-31 10:00:00 CST,1785463200000,74.36,74.53,74.3,74.31,188533.14,90827.68,614146174.7724,976827.2748837471,-6877.78000000001,-1927393.030000005,9.768e-05
2026-07-31 10:15:00 CST,1785464100000,74.31,74.32,74.15,74.18,188573.01,81561.33,609798606.7896,-2688474.045300007,-25450.350000000006,-1952843.380000005,9.768e-05
2026-07-31 10:30:00 CST,1785465000000,74.18,74.27,74.04,74.06,176503.35,90434.18,609433205.1666337,-495267.82876622677,4365.010000000002,-1948478.370000005,9.768e-05
2026-07-31 10:45:00 CST,1785465900000,74.06,74.2,74.04,74.11,108764.88,51308.28,610217670.1176,1386108.3541101217,-6148.320000000007,-1954626.690000005,9.768e-05
2026-07-31 11:00:00 CST,1785466800000,74.11,74.12,73.83,73.98,256948.06,97495.1,609089722.8879724,-1143925.323227644,-61957.85999999999,-2016584.550000005,9.768e-05
2026-07-31 11:15:00 CST,1785467700000,73.98,74.33,73.91,74.17,156938.45,93806.55,610595973.6576,1639966.0362000465,30674.649999999994,-1985909.900000005,9.768e-05
2026-07-31 11:30:00 CST,1785468600000,74.18,74.22,74.05,74.14,73571.41,38850.57,609037807.5745,-285111.744500041,4129.729999999994,-1981780.1700000048,9.768e-05
2026-07-31 11:45:00 CST,1785469500000,74.13,74.24,74.08,74.11,81061.75,51194.57000000001,610291039.4767145,757994.4855145216,21327.390000000007,-1960452.7800000047,9.768e-05
2026-07-31 12:00:00 CST,1785470400000,74.1,74.12,73.93,73.98,123414.76999999999,71445.87,609935379.8613976,120657.73891735077,19476.970000000005,-1940975.8100000047,9.768e-05
2026-07-31 12:15:00 CST,1785471300000,73.98,74.0,73.7,73.81,212818.52000000002,90584.54,605955637.8384297,-2819982.709826827,-31649.44000000001,-1972625.2500000047,9.768e-05
2026-07-31 12:30:00 CST,1785472200000,73.8,73.84,73.7,73.75,101309.56,61550.07,606068130.8,-646485.7245000601,21790.58,-1950834.6700000046,9.768e-05
2026-07-31 12:45:00 CST,1785473100000,73.75,73.85,73.69,73.79,186193.38,115266.68,606305674.6998,-20306.07139992714,44339.97999999999,-1906494.6900000044,9.768e-05
2026-07-31 13:00:00 CST,1785474000000,73.79,74.08,73.79,74.08,259469.83000000002,123765.43999999999,609283102.115,1882898.3757734299,-11938.950000000019,-1918433.6400000043,9.768e-05
2026-07-31 13:15:00 CST,1785474900000,74.07,74.29,74.04,74.13,168881.82,89519.56,611023068.506165,1489983.0933650732,10157.299999999992,-1908276.3400000045,9.768e-05
2026-07-31 13:30:00 CST,1785475800000,74.14,74.22,74.02,74.05,143807.91,61014.270000000004,610701122.7838988,622435.5215787888,-21779.369999999995,-1930055.7100000044,9.768e-05
2026-07-31 13:45:00 CST,1785476700000,74.05,74.21,74.03,74.2,52106.649999999994,28195.879999999997,609955529.3496,835869.6383999586,4285.109999999997,-1925770.6000000043,9.768e-05
2026-07-31 14:00:00 CST,1785477600000,74.21,74.39,74.15,74.31,123466.48,61367.729999999996,611127101.6817,755925.2205827236,-731.0200000000023,-1926501.6200000043,9.768e-05
2026-07-31 14:15:00 CST,1785478500000,74.31,74.42,74.25,74.42,143347.48,80522.94,610650778.606,-91692.46877455711,17698.4,-1908803.2200000042,9.768e-05
2026-07-31 14:30:00 CST,1785479400000,74.41,74.51,74.08,74.09,263129.37,124382.12,609840310.4208273,-1949503.8649727106,-14365.129999999997,-1923168.3500000043,9.768e-05
2026-07-31 14:45:00 CST,1785480300000,74.1,74.18,73.97,74.06,147742.66999999998,73141.71,606903370.860157,14353.854402303696,-1459.2499999999927,-1924627.6000000043,9.768e-05
2026-07-31 15:00:00 CST,1785481200000,74.06,74.06,73.62,73.74,348757.38,154994.2,605130877.7698424,-1276093.9381575584,-38768.979999999996,-1963396.5800000043,9.768e-05
2026-07-31 15:15:00 CST,1785482100000,73.75,73.81,73.5,73.5,247206.05,102248.37,601972328.8358,-2305696.239199996,-42709.310000000005,-2006105.8900000043,9.768e-05
2026-07-31 15:30:00 CST,1785483000000,73.5,73.68,73.46,73.63,173183.79,87773.95999999999,603520293.304426,687501.8092259169,2364.1299999999974,-2003741.7600000042,9.768e-05
2026-07-31 15:45:00 CST,1785483900000,73.63,73.73,73.63,73.64,120825.51000000001,70726.32,604498862.9147347,900566.9015346766,20627.129999999997,-1983114.630000004,9.768e-05
2026-07-31 16:00:00 CST,1785484800000,73.65,73.74,73.57,73.7,133718.88,68307.04000000001,603703943.9859179,-22450.716844439507,2895.199999999997,-1980219.4300000041,4.606e-05
2026-07-31 16:15:00 CST,1785485700000,73.71,73.75,73.58,73.7,72757.86,41267.770000000004,603980354.6205,-492656.38499999046,9777.679999999997,-1970441.7500000042,4.606e-05
2026-07-31 16:30:00 CST,1785486600000,73.7,73.7,73.49,73.6,85964.77,40764.88,603474050.58,-1445503.3729999065,-4435.0100000000075,-1974876.7600000042,4.606e-05
2026-07-31 16:45:00 CST,1785487500000,73.6,73.77,73.57,73.62,117918.03,63489.65000000001,605910706.0922254,959823.4682254791,9061.27,-1965815.4900000042,4.606e-05
2026-07-31 17:00:00 CST,1785488400000,73.63,73.67,73.57,73.63,79170.36,26584.269999999997,604864980.9913379,-829941.3288625479,-26001.82,-1991817.310000004,4.606e-05
2026-07-31 17:15:00 CST,1785489300000,73.63,73.63,73.41,73.45,144420.1,43878.23,601637176.0630708,-2653696.1282292604,-56663.64,-2048480.950000004,4.606e-05
2026-07-31 17:30:00 CST,1785490200000,73.45,73.52,73.35,73.47,217033.27,98345.60999999999,599225686.4586786,-1897589.9203641415,-20342.050000000007,-2068823.000000004,4.606e-05
2026-07-31 17:45:00 CST,1785491100000,73.46,73.56,73.41,73.44,67214.68000000001,45455.55,600099379.8069,600846.1512203217,23696.42,-2045126.5800000038,4.606e-05
2026-07-31 18:00:00 CST,1785492000000,73.45,73.53,73.25,73.5,181093.31,86287.38,600579283.92,507869.47010087967,-8518.550000000003,-2053645.1300000038,4.606e-05
2026-07-31 18:15:00 CST,1785492900000,73.5,73.62,73.46,73.58,95500.77,59599.56999999999,601199693.0237527,489855.2261801958,23698.369999999995,-2029946.7600000037,4.606e-05
2026-07-31 18:30:00 CST,1785493800000,73.58,73.62,73.48,73.54,137578.95,66511.3,601466836.235081,385240.3873221874,-4556.350000000006,-2034503.1100000038,4.606e-05
2026-07-31 18:45:00 CST,1785494700000,73.54,73.6,73.46,73.52,78441.41,48122.350000000006,602631208.346063,171335.43746304512,17803.29,-2016699.8200000038,4.606e-05
2026-07-31 19:00:00 CST,1785495600000,73.52,73.69,73.51,73.53,106096.04999999999,58683.99,603403152.6678456,748588.0875456333,11271.929999999998,-2005427.8900000039,4.606e-05
2026-07-31 19:15:00 CST,1785496500000,73.54,73.66,73.44,73.55,77370.44,41234.229999999996,604439544.2966936,1549562.6978936195,5098.020000000002,-2000329.8700000038,4.606e-05
2026-07-31 19:30:00 CST,1785497400000,73.55,73.56,73.44,73.45,58089.58,23363.58,602914143.4835995,-703519.0346200466,-11362.420000000002,-2011692.2900000038,4.606e-05
2026-07-31 19:45:00 CST,1785498300000,73.45,73.54,73.43,73.52,47552.31,28551.35,603871550.4087561,994621.1706163883,9550.389999999998,-2002141.9000000039,4.606e-05
2026-07-31 20:00:00 CST,1785499200000,73.52,73.55,73.34,73.43,113105.09999999999,38441.64,602949071.8344,-732281.1071999073,-36221.82,-2038363.720000004,4.606e-05
2026-07-31 20:15:00 CST,1785500100000,73.43,73.61,73.39,73.56,77394.27,41597.33,604217046.6408,628191.7464283705,5800.389999999992,-2032563.330000004,4.606e-05
2026-07-31 20:30:00 CST,1785501000000,73.57,73.57,73.38,73.44,141178.52,54166.91,604041233.7284532,-213759.4665697813,-32844.700000000004,-2065408.030000004,4.606e-05
2026-07-31 20:45:00 CST,1785501900000,73.44,73.6,73.42,73.58,83754.04,36036.57,603923510.8937227,-122573.6043343544,-11680.899999999998,-2077088.9300000041,4.606e-05
2026-07-31 21:00:00 CST,1785502800000,73.59,73.71,73.58,73.66,81571.11,45368.09,604656876.488,41806.27450323105,9165.06999999999,-2067923.860000004,4.606e-05
2026-07-31 21:15:00 CST,1785503700000,73.67,73.78,73.66,73.77,133342.40999999997,79756.26000000001,605996851.425,1087555.5055999756,26170.110000000008,-2041753.7500000042,4.606e-05
2026-07-31 21:30:00 CST,1785504600000,73.77,73.78,73.35,73.35,322254.61,130905.16,604966824.0492,-1471474.3952999115,-60444.29,-2102198.040000004,4.606e-05
2026-07-31 21:45:00 CST,1785505500000,73.35,73.44,73.13,73.25,520479.68,256963.3,600872568.6908,-2638181.107192874,-6553.079999999973,-2108751.120000004,4.606e-05
2026-07-31 22:00:00 CST,1785506400000,73.25,73.48,72.75,73.46,1127730.89,556277.49,600002381.3192674,-2996425.3027079105,-15175.910000000003,-2123927.030000004,4.606e-05
2026-07-31 22:15:00 CST,1785507300000,73.46,73.67,73.22,73.28,738931.2000000001,295676.62,603391926.795,-509842.2955067158,-147577.95999999996,-2271504.990000004,4.606e-05
2026-07-31 22:30:00 CST,1785508200000,73.27,73.33,72.86,72.95,434392.77,238499.78000000003,600919756.43423,-111797.64257001877,42606.78999999999,-2228898.200000004,4.606e-05
2026-07-31 22:45:00 CST,1785509100000,72.96,73.15,72.79,73.01,377790.68,172329.51,601303759.4960676,-46140.919678092,-33131.66,-2262029.860000004,4.606e-05
2026-07-31 23:00:00 CST,1785510000000,73.01,73.05,72.84,72.95,245651.29,129816.03,602962706.3924,-489778.0776000023,13980.769999999997,-2248049.090000004,4.606e-05
2026-07-31 23:15:00 CST,1785510900000,72.95,73.09,72.83,72.93,156098.9,78009.45999999999,604614281.1329048,-251077.87599527836,-79.9800000000032,-2248129.0700000045,4.606e-05
2026-07-31 23:30:00 CST,1785511800000,72.94,73.19,72.86,73.04,269149.93,155290.41,606922683.359631,1830006.899765253,41430.89,-2206698.180000005,4.606e-05
2026-07-31 23:45:00 CST,1785512700000,73.05,73.12,72.89,73.06,100240.2,52243.36,611128392.7515,1494611.138626337,4246.520000000004,-2202451.6600000053,4.606e-05
2026-08-01 00:00:00 CST,1785513600000,73.05,73.26,73.04,73.11,159427.8,79234.29000000001,611706746.7108,1087747.0732063055,-959.2199999999939,-2203410.880000005,3.736e-05
2026-08-01 00:15:00 CST,1785514500000,73.11,73.21,72.95,73.19,132244.81,54356.4,611389623.8036977,1391177.9687976837,-23532.010000000006,-2226942.8900000053,3.736e-05
2026-08-01 00:30:00 CST,1785515400000,73.19,73.2,73.02,73.1,89553.42,40426.009999999995,611457703.026,-1060255.296399951,-8701.399999999998,-2235644.290000005,3.736e-05
2026-08-01 00:45:00 CST,1785516300000,73.1,73.31,73.1,73.27,91262.64,43971.61,612508823.2617,1181405.4773831367,-3319.4199999999983,-2238963.710000005,3.736e-05
2026-08-01 01:00:00 CST,1785517200000,73.27,73.32,73.14,73.27,104322.61,54953.89,611699880.9,-1068987.984928012,5585.169999999998,-2233378.540000005,3.736e-05
2026-08-01 01:15:00 CST,1785518100000,73.27,73.36,73.2,73.3,98817.73999999999,53856.27,611957427.2324,-242543.31480002403,8894.799999999996,-2224483.740000005,3.736e-05
2026-08-01 01:30:00 CST,1785519000000,73.29,73.41,73.24,73.29,152093.68,90422.70999999999,612504402.6727,369493.6874893904,28751.739999999987,-2195732.000000005,3.736e-05
2026-08-01 01:45:00 CST,1785519900000,73.29,73.42,73.29,73.34,83259.25,39647.53999999999,612707197.617,397228.2732000351,-3964.170000000002,-2199696.170000005,3.736e-05
2026-08-01 02:00:00 CST,1785520800000,73.34,73.46,73.25,73.27,86585.71,31043.39,613324145.8722,265732.0886000395,-24498.93,-2224195.1000000047,3.736e-05
2026-08-01 02:15:00 CST,1785521700000,73.28,73.43,73.17,73.18,90294.63,31942.280000000002,613205830.3724797,588636.4955099821,-26410.07,-2250605.1700000046,3.736e-05
2026-08-01 02:30:00 CST,1785522600000,73.18,73.19,72.9,73.04,136426.03,56533.64,609629356.6060363,-2099389.2230340242,-23358.75,-2273963.9200000046,3.736e-05
2026-08-01 02:45:00 CST,1785523500000,73.04,73.2,73.01,73.08,81735.75,36477.01,612833454.3272,1605309.2927000523,-8781.729999999996,-2282745.650000004,3.736e-05
2026-08-01 03:00:00 CST,1785524400000,73.08,73.17,73.0,73.07,52017.36,23786.100000000002,612690023.1441,346002.001142025,-4445.159999999996,-2287190.8100000042,3.736e-05
2026-08-01 03:15:00 CST,1785525300000,73.06,73.08,72.91,72.97,74988.35,29659.300000000003,612086550.5594,-593635.9013000727,-15669.749999999996,-2302860.5600000042,3.736e-05
2026-08-01 03:30:00 CST,1785526200000,72.98,73.05,72.88,73.05,81597.51000000001,45058.47,612787653.0252,275935.77540004253,8519.429999999997,-2294341.130000004,3.736e-05
2026-08-01 03:45:00 CST,1785527100000,73.04,73.26,73.03,73.05,172169.73,86047.69,614055525.312,149629.52700006962,-74.35000000000946,-2294415.480000004,3.736e-05
2026-08-01 04:00:00 CST,1785528000000,73.05,73.2,73.04,73.08,103789.48999999999,55106.78,613832306.4355831,546504.9359955788,6424.070000000007,-2287991.4100000043,3.736e-05
2026-08-01 04:15:00 CST,1785528900000,73.08,73.15,73.04,73.08,40948.42,19301.379999999997,614114865.7659963,-178495.7470036745,-2345.659999999999,-2290337.0700000045,3.736e-05
2026-08-01 04:30:00 CST,1785529800000,73.09,73.09,72.93,72.97,113317.44,50364.81,613612864.7063091,-1048165.8190909624,-12587.820000000007,-2302924.890000005,3.736e-05
2026-08-01 04:45:00 CST,1785530700000,72.97,73.02,72.9,72.92,128856.32999999999,50022.65000000001,613507598.9033,-215102.06169998646,-28811.03,-2331735.9200000046,3.736e-05
2026-08-01 05:00:00 CST,1785531600000,72.93,73.03,72.84,73.03,47517.21000000001,26131.57,613285616.994275,358164.88027501106,4745.9299999999985,-2326989.9900000044,3.736e-05
2026-08-01 05:15:00 CST,1785532500000,73.02,73.07,72.96,72.99,37530.270000000004,20652.32,613281759.0367,-91645.34700000286,3774.369999999999,-2323215.6200000043,3.736e-05
2026-08-01 05:30:00 CST,1785533400000,73.0,73.02,72.92,73.0,46761.28,28647.27,613397621.2932,446177.53320002556,10533.26,-2312682.3600000045,3.736e-05
2026-08-01 05:45:00 CST,1785534300000,73.0,73.05,72.52,72.69,289421.56,100803.28,612501787.0384,-788542.8067522049,-87815.00000000001,-2400497.3600000045,3.736e-05
2026-08-01 06:00:00 CST,1785535200000,72.69,72.88,72.63,72.8,170251.05,77469.36,612891913.4647,636036.2767000198,-15312.330000000005,-2415809.6900000046,3.736e-05
2026-08-01 06:15:00 CST,1785536100000,72.8,72.85,72.78,72.84,49479.79,24959.04,612891266.0288,222770.3641283512,438.2900000000009,-2415371.4000000046,3.736e-05
2026-08-01 06:30:00 CST,1785537000000,72.83,72.92,72.81,72.89,52139.15,30452.270000000004,612501769.8051,-429512.0984996557,8765.390000000001,-2406606.0100000044,3.736e-05
2026-08-01 06:45:00 CST,1785537900000,72.9,72.91,72.81,72.81,54349.59,17754.39,613157663.6389043,217363.0093766451,-18840.809999999998,-2425446.820000004,3.736e-05
2026-08-01 07:00:00 CST,1785538800000,72.81,72.93,72.81,72.88,50148.36,18655.89,613641511.8815156,709733.1739156246,-12836.580000000002,-2438283.4000000036,3.736e-05
2026-08-01 07:15:00 CST,1785539700000,72.88,72.94,72.85,72.87,34468.94,21397.04,613235935.7536,366927.1967999935,8325.14,-2429958.2600000035,3.736e-05
2026-08-01 07:30:00 CST,1785540600000,72.87,72.91,72.81,72.85,53560.549999999996,21781.559999999998,613526164.5500741,181473.56531989574,-9997.429999999998,-2439955.6900000037,3.736e-05
2026-08-01 07:45:00 CST,1785541500000,72.85,72.87,72.76,72.83,87860.43999999999,40385.29,612831407.2220097,-740537.681990385,-7089.859999999997,-2447045.5500000035,3.736e-05
2026-08-01 08:00:00 CST,1785542400000,72.83,72.96,72.83,72.92,74162.18,40717.41,614105515.9668,723315.4715999365,7272.639999999998,-2439772.9100000034,0.0001
2026-08-01 08:15:00 CST,1785543300000,72.91,73.0,72.87,72.96,59781.16,36327.1,614028237.8802,418279.7380783558,12873.039999999997,-2426899.8700000034,0.0001
2026-08-01 08:30:00 CST,1785544200000,72.96,73.03,72.91,73.01,73416.32,38131.44,614558146.7672215,-74020.53467857838,2846.5599999999977,-2424053.3100000033,0.0001
2026-08-01 08:45:00 CST,1785545100000,73.02,73.12,72.92,72.98,99886.87,56397.71,614686679.7022557,114764.59245610237,12908.549999999996,-2411144.760000003,0.0001
2026-08-01 09:00:00 CST,1785546000000,72.99,73.07,72.98,73.06,64897.74,37235.259999999995,614979822.8997138,476238.853913784,9572.780000000002,-2401571.9800000032,0.0001
2026-08-01 09:15:00 CST,1785546900000,73.07,73.11,73.01,73.05,64629.19,33465.13,614857742.3985,35644.49526691437,2301.069999999996,-2399270.910000003,0.0001
2026-08-01 09:30:00 CST,1785547800000,73.06,73.07,73.01,73.03,33626.130000000005,15056.49,614765297.841439,-223922.31688547134,-3513.1500000000015,-2402784.0600000033,0.0001
2026-08-01 09:45:00 CST,1785548700000,73.04,73.05,72.95,73.02,79900.28,37830.8,615128294.4670968,609699.387062788,-4238.6799999999985,-2407022.7400000035,0.0001
2026-08-01 10:00:00 CST,1785549600000,73.02,73.1,72.98,73.03,81363.23999999999,44023.68,615026945.7992,-138394.13329994678,6684.120000000003,-2400338.6200000034,0.0001
2026-08-01 10:15:00 CST,1785550500000,73.04,73.13,73.02,73.12,67861.95999999999,37291.869999999995,616091334.393,1088348.1658990383,6721.779999999999,-2393616.8400000036,0.0001
2026-08-01 10:30:00 CST,1785551400000,73.13,73.13,72.98,72.99,63334.649999999994,24316.17,616119465.4582715,-328353.8326817751,-14702.310000000003,-2408319.1500000036,0.0001
2026-08-01 10:45:00 CST,1785552300000,73.0,73.07,72.97,73.05,58457.75,37898.270000000004,616598669.057083,639049.3270829916,17338.79,-2390980.3600000036,0.0001
2026-08-01 11:00:00 CST,1785553200000,73.05,73.07,72.95,72.95,77376.98,24620.8,616758328.8256,-457919.6231999397,-28135.38,-2419115.7400000035,0.0001
2026-08-01 11:15:00 CST,1785554100000,72.95,72.98,72.88,72.89,77452.11,47947.59,617032047.6662,1247757.9351818562,18443.07,-2400672.670000003,0.0001
2026-08-01 11:30:00 CST,1785555000000,72.89,72.95,72.83,72.91,74310.52,29535.449999999997,615706722.1446625,-438258.3347659111,-15239.62,-2415912.2900000038,0.0001
2026-08-01 11:45:00 CST,1785555900000,72.91,73.01,72.87,73.01,54422.51,28787.27,616392886.9750342,678049.7943069935,3152.029999999997,-2412760.2600000035,0.0001
2026-08-01 12:00:00 CST,1785556800000,73.01,73.08,73.0,73.07,46321.71000000001,25643.700000000004,616721700.3693141,195223.3758611679,4965.6900000000005,-2407794.5700000036,0.0001
2026-08-01 12:15:00 CST,1785557700000,73.08,73.1,73.04,73.06,38661.25,21217.96,616584963.456,-453132.54000008106,3774.670000000002,-2404019.9000000036,0.0001
2026-08-01 12:30:00 CST,1785558600000,73.06,73.11,73.03,73.1,30117.920000000002,18420.11,616256558.7272218,-163555.6601781845,6722.299999999998,-2397297.6000000034,0.0001
2026-08-01 12:45:00 CST,1785559500000,73.11,73.18,73.08,73.13,42877.14,30892.0,617934335.4678733,1122670.7655733824,18906.859999999997,-2378390.740000003,0.0001
2026-08-01 13:00:00 CST,1785560400000,73.13,73.17,73.11,73.17,58055.95,35289.369999999995,618411073.3538324,489750.088432312,12522.789999999997,-2365867.950000003,0.0001
2026-08-01 13:15:00 CST,1785561300000,73.17,73.17,73.0,73.02,52494.54,20405.68,617399284.119,-1169860.6155000925,-11683.18,-2377551.130000003,0.0001
2026-08-01 13:30:00 CST,1785562200000,73.02,73.07,72.89,72.91,86297.33,35950.5,616412372.3113567,-693515.7696433067,-14396.330000000002,-2391947.460000003,0.0001
2026-08-01 13:45:00 CST,1785563100000,72.92,72.92,72.83,72.91,79689.86,24524.010000000002,617452758.9052677,508979.43192231655,-30641.84,-2422589.3000000035,0.0001
2026-08-01 14:00:00 CST,1785564000000,72.91,72.95,72.85,72.95,70952.36,33416.38,617607638.6556808,-184560.4199192524,-4119.5999999999985,-2426708.9000000036,0.0001
2026-08-01 14:15:00 CST,1785564900000,72.95,73.0,72.92,72.96,50286.04,26521.21,618398247.337346,161684.36084592342,2756.379999999999,-2423952.5200000037,0.0001
2026-08-01 14:30:00 CST,1785565800000,72.96,72.99,72.92,72.95,37911.8,13755.189999999999,618242292.7616315,-75973.06246852875,-10401.420000000002,-2434353.9400000037,0.0001
2026-08-01 14:45:00 CST,1785566700000,72.95,72.99,72.91,72.95,31934.86,16536.649999999998,618755203.0477939,580413.4017938375,1138.4400000000005,-2433215.5000000037,0.0001
2026-08-01 15:00:00 CST,1785567600000,72.95,73.08,72.94,73.06,48872.97,32056.010000000002,619589146.5204,797007.1716694832,15239.050000000001,-2417976.450000004,0.0001
2026-08-01 15:15:00 CST,1785568500000,73.06,73.06,72.94,72.94,40424.28,17073.52,620094759.7139744,-219301.41122567654,-6277.239999999998,-2424253.6900000037,0.0001
2026-08-01 15:30:00 CST,1785569400000,72.94,72.97,72.87,72.93,62907.63,24626.68,619628245.2696085,279424.8496875763,-13654.269999999997,-2437907.9600000037,0.0001
2026-08-01 15:45:00 CST,1785570300000,72.93,72.97,72.91,72.93,26668.92,12597.99,620369635.0989894,469894.7019894123,-1472.9400000000005,-2439380.9000000036,0.0001
2026-08-01 16:00:00 CST,1785571200000,72.93,72.98,72.91,72.94,52049.83,26901.1,619803572.3189529,-139781.49517154694,1752.369999999999,-2437628.530000004,0.0001
2026-08-01 16:15:00 CST,1785572100000,72.95,73.05,72.94,73.0,45904.240000000005,30160.730000000003,620556101.5260153,111373.16517865658,14417.220000000003,-2423211.3100000042,0.0001
2026-08-01 16:30:00 CST,1785573000000,73.0,73.03,72.93,72.94,57340.07,17566.43,620338217.4605,-386380.02548098564,-22207.21,-2445418.520000004,0.0001
2026-08-01 16:45:00 CST,1785573900000,72.94,73.02,72.93,72.99,30413.879999999997,18635.53,620843063.9718,988002.2603046894,6857.179999999997,-2438561.340000004,0.0001
2026-08-01 17:00:00 CST,1785574800000,72.99,73.05,72.93,72.93,76454.38,22665.06,620867246.5671,-97571.33867096901,-31124.260000000002,-2469685.600000004,0.0001
2026-08-01 17:15:00 CST,1785575700000,72.94,72.98,72.9,72.9,31290.379999999997,18189.260000000002,621813342.6572766,386082.92421507835,5088.140000000003,-2464597.460000004,0.0001
2026-08-01 17:30:00 CST,1785576600000,72.9,72.94,72.88,72.93,36993.65,16306.02,622710483.297,979416.5909879208,-4381.610000000001,-2468979.070000004,0.0001
2026-08-01 17:45:00 CST,1785577500000,72.94,72.94,72.79,72.8,58650.16,16816.49,621965568.333774,-764831.9824512005,-25017.18,-2493996.250000004,0.0001
2026-08-01 18:00:00 CST,1785578400000,72.8,72.85,72.62,72.76,155783.36,69671.45999999999,622264811.1066,795051.6506000757,-16440.43999999999,-2510436.690000004,0.0001
2026-08-01 18:15:00 CST,1785579300000,72.77,72.85,72.72,72.79,51634.7,29617.72,623142411.6826338,299843.93778407574,7600.739999999998,-2502835.9500000044,0.0001
2026-08-01 18:30:00 CST,1785580200000,72.79,72.86,72.75,72.83,49104.310000000005,20261.95,623313037.127636,387448.55443251133,-8580.410000000002,-2511416.360000004,0.0001
2026-08-01 18:45:00 CST,1785581100000,72.83,72.85,72.77,72.8,37284.770000000004,20565.32,623815598.4769001,-234406.7201821804,3845.87,-2507570.490000004,0.0001
2026-08-01 19:00:00 CST,1785582000000,72.8,72.84,72.74,72.84,71290.93,23249.48,624570002.4078218,974815.7204848528,-24791.97,-2532362.4600000037,0.0001
2026-08-01 19:15:00 CST,1785582900000,72.84,72.87,72.78,72.83,47629.18,27004.719999999998,624926151.3112,-232491.14719998837,6380.2599999999975,-2525982.2000000034,0.0001
2026-08-01 19:30:00 CST,1785583800000,72.83,72.86,72.79,72.83,37304.9,17809.04,625237623.9805706,339649.1763087511,-1686.8200000000006,-2527669.0200000037,0.0001
2026-08-01 19:45:00 CST,1785584700000,72.84,72.86,72.82,72.85,35146.61,21126.71,625773320.2536,357937.9187999964,7106.809999999998,-2520562.2100000037,0.0001
2026-08-01 20:00:00 CST,1785585600000,72.85,72.9,72.83,72.83,67505.38,33550.69,626200337.2335,213521.87929999828,-403.9999999999982,-2520966.210000004,0.0001
2026-08-01 20:15:00 CST,1785586500000,72.84,72.9,72.83,72.89,26386.120000000003,14434.900000000001,626808632.7864,555129.3744000196,2483.6799999999985,-2518482.5300000045,0.0001
2026-08-01 20:30:00 CST,1785587400000,72.9,72.91,72.84,72.84,37722.490000000005,13737.970000000001,626771760.3839195,-431163.6720805168,-10246.550000000003,-2528729.0800000047,0.0001
2026-08-01 20:45:00 CST,1785588300000,72.84,72.9,72.84,72.89,28801.980000000003,17481.59,627122927.97,555903.9040000439,6161.200000000001,-2522567.880000005,0.0001
2026-08-01 21:00:00 CST,1785589200000,72.89,72.96,72.87,72.95,60992.66,32269.33,627186726.2284,453989.5787798166,3545.999999999999,-2519021.880000005,0.0001
2026-08-01 21:15:00 CST,1785590100000,72.95,72.95,72.88,72.88,41359.649999999994,11540.83,626506149.5127,-633265.2790706158,-18277.99,-2537299.8700000052,0.0001
2026-08-01 21:30:00 CST,1785591000000,72.89,72.96,72.86,72.94,71712.4,44329.66,626718727.6082022,308495.6498006582,16946.920000000002,-2520352.9500000053,0.0001
2026-08-01 21:45:00 CST,1785591900000,72.94,72.96,72.88,72.93,49436.64,23552.83,626038971.2413129,-348808.1742981672,-2330.9799999999996,-2522683.9300000053,0.0001
2026-08-01 22:00:00 CST,1785592800000,72.94,73.02,72.84,72.84,84212.19,42655.740000000005,626772231.522894,264951.0292658806,1099.2899999999954,-2521584.6400000053,0.0001
2026-08-01 22:15:00 CST,1785593700000,72.84,72.95,72.83,72.94,63982.28,34382.509999999995,626936374.664,826216.988499999,4782.739999999998,-2516801.900000005,0.0001
2026-08-01 22:30:00 CST,1785594600000,72.94,72.97,72.89,72.96,48362.02,24900.83,627384281.208814,-23038.552186012268,1439.6399999999976,-2515362.260000005,0.0001
2026-08-01 22:45:00 CST,1785595500000,72.96,73.0,72.91,72.99,55620.18,37391.97,626745394.0963827,-632159.3116172552,19163.76,-2496198.5000000047,0.0001
2026-08-01 23:00:00 CST,1785596400000,72.99,73.0,72.93,72.96,36430.600000000006,18111.32,627120564.4743385,-309496.34566152096,-207.96000000000276,-2496406.4600000046,0.0001
2026-08-01 23:15:00 CST,1785597300000,72.96,72.96,72.8,72.81,63437.729999999996,21144.07,626530327.1449394,-721986.0454605818,-21149.59,-2517556.0500000045,0.0001
2026-08-01 23:30:00 CST,1785598200000,72.81,72.82,72.68,72.77,165966.88999999998,61164.369999999995,627298492.8311528,599949.5696527958,-43638.149999999994,-2561194.200000005,0.0001
2026-08-01 23:45:00 CST,1785599100000,72.78,72.82,72.75,72.75,91875.98,49315.05,627767370.0342,86727.93891453743,6754.120000000003,-2554440.080000005,0.0001
2026-08-02 00:00:00 CST,1785600000000,72.75,72.86,72.69,72.78,94609.75,51751.57,628783708.1116098,1476596.244109869,8893.39,-2545546.690000005,3.159e-05
2026-08-02 00:15:00 CST,1785600900000,72.78,72.88,72.76,72.84,52979.45,28031.05,629890781.2755,780407.4183000326,3082.6499999999996,-2542464.0400000047,3.159e-05
2026-08-02 00:30:00 CST,1785601800000,72.85,72.91,72.79,72.79,49004.670000000006,19701.36,629485218.2437923,-388319.43670773506,-9601.95,-2552065.9900000044,3.159e-05
2026-08-02 00:45:00 CST,1785602700000,72.8,72.82,72.4,72.66,526100.12,198086.31,628829077.2522,-258286.91949892044,-129927.49999999996,-2681993.4900000044,3.159e-05
2026-08-02 01:00:00 CST,1785603600000,72.67,72.75,72.34,72.45,226155.02,85500.51000000001,630652083.7036,726788.2313688993,-55153.999999999985,-2737147.4900000044,3.159e-05
2026-08-02 01:15:00 CST,1785604500000,72.46,72.47,72.01,72.11,636636.47,242428.42,631733993.5508,859793.4687999487,-151779.63,-2888927.1200000043,3.159e-05
2026-08-02 01:30:00 CST,1785605400000,72.12,72.12,71.57,71.88,1009029.77,406021.17,624090846.3104,-3007879.91079998,-196987.43,-3085914.550000004,3.159e-05
2026-08-02 01:45:00 CST,1785606300000,71.88,71.89,71.65,71.88,347408.28,139301.56,624378833.9914,-1932872.1092022657,-68805.16000000002,-3154719.710000004,3.159e-05
2026-08-02 02:00:00 CST,1785607200000,71.88,71.93,71.65,71.79,363743.31000000006,174348.75,626307820.1801428,1561139.6899756193,-15045.809999999998,-3169765.520000004,3.159e-05
2026-08-02 02:15:00 CST,1785608100000,71.79,71.8,71.32,71.49,661627.99,288345.58,621597323.2770282,-2982719.2581700087,-84936.83,-3254702.3500000043,3.159e-05
2026-08-02 02:30:00 CST,1785609000000,71.49,71.49,70.91,71.13,1023636.22,473477.33999999997,617445019.1025089,-4366383.492891073,-76681.53999999995,-3331383.890000005,3.159e-05
2026-08-02 02:45:00 CST,1785609900000,71.14,71.15,70.51,71.04,963309.24,484384.78,607278555.996,-8335029.407423735,5460.320000000007,-3325923.570000005,3.159e-05
2026-08-02 03:00:00 CST,1785610800000,71.04,71.28,71.0,71.21,247253.28,129049.19,614882902.3064,2781408.6243999004,10845.099999999977,-3315078.470000005,3.159e-05
2026-08-02 03:15:00 CST,1785611700000,71.21,71.28,71.08,71.2,145214.75999999998,65296.59,613885916.7688696,-1218336.684130311,-14621.57999999999,-3329700.050000005,3.159e-05
2026-08-02 03:30:00 CST,1785612600000,71.21,71.29,71.12,71.18,101906.75,58432.04,615098889.2103038,159158.00271189213,14957.330000000002,-3314742.720000005,3.159e-05
2026-08-02 03:45:00 CST,1785613500000,71.18,71.33,71.16,71.21,60612.22,35465.759999999995,616269518.2559,689577.4031000137,10319.3,-3304423.420000005,3.159e-05
2026-08-02 04:00:00 CST,1785614400000,71.21,71.4,71.14,71.34,146610.85,75871.66,616107821.6636,120639.62660002708,5132.469999999994,-3299290.950000005,3.159e-05
2026-08-02 04:15:00 CST,1785615300000,71.35,71.48,71.33,71.38,112429.47,64644.57,617543766.0500883,618284.9525883198,16859.66999999999,-3282431.280000005,3.159e-05
2026-08-02 04:30:00 CST,1785616200000,71.38,71.49,71.29,71.41,97509.01999999999,53682.07,617365409.429,11290.175014853477,9855.119999999995,-3272576.160000005,3.159e-05
2026-08-02 04:45:00 CST,1785617100000,71.42,71.52,71.38,71.51,76350.12999999999,47060.87,617846636.2943411,-8237.222658872604,17771.610000000008,-3254804.550000005,3.159e-05
2026-08-02 05:00:00 CST,1785618000000,71.52,71.77,71.5,71.67,145865.66,78762.74,617575535.7452132,-629594.5636276007,11659.819999999989,-3243144.730000005,3.159e-05
2026-08-02 05:15:00 CST,1785618900000,71.67,71.75,71.54,71.66,76803.12,38564.07,617117086.3646889,-762305.8584110737,325.02000000000044,-3242819.710000005,3.159e-05
2026-08-02 05:30:00 CST,1785619800000,71.65,71.77,71.63,71.75,57612.08,34904.16,617510415.5302,42756.46392905712,12196.239999999996,-3230623.470000005,3.159e-05
2026-08-02 05:45:00 CST,1785620700000,71.75,71.83,71.74,71.81,51456.670000000006,31883.620000000003,618166556.387026,394017.9771603346,12310.570000000002,-3218312.9000000046,3.159e-05
2026-08-02 06:00:00 CST,1785621600000,71.81,71.99,71.81,71.9,162630.63,108607.55999999998,618754556.6728,-91234.96041154861,54584.48999999997,-3163728.410000005,3.159e-05
2026-08-02 06:15:00 CST,1785622500000,71.9,71.96,71.83,71.95,55822.5,24708.78,618324352.7724,-297545.55760002136,-6404.939999999999,-3170133.350000005,3.159e-05
2026-08-02 06:30:00 CST,1785623400000,71.96,71.96,71.87,71.92,38511.86,13633.240000000002,618811849.6098,-444808.512791872,-11245.38,-3181378.730000005,3.159e-05
2026-08-02 06:45:00 CST,1785624300000,71.93,71.95,71.85,71.88,45205.9,16723.800000000003,617935365.7951,-796502.4085999727,-11758.299999999997,-3193137.0300000054,3.159e-05
2026-08-02 07:00:00 CST,1785625200000,71.87,72.07,71.87,71.95,151932.6,105253.67,618200766.2341348,361960.36107099056,58574.740000000005,-3134562.290000005,3.159e-05
2026-08-02 07:15:00 CST,1785626100000,71.95,71.96,71.79,71.8,68059.02,14924.900000000001,615811606.2995,-1969991.4295352697,-38209.22,-3172771.5100000054,3.159e-05
2026-08-02 07:30:00 CST,1785627000000,71.8,71.9,71.8,71.89,55226.590000000004,28230.55,616144378.0106124,614119.5984839201,1234.5100000000002,-3171537.000000005,3.159e-05
2026-08-02 07:45:00 CST,1785627900000,71.89,71.93,71.86,71.91,36691.53,16838.559999999998,616416789.6429511,-259411.28304886818,-3014.4100000000017,-3174551.4100000053,3.159e-05
2026-08-02 08:00:00 CST,1785628800000,71.91,72.08,71.89,72.05,101587.82999999999,69911.94,617191893.5772643,596387.9652507305,38236.05,-3136315.3600000055,-4.925e-05
2026-08-02 08:15:00 CST,1785629700000,72.05,72.12,71.98,72.0,80821.8,46128.950000000004,617844340.9283798,-579003.5556201935,11436.099999999999,-3124879.2600000054,-4.925e-05
2026-08-02 08:30:00 CST,1785630600000,72.01,72.07,71.97,72.02,52581.350000000006,23670.559999999998,617008639.4525564,-156423.3737436533,-5240.230000000001,-3130119.4900000053,-4.925e-05
2026-08-02 08:45:00 CST,1785631500000,72.02,72.08,71.98,72.07,47363.54,24368.22,617066409.526464,-340130.82413601875,1372.8999999999978,-3128746.5900000054,-4.925e-05
2026-08-02 09:00:00 CST,1785632400000,72.08,72.48,72.07,72.46,265891.93999999994,185422.48,618851331.8745,1019202.6801000834,104953.02000000003,-3023793.570000005,-4.925e-05
2026-08-02 09:15:00 CST,1785633300000,72.47,72.59,72.39,72.49,173044.12,114177.47,619387509.0152,-384175.4614982605,55310.81999999999,-2968482.750000005,-4.925e-05
2026-08-02 09:30:00 CST,1785634200000,72.5,72.74,72.45,72.61,307702.98,196068.18,625759472.7339091,6192477.854812503,84433.38,-2884049.3700000052,-4.925e-05
2026-08-02 09:45:00 CST,1785635100000,72.62,72.66,72.59,72.62,84769.40000000001,49308.08,624810971.2606,-499766.2488126755,13846.759999999998,-2870202.6100000055,-4.925e-05
2026-08-02 10:00:00 CST,1785636000000,72.63,73.38,72.55,73.2,724567.37,380172.37,622270646.7718,-2465294.8789999485,35777.369999999995,-2834425.2400000053,-4.925e-05
2026-08-02 10:15:00 CST,1785636900000,73.2,73.3,73.07,73.08,271274.74,137433.54,625070690.2828,-1218430.369500041,3592.339999999993,-2830832.900000005,-4.925e-05
2026-08-02 10:30:00 CST,1785637800000,73.07,73.09,72.89,72.98,180736.19,80845.06,622166118.9155937,-1464470.6393159628,-19046.07,-2849878.970000005,-4.925e-05
2026-08-02 10:45:00 CST,1785638700000,72.98,73.13,72.95,73.1,128495.5,63809.759999999995,622467068.8373529,758304.4045528173,-875.9799999999959,-2850754.9500000044,-4.925e-05
2026-08-02 11:00:00 CST,1785639600000,73.1,73.2,73.04,73.11,105402.13,50171.9,621558363.0495149,-770075.89318192,-5058.330000000002,-2855813.280000004,-4.925e-05
2026-08-02 11:15:00 CST,1785640500000,73.1,73.19,73.05,73.07,146547.7,64547.97,619966723.5392,-1430566.0558379889,-17451.760000000002,-2873265.040000004,-4.925e-05
2026-08-02 11:30:00 CST,1785641400000,73.06,73.21,73.06,73.17,85512.72,58529.81,619876176.0543,649567.9165999889,31546.9,-2841718.1400000043,-4.925e-05
2026-08-02 11:45:00 CST,1785642300000,73.18,73.22,73.11,73.17,62006.23,26021.5,619058293.854,-825031.5853999853,-9963.230000000003,-2851681.3700000043,-4.925e-05
2026-08-02 12:00:00 CST,1785643200000,73.17,73.28,73.17,73.21,98127.78,55916.4,619372167.4518,-152368.21650004387,13705.019999999997,-2837976.3500000043,-4.925e-05
2026-08-02 12:15:00 CST,1785644100000,73.21,73.41,73.2,73.33,142222.12,70695.87000000001,620580928.6670868,1494801.5478868484,-830.3799999999974,-2838806.730000004,-4.925e-05
2026-08-02 12:30:00 CST,1785645000000,73.33,73.38,73.27,73.27,94128.59,47711.79000000001,619614257.3113905,-49257.68787622452,1294.9900000000034,-2837511.740000004,-4.925e-05
2026-08-02 12:45:00 CST,1785645900000,73.28,73.52,73.26,73.5,135659.66999999998,96002.51,620131285.0205,1128290.1948999166,56345.34999999999,-2781166.390000004,-4.925e-05
2026-08-02 13:00:00 CST,1785646800000,73.49,73.63,73.44,73.47,260549.11,153439.75,616629109.3086,-2697614.54640007,46330.390000000014,-2734836.000000004,-4.925e-05
2026-08-02 13:15:00 CST,1785647700000,73.47,73.63,73.43,73.51,147505.17,80587.49,617600666.5442,1065251.3878284693,13669.810000000005,-2721166.190000004,-4.925e-05
2026-08-02 13:30:00 CST,1785648600000,73.51,73.55,73.42,73.48,175328.05,73965.92,617805510.6652,657874.7827999592,-27396.209999999992,-2748562.400000004,-4.925e-05
2026-08-02 13:45:00 CST,1785649500000,73.48,73.6,73.46,73.57,58588.450000000004,28777.81,616523573.5723056,733880.1887984276,-1032.8300000000017,-2749595.230000004,-4.925e-05
2026-08-02 14:00:00 CST,1785650400000,73.56,73.63,73.46,73.47,103281.29000000001,38055.54,614835110.6169,-1559891.3127000332,-27170.209999999995,-2776765.440000004,-4.925e-05
2026-08-02 14:15:00 CST,1785651300000,73.47,73.58,73.46,73.54,70387.17,29467.69,614468542.7300025,63633.46764302254,-11451.79,-2788217.230000004,-4.925e-05
2026-08-02 14:30:00 CST,1785652200000,73.54,73.58,73.48,73.53,79447.09,35449.020000000004,613633255.9360614,-957577.9899386168,-8549.049999999996,-2796766.2800000045,-4.925e-05
2026-08-02 14:45:00 CST,1785653100000,73.52,73.53,73.4,73.43,87461.76999999999,28058.12,611933422.25491,-2004402.4436900616,-31345.53,-2828111.8100000042,-4.925e-05
2026-08-02 15:00:00 CST,1785654000000,73.43,73.45,73.37,73.41,120451.75,61233.149999999994,611979943.284,-70555.18729996681,2014.5499999999993,-2826097.260000004,-4.925e-05
2026-08-02 15:15:00 CST,1785654900000,73.41,73.48,73.39,73.46,33275.17999999999,15785.17,612345020.0824,768912.3129053116,-1704.8399999999974,-2827802.100000004,-4.925e-05
2026-08-02 15:30:00 CST,1785655800000,73.45,73.47,73.41,73.46,44252.79,22877.019999999997,611195401.667438,-792105.1435102224,1501.2499999999964,-2826300.850000004,-4.925e-05
2026-08-02 15:45:00 CST,1785656700000,73.45,73.48,73.4,73.44,61352.61,24578.42,611123815.0786765,-89150.88254129887,-12195.77,-2838496.6200000034,-4.925e-05
2026-08-02 16:00:00 CST,1785657600000,73.43,73.51,73.36,73.4,133188.98,60246.799999999996,609446598.6506,-1257925.3798000813,-12695.380000000008,-2851192.0000000033,0.0001
2026-08-02 16:15:00 CST,1785658500000,73.4,73.42,73.28,73.31,75971.51999999999,27890.370000000003,608583867.6429,-294003.2130999565,-20190.78,-2871382.780000003,0.0001
2026-08-02 16:30:00 CST,1785659400000,73.31,73.37,73.14,73.23,279364.06,122220.07,606366653.6321801,-1001486.6292978525,-34923.92,-2906306.7000000034,0.0001
2026-08-02 16:45:00 CST,1785660300000,73.23,73.28,73.13,73.16,96218.55,45738.31,607338111.7527679,-199784.56563210487,-4741.929999999997,-2911048.6300000036,0.0001
2026-08-02 17:00:00 CST,1785661200000,73.16,73.3,72.92,73.3,288104.77999999997,104705.54000000001,604155759.6117,-2973899.4478999376,-78693.69999999998,-2989742.330000004,0.0001
2026-08-02 17:15:00 CST,1785662100000,73.3,73.34,73.25,73.27,89427.66,46232.2,604673806.3776,-291069.36170470715,3036.7400000000052,-2986705.5900000036,0.0001
2026-08-02 17:30:00 CST,1785663000000,73.26,73.36,73.25,73.29,48319.979999999996,25520.280000000002,603840826.9293,-35630.46830010414,2720.58,-2983985.0100000035,0.0001
2026-08-02 17:45:00 CST,1785663900000,73.28,73.39,73.27,73.35,53500.4,31315.489999999998,604298998.2601881,324543.93918812275,9130.579999999998,-2974854.430000003,0.0001
2026-08-02 18:00:00 CST,1785664800000,73.34,73.34,73.2,73.21,50877.840000000004,19364.38,603272167.554,-518182.47688007355,-12149.08,-2987003.510000003,0.0001
2026-08-02 18:15:00 CST,1785665700000,73.21,73.36,73.11,73.16,167554.88,87920.5,602833054.5853798,338820.17657983303,8286.12000000001,-2978717.390000003,0.0001
2026-08-02 18:30:00 CST,1785666600000,73.17,73.27,73.16,73.24,43758.36,24785.18,603579526.264,132834.4498000145,5811.999999999995,-2972905.390000003,0.0001
2026-08-02 18:45:00 CST,1785667500000,73.24,73.28,73.21,73.24,34583.74,15766.68,603689301.072,130489.2771999836,-3050.380000000001,-2975955.770000003,0.0001
2026-08-02 19:00:00 CST,1785668400000,73.24,73.27,73.17,73.22,48054.5,18533.99,602963262.528,-561177.0024000406,-10986.52,-2986942.290000003,0.0001
2026-08-02 19:15:00 CST,1785669300000,73.21,73.28,73.14,73.16,42465.97,18116.81,602994077.3812,-449805.4129999876,-6232.35,-2993174.640000003,0.0001
2026-08-02 19:30:00 CST,1785670200000,73.15,73.19,73.01,73.05,99176.25,36084.94,603427279.2666619,610779.7126618624,-27006.37,-3020181.010000003,0.0001
2026-08-02 19:45:00 CST,1785671100000,73.04,73.14,72.91,72.97,201120.59999999998,93369.31,602679865.3326083,-190914.38909685612,-14381.979999999989,-3034562.990000003,0.0001
2026-08-02 20:00:00 CST,1785672000000,72.96,73.16,72.96,73.16,117185.37,57766.93,603404944.6773,566636.4871379137,-1651.5099999999984,-3036214.500000003,0.0001
2026-08-02 20:15:00 CST,1785672900000,73.16,73.2,73.09,73.11,82906.50000000001,46061.439999999995,603220226.1584,-15643.667028188705,9216.379999999997,-3026998.120000003,0.0001
2026-08-02 20:30:00 CST,1785673800000,73.11,73.15,72.97,73.03,80121.37,40377.2,602790317.5259391,-404615.6932609081,633.0299999999952,-3026365.0900000026,0.0001
2026-08-02 20:45:00 CST,1785674700000,73.02,73.04,72.86,72.86,76735.10999999999,30214.359999999997,602796752.7758,-173292.22099995613,-16306.39,-3042671.4800000023,0.0001
2026-08-02 21:00:00 CST,1785675600000,72.87,72.95,72.83,72.95,129096.07,81652.77,601595572.5464,-238385.7023061514,34209.47,-3008462.010000002,0.0001
2026-08-02 21:15:00 CST,1785676500000,72.95,72.97,72.87,72.88,71834.18,32835.96,600318159.9987,-849698.394299984,-6162.260000000002,-3014624.2700000023,0.0001
2026-08-02 21:30:00 CST,1785677400000,72.88,72.92,72.65,72.84,192487.56,89209.42,598058978.8264,-2024507.6727999449,-14068.719999999994,-3028692.9900000026,0.0001
2026-08-02 21:45:00 CST,1785678300000,72.84,72.98,72.83,72.93,98554.81,53858.6,600454933.882212,1097835.0150120258,9162.389999999994,-3019530.6000000024,0.0001
2026-08-02 22:00:00 CST,1785679200000,72.93,73.05,72.88,73.03,123251.48000000001,67447.42000000001,600949112.3608,141232.42560005188,11643.360000000004,-3007887.2400000026,0.0001
2026-08-02 22:15:00 CST,1785680100000,73.04,73.12,73.03,73.11,97176.32,65415.450000000004,601902299.1918784,318634.9102784395,33654.58,-2974232.6600000025,0.0001
2026-08-02 22:30:00 CST,1785681000000,73.12,73.2,73.05,73.19,102629.37,62983.75,601670969.3277,-520311.4594999552,23338.130000000005,-2950894.5300000026,0.0001
2026-08-02 22:45:00 CST,1785681900000,73.19,73.19,73.03,73.05,66900.78,27970.08,600906983.4561844,-558591.6562513113,-10960.619999999999,-2961855.1500000027,0.0001
2026-08-02 23:00:00 CST,1785682800000,73.05,73.18,73.02,73.17,70423.93000000001,50673.38,601521159.0925944,511729.3471944332,30922.829999999998,-2930932.3200000026,0.0001
2026-08-02 23:15:00 CST,1785683700000,73.17,73.18,73.06,73.06,37187.99,14380.17,600984353.889,-915637.8523999453,-8427.65,-2939359.970000003,0.0001
2026-08-02 23:30:00 CST,1785684600000,73.07,73.17,73.01,73.03,64186.45,33081.270000000004,600646917.4783411,-117941.1646989584,1976.090000000002,-2937383.8800000027,0.0001
2026-08-02 23:45:00 CST,1785685500000,73.04,73.06,72.97,72.99,44398.42,24439.04,600413064.2341015,-375015.69564962387,4479.660000000002,-2932904.2200000025,0.0001
2026-08-03 00:00:00 CST,1785686400000,72.98,73.0,72.87,72.9,100142.85,47730.11,599679341.0369807,-885786.8661192656,-4682.630000000001,-2937586.850000003,1.348e-05
2026-08-03 00:15:00 CST,1785687300000,72.89,73.03,72.89,73.0,70793.58,49666.52,599196456.1053436,209167.22434353828,28539.459999999992,-2909047.390000003,1.348e-05
2026-08-03 00:30:00 CST,1785688200000,73.0,73.27,72.99,73.18,181161.01,125088.73,599623886.9258344,541313.9198276997,69016.44999999998,-2840030.940000003,1.348e-05
2026-08-03 00:45:00 CST,1785689100000,73.18,73.22,73.1,73.1,66900.47,34101.93,600682678.0414028,-261051.61319720745,1303.3900000000012,-2838727.550000003,1.348e-05
2026-08-03 01:00:00 CST,1785690000000,73.11,73.24,73.05,73.23,49528.869999999995,27225.17,600588183.2832,-63964.68042564392,4921.470000000003,-2833806.080000003,1.348e-05
2026-08-03 01:15:00 CST,1785690900000,73.23,73.36,73.18,73.2,80842.09,52744.990000000005,601882138.2465,257329.722900033,24647.890000000007,-2809158.1900000027,1.348e-05
2026-08-03 01:30:00 CST,1785691800000,73.21,73.33,73.2,73.32,74799.54000000001,53871.37,602166492.6108538,1499099.5444537401,32943.2,-2776214.9900000026,1.348e-05
2026-08-03 01:45:00 CST,1785692700000,73.33,73.36,73.26,73.27,51709.06999999999,23144.81,602068189.0868,-494569.88435041904,-5419.449999999999,-2781634.4400000027,1.348e-05
2026-08-03 02:00:00 CST,1785693600000,73.28,73.36,73.2,73.28,72301.70999999999,42166.36,600679487.9573611,-731570.7922346592,12031.010000000002,-2769603.430000003,1.348e-05
2026-08-03 02:15:00 CST,1785694500000,73.29,73.37,73.25,73.33,52348.7,36567.41,601544673.3084,261823.55340003967,20786.12,-2748817.3100000033,1.348e-05
2026-08-03 02:30:00 CST,1785695400000,73.33,73.82,73.33,73.68,425434.1,294210.35,605204693.0,3575988.186400056,162986.6,-2585830.710000003,1.348e-05
2026-08-03 02:45:00 CST,1785696300000,73.68,73.72,73.51,73.52,99336.86,40573.560000000005,605410831.4093629,-674244.5816371441,-18189.740000000005,-2604020.450000003,1.348e-05
2026-08-03 03:00:00 CST,1785697200000,73.52,73.65,73.49,73.54,103347.06999999999,61523.63,607037844.8785,1875649.3196201324,19700.190000000002,-2584320.2600000035,1.348e-05
2026-08-03 03:15:00 CST,1785698100000,73.54,73.64,73.51,73.59,76653.04000000001,46474.94,607135117.3628,527452.700600028,16296.84,-2568023.4200000037,1.348e-05
2026-08-03 03:30:00 CST,1785699000000,73.6,73.68,73.57,73.64,62115.600000000006,36212.42,608757224.2008,840353.0110385418,10309.239999999998,-2557714.180000004,1.348e-05
2026-08-03 03:45:00 CST,1785699900000,73.65,73.76,73.63,73.68,72318.19,40096.28999999999,607563099.1206751,-866128.6933575869,7874.389999999999,-2549839.7900000033,1.348e-05
2026-08-03 04:00:00 CST,1785700800000,73.68,73.71,73.54,73.64,87481.45000000001,35648.45,606317694.24,-1099578.950485468,-16184.55,-2566024.3400000036,1.348e-05
2026-08-03 04:15:00 CST,1785701700000,73.63,73.66,73.52,73.54,39602.22,13317.779999999999,605352327.9633042,-956209.0386958122,-12966.66,-2578991.0000000033,1.348e-05
2026-08-03 04:30:00 CST,1785702600000,73.55,73.61,73.54,73.59,33038.77,20848.16,605153291.0985303,-334881.220969677,8657.55,-2570333.450000003,1.348e-05
2026-08-03 04:45:00 CST,1785703500000,73.59,73.69,73.56,73.66,53690.51,38510.31,606251569.8344,861334.0140706301,23330.11,-2547003.340000003,1.348e-05
2026-08-03 05:00:00 CST,1785704400000,73.65,73.78,73.64,73.68,73353.67,37707.92,605962122.26,-565573.45989573,2062.1699999999964,-2544941.170000003,1.348e-05
2026-08-03 05:15:00 CST,1785705300000,73.68,73.78,73.64,73.76,64269.509999999995,29252.060000000005,605744242.925,13954.306899905205,-5765.389999999996,-2550706.5600000033,1.348e-05
2026-08-03 05:30:00 CST,1785706200000,73.76,74.09,73.72,73.97,252407.9,149264.43,604004771.6876712,-1498431.035528779,46120.96000000001,-2504585.600000004,1.348e-05
2026-08-03 05:45:00 CST,1785707100000,73.97,74.32,73.87,73.95,293857.06,193339.45,601189487.6994,-3599091.138600111,92821.84,-2411763.7600000035,1.348e-05
2026-08-03 06:00:00 CST,1785708000000,73.96,74.19,73.95,74.03,155564.79,87474.9,604550265.3376,2300577.3924000263,19385.010000000002,-2392378.7500000033,1.348e-05
2026-08-03 06:15:00 CST,1785708900000,74.03,74.17,73.86,73.92,107033.45000000001,49010.43,604851573.5682,551602.4465999603,-9012.590000000004,-2401391.340000003,1.348e-05
2026-08-03 06:30:00 CST,1785709800000,73.93,73.94,73.63,73.79,209556.22,70935.49,600454210.0422323,-3783997.8220677376,-67685.23999999999,-2469076.580000003,1.348e-05
2026-08-03 06:45:00 CST,1785710700000,73.8,73.84,73.6,73.61,106391.44,42504.51,600358819.029,-1053964.4402948618,-21382.420000000002,-2490459.000000003,1.348e-05
2026-08-03 07:00:00 CST,1785711600000,73.61,73.63,73.45,73.51,154804.58000000002,66386.37,597384026.4450419,-2326947.309558153,-22031.839999999997,-2512490.8400000026,1.348e-05
2026-08-03 07:15:00 CST,1785712500000,73.5,73.61,73.44,73.54,83726.90999999999,39198.83,596988487.1567906,129997.9369906187,-5329.25,-2517820.0900000026,1.348e-05
2026-08-03 07:30:00 CST,1785713400000,73.55,73.6,73.48,73.52,67953.87,40001.350000000006,596697917.0699165,-440390.0005835295,12048.829999999996,-2505771.2600000026,1.348e-05
2026-08-03 07:45:00 CST,1785714300000,73.52,73.61,73.42,73.61,75108.01999999999,45787.25,595577217.4114,-1053660.0092000961,16466.480000000003,-2489304.780000003,1.348e-05
2026-08-03 08:00:00 CST,1785715200000,73.61,73.64,73.37,73.43,145725.79,62784.52,595113153.6786,-2314933.8414000273,-20156.750000000007,-2509461.530000003,7.985e-05
2026-08-03 08:15:00 CST,1785716100000,73.42,73.47,73.18,73.24,145570.72,67934.56,593774327.781,-1066601.1460000277,-9701.600000000006,-2519163.1300000027,7.985e-05
2026-08-03 08:30:00 CST,1785717000000,73.24,73.35,73.15,73.21,121314.75,50293.65,593055987.7632,604899.3852988482,-20727.450000000004,-2539890.580000003,7.985e-05
2026-08-03 08:45:00 CST,1785717900000,73.21,73.23,73.14,73.2,70181.3,30609.120000000003,591947007.0658635,-320294.7598365545,-8963.059999999996,-2548853.640000003,7.985e-05
2026-08-03 09:00:00 CST,1785718800000,73.19,73.23,72.97,73.07,212486.05,107993.14,592267265.6079004,403945.6719003916,3500.230000000003,-2545353.410000003,7.985e-05
2026-08-03 09:15:00 CST,1785719700000,73.08,73.14,72.96,73.01,118381.6,58259.61,590682932.6922474,-457516.5872787237,-1862.380000000001,-2547215.7900000033,7.985e-05
2026-08-03 09:30:00 CST,1785720600000,73.02,73.07,72.92,73.0,125354.43,53807.759999999995,590380708.3085665,570966.0098664761,-17738.90999999999,-2564954.7000000034,7.985e-05
2026-08-03 09:45:00 CST,1785721500000,72.99,73.02,72.9,72.96,113878.47,56903.3,590884260.5697995,-90285.77175927162,-71.86999999999898,-2565026.570000003,7.985e-05
2026-08-03 10:00:00 CST,1785722400000,72.97,73.03,72.86,72.96,150840.15000000002,63959.72,591311151.2448,378637.14056539536,-22920.710000000006,-2587947.2800000035,7.985e-05
2026-08-03 10:15:00 CST,1785723300000,72.97,73.12,72.92,72.94,103085.92000000001,59587.75,591993767.8116,855869.6210999489,16089.580000000005,-2571857.7000000034,7.985e-05
2026-08-03 10:30:00 CST,1785724200000,72.95,73.09,72.91,73.04,66549.15,43903.74,592096346.3443162,1447057.9933162928,21258.329999999994,-2550599.370000004,7.985e-05
2026-08-03 10:45:00 CST,1785725100000,73.04,73.08,72.94,72.99,52049.35,22801.75,591546609.9114,-493677.185043931,-6445.8499999999985,-2557045.220000004,7.985e-05
2026-08-03 11:00:00 CST,1785726000000,72.99,73.08,72.95,72.98,58611.28,30366.65,592121401.9818,316747.14179992676,2122.0200000000004,-2554923.200000004,7.985e-05
2026-08-03 11:15:00 CST,1785726900000,72.99,73.05,72.94,73.0,63487.05,32937.88,591429315.5607,-174903.7622998953,2388.7100000000028,-2552534.4900000035,7.985e-05
2026-08-03 11:30:00 CST,1785727800000,73.0,73.01,72.9,72.92,61824.36,27021.0,591591181.5352,-362048.9417999983,-7782.360000000002,-2560316.8500000034,7.985e-05
2026-08-03 11:45:00 CST,1785728700000,72.93,72.96,72.63,72.85,221513.80999999997,79989.2,590059941.35,-1516372.1524000168,-61535.409999999996,-2621852.260000003,7.985e-05
2026-08-03 12:00:00 CST,1785729600000,72.85,72.96,72.79,72.87,103397.98000000001,61459.06,590435066.5659728,950585.1625728607,19520.14,-2602332.120000003,7.985e-05
2026-08-03 12:15:00 CST,1785730500000,72.88,73.03,72.87,72.89,78081.22,47644.130000000005,592631052.07,1323493.8540000916,17207.04,-2585125.0800000024,7.985e-05
2026-08-03 12:30:00 CST,1785731400000,72.9,73.03,72.89,73.03,67586.93,51246.74,593868232.4412,1828113.6008591652,34906.55,-2550218.5300000026,7.985e-05
2026-08-03 12:45:00 CST,1785732300000,73.03,73.03,72.8,72.81,70540.04000000001,25930.72,592948276.9716978,-1153022.2794989347,-18678.6,-2568897.130000002,7.985e-05
2026-08-03 13:00:00 CST,1785733200000,72.82,73.02,72.79,72.99,110958.78,64471.54,594074000.1072,1853981.4243000746,17984.299999999996,-2550912.8300000024,7.985e-05
2026-08-03 13:15:00 CST,1785734100000,73.0,73.0,72.85,72.87,98543.48999999999,47262.090000000004,595045593.9,-167451.37999999523,-4019.3100000000086,-2554932.1400000025,7.985e-05
2026-08-03 13:30:00 CST,1785735000000,72.88,72.9,72.8,72.8,55428.090000000004,34901.68,595204515.8871,312741.3923279047,14375.269999999999,-2540556.8700000024,7.985e-05
2026-08-03 13:45:00 CST,1785735900000,72.81,72.89,72.79,72.88,60371.520000000004,29879.28,595989804.4096378,834724.3912485838,-612.9599999999991,-2541169.830000002,7.985e-05
2026-08-03 14:00:00 CST,1785736800000,72.89,72.95,72.86,72.89,57364.02,29770.92,596561142.6939409,206045.45804083347,2177.819999999998,-2538992.010000002,7.985e-05
2026-08-03 14:15:00 CST,1785737700000,72.89,72.91,72.8,72.82,40226.8,17246.27,596242972.1350945,-69667.50490546227,-5734.26,-2544726.2700000023,7.985e-05
2026-08-03 14:30:00 CST,1785738600000,72.82,72.84,72.51,72.53,224570.56,68395.47,593605799.1658,-2338954.92809999,-87779.62,-2632505.8900000025,7.985e-05
2026-08-03 14:45:00 CST,1785739500000,72.53,72.67,72.48,72.58,214202.6,102046.55,594614863.9958764,1040335.3561377525,-10109.500000000007,-2642615.3900000025,7.985e-05
2026-08-03 15:00:00 CST,1785740400000,72.57,72.62,72.51,72.51,137719.6,63553.49999999999,594612942.932,-204671.61219990253,-10612.600000000006,-2653227.9900000026,7.985e-05
2026-08-03 15:15:00 CST,1785741300000,72.51,72.6,72.4,72.57,236683.15,96053.35,598025683.2818,3385956.450999975,-44576.450000000004,-2697804.4400000027,7.985e-05
2026-08-03 15:30:00 CST,1785742200000,72.58,72.66,72.5,72.51,83529.28,46597.82000000001,598140488.117469,37641.15200507641,9666.36,-2688138.0800000024,7.985e-05
2026-08-03 15:45:00 CST,1785743100000,72.51,72.55,72.45,72.48,92777.3,48101.79,598794511.9517515,1139114.6933515072,3426.2800000000025,-2684711.800000002,7.985e-05
2026-08-03 16:00:00 CST,1785744000000,72.49,72.53,72.39,72.48,94641.72,47279.97,598313442.8706253,-456813.22377479076,-81.7799999999952,-2684793.580000002,2.558e-05
2026-08-03 16:15:00 CST,1785744900000,72.49,72.5,71.87,72.04,582764.62,207900.03000000003,595202216.554,-2909795.556800008,-166964.56,-2851758.140000002,2.558e-05
2026-08-03 16:30:00 CST,1785745800000,72.04,72.21,71.95,72.19,232827.79,135562.12,592692020.9676,963250.652799964,38296.44999999999,-2813461.690000002,2.558e-05
2026-08-03 16:45:00 CST,1785746700000,72.2,72.37,72.15,72.32,132479.25,96170.55,593208221.9236,804528.1416000128,59861.84999999999,-2753599.840000002,2.558e-05
2026-08-03 17:00:00 CST,1785747600000,72.33,72.35,72.29,72.31,92823.47,59667.01,593935872.4686,673656.3044999838,26510.549999999996,-2727089.290000002,2.558e-05
2026-08-03 17:15:00 CST,1785748500000,72.32,72.44,72.31,72.42,126930.98999999999,93375.60999999999,594025778.9257662,239998.7062830925,59820.229999999996,-2667269.060000002,2.558e-05
2026-08-03 17:30:00 CST,1785749400000,72.42,72.53,72.41,72.5,99791.87,54059.22,594265544.2334443,-63915.06777346134,8326.570000000007,-2658942.490000002,2.558e-05
2026-08-03 17:45:00 CST,1785750300000,72.5,72.77,72.5,72.7,139547.24,89597.6,595499425.4259869,727114.9361742735,39647.96,-2619294.530000002,2.558e-05
2026-08-03 18:00:00 CST,1785751200000,72.7,72.77,72.62,72.65,120763.40000000001,53508.13,595766874.3364568,-1320417.2536939383,-13747.140000000007,-2633041.6700000023,2.558e-05
2026-08-03 18:15:00 CST,1785752100000,72.65,72.72,72.57,72.57,78986.70000000001,38363.19,595818632.96,382085.8709511757,-2260.3200000000033,-2635301.990000002,2.558e-05
2026-08-03 18:30:00 CST,1785753000000,72.57,72.64,72.53,72.62,85002.45999999999,44526.78999999999,595216274.9984455,28124.96164548397,4051.119999999999,-2631250.870000002,2.558e-05
2026-08-03 18:45:00 CST,1785753900000,72.62,72.64,72.49,72.57,87077.24,27652.53,594206580.8412609,-965313.0483822823,-31772.18,-2663023.050000002,2.558e-05
2026-08-03 19:00:00 CST,1785754800000,72.57,72.6,72.35,72.41,132128.76,55661.229999999996,593097620.999501,-1557637.967699051,-20806.300000000007,-2683829.350000002,2.558e-05
2026-08-03 19:15:00 CST,1785755700000,72.4,72.59,72.38,72.45,92072.55000000002,52039.73,595116200.2847539,1554404.0642402172,12006.910000000005,-2671822.440000002,2.558e-05
2026-08-03 19:30:00 CST,1785756600000,72.45,72.62,72.44,72.54,59036.240000000005,24547.11,596237708.5482874,1538236.702887416,-9942.02,-2681764.460000002,2.558e-05
2026-08-03 19:45:00 CST,1785757500000,72.53,72.54,72.37,72.42,92711.35999999999,36140.520000000004,595281397.7080967,-159623.76131868362,-20430.32,-2702194.7800000017,2.558e-05
2026-08-03 20:00:00 CST,1785758400000,72.42,72.48,72.29,72.47,160106.71000000002,80699.43000000001,594106537.5783,-749836.8790462017,1292.1499999999942,-2700902.6300000018,2.558e-05
2026-08-03 20:15:00 CST,1785759300000,72.47,72.53,72.4,72.43,90051.96,53002.57,594924632.2954879,-235590.694912076,15953.179999999995,-2684949.450000002,2.558e-05
2026-08-03 20:30:00 CST,1785760200000,72.43,72.48,72.38,72.48,62474.25,35605.68,594668479.590889,-240187.86045730114,8737.109999999995,-2676212.3400000017,2.558e-05
2026-08-03 20:45:00 CST,1785761100000,72.47,72.5,72.38,72.38,51110.46,25396.92,595198317.0394108,-177130.96218919754,-316.619999999999,-2676528.960000002,2.558e-05
2026-08-03 21:00:00 CST,1785762000000,72.38,72.46,72.35,72.4,96171.38,55127.259999999995,594764234.6474723,44542.18677222729,14083.140000000003,-2662445.8200000017,2.558e-05
2026-08-03 21:15:00 CST,1785762900000,72.41,72.73,72.4,72.46,214524.9,127072.66,596208614.3327478,1336572.9487478733,39620.42,-2622825.400000002,2.558e-05
2026-08-03 21:30:00 CST,1785763800000,72.47,72.86,72.29,72.77,439555.10000000003,218922.07,596584520.1121981,1604494.6358981133,-1710.9599999999919,-2624536.360000002,2.558e-05
2026-08-03 21:45:00 CST,1785764700000,72.76,73.25,72.62,73.22,570289.75,311447.70999999996,600109777.0571992,1803212.7250938416,52605.669999999984,-2571930.6900000023,2.558e-05
2026-08-03 22:00:00 CST,1785765600000,73.22,73.33,73.02,73.12,463906.74,232948.88,597373188.7931206,-1434240.3252096176,1991.0200000000186,-2569939.670000002,2.558e-05
2026-08-03 22:15:00 CST,1785766500000,73.12,73.68,72.98,73.62,591060.0800000001,311178.83,599246899.7746,2315131.0177999735,31297.58,-2538642.090000002,2.558e-05
2026-08-03 22:30:00 CST,1785767400000,73.61,73.72,73.45,73.57,485044.34,256044.27000000002,602520764.8639832,1097564.4690277576,27044.199999999983,-2511597.890000002,2.558e-05
2026-08-03 22:45:00 CST,1785768300000,73.58,73.78,73.4,73.76,382478.33999999997,177551.61,603863560.643721,1059512.0748852491,-27375.12000000001,-2538973.0100000016,2.558e-05
2026-08-03 23:00:00 CST,1785769200000,73.76,73.79,73.38,73.53,296045.69,109893.03,602261092.7160652,-1756554.1031348705,-76259.63,-2615232.640000002,2.558e-05
2026-08-03 23:15:00 CST,1785770100000,73.54,73.69,73.49,73.58,281923.39,143805.44,600389886.3154,501323.6233999729,5687.489999999991,-2609545.150000002,2.558e-05
2026-08-03 23:30:00 CST,1785771000000,73.59,73.72,73.49,73.56,253667.89,133410.38,599779630.9979,687791.9258999825,13152.869999999995,-2596392.2800000017,2.558e-05
2026-08-03 23:45:00 CST,1785771900000,73.57,73.68,73.43,73.57,232752.84,95690.6,599455843.8232,1209878.2742949724,-41371.63999999999,-2637763.920000002,2.558e-05
2026-08-04 00:00:00 CST,1785772800000,73.58,73.78,73.42,73.54,269201.64,145367.21,600286004.76825,595402.9561792612,21532.780000000006,-2616231.1400000015,5.86e-05
2026-08-04 00:15:00 CST,1785773700000,73.54,73.69,73.5,73.54,120476.56,61529.600000000006,600437500.212,370885.43293988705,2582.6400000000067,-2613648.5000000014,5.86e-05
2026-08-04 00:30:00 CST,1785774600000,73.55,73.55,73.2,73.29,257102.82,121774.95999999999,599509558.6247646,-1143673.5257354975,-13552.900000000001,-2627201.4000000013,5.86e-05
2026-08-04 00:45:00 CST,1785775500000,73.3,73.5,73.28,73.39,154015.44999999998,89538.5,599991547.9896,492424.3913999796,25061.55,-2602139.8500000015,5.86e-05
2026-08-04 01:00:00 CST,1785776400000,73.4,73.64,73.28,73.59,90740.65,49159.52,600821730.2925287,191398.43090593815,7578.389999999999,-2594561.4600000014,5.86e-05
2026-08-04 01:15:00 CST,1785777300000,73.6,73.84,73.51,73.6,211411.62000000002,123647.71,604146918.7923131,1818884.0403131247,35883.8,-2558677.6600000015,5.86e-05
2026-08-04 01:30:00 CST,1785778200000,73.61,73.77,73.55,73.7,135398.41999999998,64697.53999999999,603087312.7513951,-42512.22310483456,-6003.3399999999965,-2564681.0000000014,5.86e-05
2026-08-04 01:45:00 CST,1785779100000,73.69,73.77,73.58,73.66,108193.66,47247.67,602472437.952,-1575335.9646918774,-13698.319999999992,-2578379.320000001,5.86e-05
2026-08-04 02:00:00 CST,1785780000000,73.67,74.09,73.66,74.04,305877.8,194985.94,606481927.1775,2744491.4508999586,84094.08,-2494285.240000001,5.86e-05
2026-08-04 02:15:00 CST,1785780900000,74.05,74.27,73.93,73.94,253081.08999999997,124186.71,608222106.3105,153804.38406944275,-4707.669999999991,-2498992.9100000015,5.86e-05
2026-08-04 02:30:00 CST,1785781800000,73.94,74.06,73.9,73.95,101553.15,50830.67,606953926.9417,231356.78320002556,108.18999999999869,-2498884.7200000016,5.86e-05
2026-08-04 02:45:00 CST,1785782700000,73.95,74.06,73.85,73.94,123438.84000000001,49819.18,606854308.7542229,37692.33649253845,-23800.479999999996,-2522685.2000000016,5.86e-05
2026-08-04 03:00:00 CST,1785783600000,73.95,74.06,73.92,74.0,107244.14,35960.72,606418665.9443026,866263.9801025391,-35322.7,-2558007.900000002,5.86e-05
2026-08-04 03:15:00 CST,1785784500000,74.0,74.12,73.97,74.06,73685.2,48748.899999999994,606217119.0875,270711.30750000477,23812.6,-2534195.3000000017,5.86e-05
2026-08-04 03:30:00 CST,1785785400000,74.06,74.15,73.95,74.02,121262.12,53881.38,605772159.9268973,-940040.6263027191,-13499.359999999997,-2547694.6600000015,5.86e-05
2026-08-04 03:45:00 CST,1785786300000,74.02,74.1,73.97,73.99,93854.97,45723.03,606251712.1668,180903.34518492222,-2408.9100000000035,-2550103.5700000017,5.86e-05
2026-08-04 04:00:00 CST,1785787200000,74.0,74.04,73.88,73.97,109830.56,48137.409999999996,605532505.8,294544.7365555763,-13555.739999999996,-2563659.3100000015,5.86e-05
2026-08-04 04:15:00 CST,1785788100000,73.97,74.13,73.96,73.98,64484.67,28654.64,605734342.9177253,323361.7729730606,-7175.390000000001,-2570834.7000000016,5.86e-05
2026-08-04 04:30:00 CST,1785789000000,73.98,74.01,73.93,73.97,40770.08,23348.38,604939941.618304,-234777.18139600754,5926.6799999999985,-2564908.0200000014,5.86e-05
2026-08-04 04:45:00 CST,1785789900000,73.97,73.98,73.74,73.83,147437.16999999998,41498.5,604061770.392,-1027747.8776000738,-64440.17000000001,-2629348.1900000013,5.86e-05
2026-08-04 05:00:00 CST,1785790800000,73.83,73.85,73.71,73.75,67633.07,30756.53,603639791.2480667,-533044.1909247637,-6120.010000000004,-2635468.200000001,5.86e-05
2026-08-04 05:15:00 CST,1785791700000,73.76,73.82,73.69,73.77,79894.09,44550.95,602424428.7789,-835183.1010191441,9207.81,-2626260.390000001,5.86e-05
2026-08-04 05:30:00 CST,1785792600000,73.76,73.8,73.72,73.77,52980.5,23372.260000000002,602436826.7240102,-259391.25518977642,-6235.98,-2632496.370000001,5.86e-05
2026-08-04 05:45:00 CST,1785793500000,73.76,73.76,73.63,73.68,72408.86,21329.11,600877164.0884,-829458.6877000332,-29750.64,-2662247.010000001,5.86e-05
2026-08-04 06:00:00 CST,1785794400000,73.69,73.71,73.33,73.52,230882.26,74078.96,599387460.3030584,-2596984.4841406345,-82724.34000000001,-2744971.3500000015,5.86e-05
2026-08-04 06:15:00 CST,1785795300000,73.53,73.7,73.5,73.52,104009.70000000001,65527.78,600031453.5708245,196767.52794277668,27045.859999999993,-2717925.4900000016,5.86e-05
2026-08-04 06:30:00 CST,1785796200000,73.52,73.54,73.38,73.42,83868.75,37036.729999999996,598780391.5134,-1240409.2159309387,-9795.29,-2727720.780000001,5.86e-05
2026-08-04 06:45:00 CST,1785797100000,73.42,73.54,73.37,73.52,44602.3,24691.56,599772280.4928,770040.2563999891,4780.820000000001,-2722939.960000001,5.86e-05
2026-08-04 07:00:00 CST,1785798000000,73.52,73.52,73.36,73.39,63656.659999999996,40613.22,597956780.2530771,-1680025.5277228355,17569.78,-2705370.180000001,5.86e-05
2026-08-04 07:15:00 CST,1785798900000,73.39,73.5,73.38,73.48,72316.0,35187.130000000005,596805020.8020334,-708892.9904665947,-1941.739999999998,-2707311.9200000013,5.86e-05
2026-08-04 07:30:00 CST,1785799800000,73.48,73.49,73.38,73.47,53511.229999999996,31070.899999999998,595700038.4672668,-1234050.60713315,8630.569999999998,-2698681.350000001,5.86e-05
2026-08-04 07:45:00 CST,1785800700000,73.46,73.54,73.43,73.54,47170.21,30675.62,596260777.3901376,60422.56463754177,14181.029999999999,-2684500.3200000008,5.86e-05
2026-08-04 08:00:00 CST,1785801600000,73.53,73.6,73.42,73.5,125528.12999999999,50202.43,596491179.2721,308866.46939992905,-25123.269999999993,-2709623.590000001,0.0001
2026-08-04 08:15:00 CST,1785802500000,73.5,73.56,73.4,73.44,156574.04,76924.49,594066784.3731277,-1692719.6677200794,-2725.0600000000013,-2712348.650000001,0.0001
2026-08-04 08:30:00 CST,1785803400000,73.44,73.44,73.03,73.19,266176.8,99309.76,592126752.8141706,-1999468.4523293972,-67557.28,-2779905.9300000006,0.0001
2026-08-04 08:45:00 CST,1785804300000,73.19,73.23,73.02,73.06,105852.3,37552.61,591316017.057902,-660403.6475155354,-30747.080000000005,-2810653.0100000007,0.0001
2026-08-04 09:00:00 CST,1785805200000,73.06,73.19,73.02,73.11,103974.25,55553.18,592534489.9984,1044611.8895999193,7132.109999999997,-2803520.9000000004,0.0001
2026-08-04 09:15:00 CST,1785806100000,73.11,73.24,73.05,73.17,82024.97,46880.28,591471017.5494,-490816.2311999798,11735.589999999997,-2791785.3100000005,0.0001
2026-08-04 09:30:00 CST,1785807000000,73.17,73.74,73.17,73.67,278248.24,178619.56,592833736.3065,1307404.7996999025,78990.88000000002,-2712794.4300000006,0.0001
2026-08-04 09:45:00 CST,1785807900000,73.66,73.76,73.56,73.74,169574.49,106474.38,596102883.544,1321714.519999981,43374.270000000004,-2669420.1600000006,0.0001
2026-08-04 10:00:00 CST,1785808800000,73.75,73.83,73.69,73.73,113514.49,70508.77,597343994.3604,814323.4979000092,27503.049999999996,-2641917.1100000003,0.0001
2026-08-04 10:15:00 CST,1785809700000,73.74,73.8,73.64,73.72,71784.18,28745.36,596064718.3623195,-733605.0446804762,-14293.46,-2656210.5700000003,0.0001
2026-08-04 10:30:00 CST,1785810600000,73.73,74.1,73.71,73.93,314058.58999999997,199857.65,598818647.3048,2374121.246303439,85656.71,-2570553.8600000003,0.0001
2026-08-04 10:45:00 CST,1785811500000,73.93,73.96,73.82,73.85,127358.48999999999,49019.020000000004,601255124.5018,1135620.790399909,-29320.45,-2599874.31,0.0001
2026-08-04 11:00:00 CST,1785812400000,73.84,73.88,73.56,73.56,134168.28,46391.28,599764325.4102391,-1085357.1253519058,-41385.72,-2641260.03,0.0001
2026-08-04 11:15:00 CST,1785813300000,73.56,73.57,73.44,73.53,161784.53000000003,74465.20999999999,596347871.9408481,-830003.3075336218,-12854.110000000004,-2654114.1399999997,0.0001
2026-08-04 11:30:00 CST,1785814200000,73.53,73.73,73.52,73.7,84696.73,55694.53,597732119.171,595063.4363000393,26692.329999999998,-2627421.8099999996,0.0001
2026-08-04 11:45:00 CST,1785815100000,73.71,73.77,73.65,73.66,39999.75,19694.8,597522108.122183,-258870.01761698723,-610.1499999999978,-2628031.9599999995,0.0001
2026-08-04 12:00:00 CST,1785816000000,73.66,73.69,73.56,73.63,74243.18,35883.63,597159884.0328,-152562.56585884094,-2475.920000000002,-2630507.88,0.0001
2026-08-04 12:15:00 CST,1785816900000,73.62,73.78,73.61,73.68,42665.28,24886.42,598627758.1584,1073771.7895001173,7107.56,-2623400.32,0.0001
2026-08-04 12:30:00 CST,1785817800000,73.68,73.92,73.68,73.89,105094.73000000001,68568.95,599703948.3563137,1365366.5748137236,32043.17,-2591357.15,0.0001
2026-08-04 12:45:00 CST,1785818700000,73.9,74.08,73.79,73.79,241245.44,127825.63999999998,601614334.5767,555303.7997000217,14405.839999999982,-2576951.3099999996,0.0001
2026-08-04 13:00:00 CST,1785819600000,73.8,73.85,73.67,73.67,83666.73000000001,30409.21,601304689.848,-447409.17599999905,-22848.31,-2599799.6199999996,0.0001
2026-08-04 13:15:00 CST,1785820500000,73.68,73.78,73.67,73.69,44543.86,23118.26,600782347.35,489761.65814876556,1692.6599999999962,-2598106.9599999995,0.0001
2026-08-04 13:30:00 CST,1785821400000,73.7,73.77,73.69,73.75,66147.23,34020.81,600469285.3441751,3764.5704127550125,1894.3899999999994,-2596212.57,0.0001
2026-08-04 13:45:00 CST,1785822300000,73.76,73.76,73.7,73.71,31827.699999999997,11981.72,600081370.2809246,-467922.75427544117,-7864.259999999998,-2604076.8299999996,0.0001
2026-08-04 14:00:00 CST,1785823200000,73.71,73.8,73.64,73.77,78918.41,46097.6,600087759.677,116255.22650003433,13276.789999999997,-2590800.0399999996,0.0001
2026-08-04 14:15:00 CST,1785824100000,73.77,73.89,73.64,73.65,112459.56,47809.09,600011870.8688575,148359.86382877827,-16841.379999999997,-2607641.4199999995,0.0001
2026-08-04 14:30:00 CST,1785825000000,73.65,73.68,73.39,73.41,191370.79,72104.84,598672116.128,-1320660.5921999216,-47161.11000000001,-2654802.5299999993,0.0001
2026-08-04 14:45:00 CST,1785825900000,73.4,73.44,73.37,73.4,77754.41,37713.39,597230619.5857,-885982.5097178221,-2327.629999999999,-2657130.159999999,0.0001
2026-08-04 15:00:00 CST,1785826800000,73.4,73.45,73.32,73.34,107235.7,60901.87,596538641.8128,-1007402.394299984,14568.039999999997,-2642562.119999999,0.0001
2026-08-04 15:15:00 CST,1785827700000,73.34,73.37,73.17,73.35,160834.47999999998,80778.70999999999,595356345.4158,-1072274.6097000837,722.9400000000023,-2641839.1799999992,0.0001
2026-08-04 15:30:00 CST,1785828600000,73.35,73.62,73.35,73.52,151119.24000000002,94534.01999999999,596849046.813,725658.2026000023,37948.80000000002,-2603890.379999999,0.0001
2026-08-04 15:45:00 CST,1785829500000,73.52,73.71,73.52,73.66,111876.33,50752.05,598495262.8725368,1508546.7776145935,-10372.23,-2614262.609999999,0.0001
2026-08-04 16:00:00 CST,1785830400000,73.66,73.73,73.52,73.52,110178.78,43343.95999999999,597395916.3024,-602985.922823906,-23490.86,-2637753.469999999,0.0001
2026-08-04 16:15:00 CST,1785831300000,73.52,73.53,73.33,73.42,79177.66,33803.729999999996,596557030.9185,-663334.0144001245,-11570.2,-2649323.6699999985,0.0001
2026-08-04 16:30:00 CST,1785832200000,73.42,73.43,73.25,73.43,114265.95999999999,65362.39,595507800.7460058,-1408785.005494237,16458.820000000003,-2632864.849999998,0.0001
2026-08-04 16:45:00 CST,1785833100000,73.42,73.43,73.29,73.33,70464.92,30602.66,594943284.4911202,-471580.5263171196,-9259.599999999999,-2642124.4499999983,0.0001
2026-08-04 17:00:00 CST,1785834000000,73.33,73.33,73.2,73.2,89353.13,30318.92,593350690.9552453,-1420396.0285547972,-28715.290000000005,-2670839.739999998,0.0001
2026-08-04 17:15:00 CST,1785834900000,73.2,73.26,73.13,73.22,119829.14,58397.38,593691048.3384665,913567.8442938328,-3034.3799999999937,-2673874.119999998,0.0001
2026-08-04 17:30:00 CST,1785835800000,73.22,73.29,73.16,73.23,70222.26,37958.79,593559881.313,-249275.30879998207,5695.319999999996,-2668178.799999998,0.0001
2026-08-04 17:45:00 CST,1785836700000,73.23,73.27,73.19,73.26,79330.56,41799.87,594261928.2975,462851.0528999567,4269.180000000004,-2663909.619999998,0.0001
2026-08-04 18:00:00 CST,1785837600000,73.27,73.29,73.15,73.16,71985.87,30427.260000000002,593875219.4904747,-806334.9994854927,-11131.349999999995,-2675040.9699999974,0.0001
2026-08-04 18:15:00 CST,1785838500000,73.16,73.27,73.06,73.08,122433.93000000001,60966.590000000004,593760352.0932,76798.50029993057,-500.75,-2675541.719999997,0.0001
2026-08-04 18:30:00 CST,1785839400000,73.09,73.35,73.06,73.33,88619.52,55410.5,593532404.075,452415.2453157902,22201.479999999996,-2653340.2399999965,0.0001
2026-08-04 18:45:00 CST,1785840300000,73.33,73.68,73.3,73.58,270097.18,157168.99,595768032.6564,750809.6276699305,44240.8,-2609099.4399999967,0.0001
2026-08-04 19:00:00 CST,1785841200000,73.58,73.65,73.51,73.56,95228.89,51522.9,596888538.0042,192543.31333649158,7816.909999999998,-2601282.5299999965,0.0001
2026-08-04 19:15:00 CST,1785842100000,73.57,73.72,73.52,73.7,105348.62,67678.66,597106912.1102349,244926.35545539856,30008.700000000008,-2571273.829999997,0.0001
2026-08-04 19:30:00 CST,1785843000000,73.7,73.82,73.64,73.79,105446.99,49591.86,596417228.627,-1178547.7549999952,-6263.270000000004,-2577537.0999999973,0.0001
2026-08-04 19:45:00 CST,1785843900000,73.8,73.95,73.76,73.92,202765.03,101218.13,598395253.2096,1444782.1089519262,-328.7699999999968,-2577865.8699999973,0.0001
2026-08-04 20:00:00 CST,1785844800000,73.92,73.92,73.75,73.77,117129.73,57184.28,598267134.3583,-608291.8553876877,-2761.1699999999983,-2580627.0399999977,0.0001
2026-08-04 20:15:00 CST,1785845700000,73.76,73.92,73.72,73.89,86709.67,46290.39,598353920.1563,372067.4138998985,5871.110000000001,-2574755.929999998,0.0001
2026-08-04 20:30:00 CST,1785846600000,73.89,74.06,73.82,73.94,150172.12,88783.46,600881990.0161,2455551.635243058,27394.8,-2547361.129999998,0.0001
2026-08-04 20:45:00 CST,1785847500000,73.94,73.94,73.78,73.79,78007.75,28318.589999999997,600038295.4269,-806885.6849644184,-21370.57,-2568731.6999999983,0.0001
2026-08-04 21:00:00 CST,1785848400000,73.78,73.85,73.67,73.82,84651.80000000002,34094.06,599189165.244,-394327.21027445793,-16463.68,-2585195.3799999985,0.0001
2026-08-04 21:15:00 CST,1785849300000,73.82,73.94,73.69,73.82,165859.94,98371.86,600198068.325,661101.5955625772,30883.78,-2554311.599999998,0.0001
2026-08-04 21:30:00 CST,1785850200000,73.82,74.02,73.74,73.91,226788.48,123053.88,601897607.8577027,1968487.0667027235,19319.27999999999,-2534992.319999998,0.0001
2026-08-04 21:45:00 CST,1785851100000,73.91,73.95,73.55,73.61,281095.56,113784.44,599629281.7719,-2132133.2072427273,-53526.68000000001,-2588518.9999999977,0.0001
2026-08-04 22:00:00 CST,1785852000000,73.61,73.82,73.4,73.6,221847.04,99108.25,598223165.4584787,-614814.4801212549,-23630.54,-2612149.5399999977,0.0001
2026-08-04 22:15:00 CST,1785852900000,73.6,73.63,73.28,73.52,234791.24000000002,114930.16,595587838.2787453,-2658817.401254654,-4930.919999999991,-2617080.4599999976,0.0001
2026-08-04 22:30:00 CST,1785853800000,73.53,73.9,73.48,73.84,248213.96,148468.73,598207792.405871,2141388.6186710596,48723.5,-2568356.959999997,0.0001
2026-08-04 22:45:00 CST,1785854700000,73.84,73.87,73.69,73.79,106864.69,56420.81999999999,600473983.2922257,565112.1722257137,5976.949999999997,-2562380.009999997,0.0001
2026-08-04 23:00:00 CST,1785855600000,73.79,73.98,73.68,73.83,165825.17,85250.54,601255286.28,20693.753669142723,4675.909999999989,-2557704.099999997,0.0001
2026-08-04 23:15:00 CST,1785856500000,73.83,73.85,73.54,73.58,150618.26,50913.89,602844068.1388,-21905.213599920273,-48790.479999999996,-2606494.579999997,0.0001
2026-08-04 23:30:00 CST,1785857400000,73.58,73.9,73.37,73.89,222162.89,123460.3,598271793.893956,-2224687.9042440653,24757.710000000006,-2581736.8699999964,0.0001
2026-08-04 23:45:00 CST,1785858300000,73.9,74.18,73.86,73.95,364318.02,195293.32,603674438.9988,2288596.556800008,26268.620000000024,-2555468.2499999967,0.0001
2026-08-05 00:00:00 CST,1785859200000,73.96,73.98,73.76,73.87,251809.38999999998,120879.76,602696991.2496,-645595.9766038656,-10049.869999999995,-2565518.119999997,0.0001
2026-08-05 00:15:00 CST,1785860100000,73.88,73.98,73.8,73.81,99549.74,50451.78,604516056.8586761,1161846.3985483646,1353.8199999999997,-2564164.299999997,0.0001
2026-08-05 00:30:00 CST,1785861000000,73.81,73.88,73.62,73.71,119800.23999999999,53032.89000000001,602845429.3924139,-866351.7809461355,-13734.459999999992,-2577898.759999997,0.0001
2026-08-05 00:45:00 CST,1785861900000,73.71,73.77,73.56,73.71,87031.34,47536.26,600511879.149,-1544782.0899999142,8041.179999999997,-2569857.579999997,0.0001
2026-08-05 01:00:00 CST,1785862800000,73.71,74.22,73.68,74.03,314611.93,175687.52999999997,605115555.4657393,3707633.28703928,36763.12999999999,-2533094.449999997,0.0001
2026-08-05 01:15:00 CST,1785863700000,74.02,74.11,73.91,74.09,149301.53,56095.920000000006,604639769.3952,-479385.90810000896,-37109.689999999995,-2570204.139999997,0.0001
2026-08-05 01:30:00 CST,1785864600000,74.08,74.12,74.0,74.03,97515.35,40431.51,608008455.5728446,1388998.7872446775,-16652.33,-2586856.4699999965,0.0001
2026-08-05 01:45:00 CST,1785865500000,74.03,74.07,73.69,73.73,225360.61000000002,101012.11,606228970.9615711,-1711040.673281908,-23336.389999999996,-2610192.8599999966,0.0001
2026-08-05 02:00:00 CST,1785866400000,73.74,74.1,73.72,74.09,126416.38,74423.22,606759664.7783339,1943421.569333911,22430.060000000005,-2587762.7999999966,0.0001
2026-08-05 02:15:00 CST,1785867300000,74.09,74.37,74.07,74.27,317458.08999999997,172041.11,610151343.7421057,2299672.710533738,26624.12999999999,-2561138.6699999967,0.0001
2026-08-05 02:30:00 CST,1785868200000,74.27,74.32,74.01,74.13,174272.81,77882.4,608312018.3085659,-1694007.5126341581,-18508.010000000017,-2579646.679999997,0.0001
2026-08-05 02:45:00 CST,1785869100000,74.14,74.2,74.07,74.12,56637.04,29731.86,609531380.8937,172647.19790005684,2826.6800000000003,-2576819.999999997,0.0001
2026-08-05 03:00:00 CST,1785870000000,74.13,74.34,74.08,74.32,123855.83,62446.8,610352702.8162,669666.1117395163,1037.7700000000004,-2575782.229999997,0.0001
2026-08-05 03:15:00 CST,1785870900000,74.32,74.37,74.12,74.14,106228.59,51315.58,608379854.379,-2560115.521200061,-3597.4300000000003,-2579379.659999997,0.0001
2026-08-05 03:30:00 CST,1785871800000,74.14,74.34,74.11,74.23,125433.29999999999,72636.99,609363659.5128,1177026.5063999891,19840.68000000001,-2559538.9799999967,0.0001
2026-08-05 03:45:00 CST,1785872700000,74.23,74.27,74.09,74.16,156640.83,83895.37,610661981.9664,1002871.2997266054,11149.909999999996,-2548389.0699999966,0.0001
2026-08-05 04:00:00 CST,1785873600000,74.17,74.2,74.04,74.19,171247.16000000003,64965.130000000005,610375238.2940185,-605171.6684814692,-41316.900000000016,-2589705.9699999965,0.0001
2026-08-05 04:15:00 CST,1785874500000,74.18,74.18,73.84,74.06,197683.49,88489.73,608564717.2635,-1936589.752862811,-20704.029999999984,-2610409.9999999963,0.0001
2026-08-05 04:30:00 CST,1785875400000,74.06,74.44,74.04,74.38,192833.81,122666.92,610068999.2700896,885929.885489583,52500.029999999984,-2557909.969999996,0.0001
2026-08-05 04:45:00 CST,1785876300000,74.38,74.39,74.15,74.24,201833.09999999998,125063.18000000001,610347988.9156,-1266424.452620864,48293.260000000024,-2509616.7099999962,0.0001
2026-08-05 05:00:00 CST,1785877200000,74.24,74.25,73.99,74.01,92528.73,36364.24,606042255.7662,-1266046.102638483,-19800.25,-2529416.9599999962,0.0001
2026-08-05 05:15:00 CST,1785878100000,74.0,74.13,73.98,74.03,72706.88,44130.75,604361691.1059,154277.06760001183,15554.619999999997,-2513862.339999996,0.0001
2026-08-05 05:30:00 CST,1785879000000,74.02,74.11,73.99,74.05,56495.799999999996,33342.83,604070272.1264,434381.0987879038,10189.860000000002,-2503672.479999996,0.0001
2026-08-05 05:45:00 CST,1785879900000,74.05,74.11,74.01,74.09,40273.70999999999,23122.92,603483329.9124,-54285.48210000992,5972.130000000003,-2497700.349999996,0.0001
2026-08-05 06:00:00 CST,1785880800000,74.1,74.12,73.94,74.1,88465.32,47657.99999999999,604903911.4048,1001793.9761490822,6850.679999999992,-2490849.669999996,0.0001
2026-08-05 06:15:00 CST,1785881700000,74.09,74.17,74.04,74.13,41059.24,23913.08,605181294.4436,4966.466600060463,6766.92,-2484082.7499999963,0.0001
2026-08-05 06:30:00 CST,1785882600000,74.14,74.19,74.02,74.03,52089.29,25028.339999999997,605913821.7988579,102205.76265788078,-2032.6100000000024,-2486115.359999996,0.0001
2026-08-05 06:45:00 CST,1785883500000,74.03,74.07,73.98,74.07,36641.76,20409.620000000003,605599333.0180168,50067.75262975693,4177.4800000000005,-2481937.879999996,0.0001
2026-08-05 07:00:00 CST,1785884400000,74.07,74.24,73.93,74.19,135161.74,86117.92000000001,608451559.8045,2171070.7691999674,37074.100000000006,-2444863.779999996,0.0001
2026-08-05 07:15:00 CST,1785885300000,74.19,74.26,73.85,73.86,146870.3,57811.369999999995,607053630.2074087,-1941014.0505913496,-31247.559999999994,-2476111.339999996,0.0001
2026-08-05 07:30:00 CST,1785886200000,73.85,73.91,73.74,73.82,180792.22999999998,95811.54999999999,604704976.2858474,-1122395.6785160303,10830.869999999995,-2465280.469999996,0.0001
2026-08-05 07:45:00 CST,1785887100000,73.82,73.85,73.69,73.72,155906.29,74670.47,605900666.3108722,-93243.91315090656,-6565.349999999995,-2471845.8199999956,0.0001
2026-08-05 08:00:00 CST,1785888000000,73.72,73.76,73.57,73.63,183726.38,78525.03,604776843.1048832,-769402.8831168413,-26676.32,-2498522.139999996,6.418e-05
2026-08-05 08:15:00 CST,1785888900000,73.63,73.66,73.52,73.61,121134.85,64119.240000000005,604264701.9481171,-754551.1841994524,7103.630000000005,-2491418.5099999965,6.418e-05
2026-08-05 08:30:00 CST,1785889800000,73.61,73.76,73.47,73.54,154325.68,71827.8,603111784.6357,-741992.4804999828,-10670.080000000002,-2502088.589999996,6.418e-05
2026-08-05 08:45:00 CST,1785890700000,73.54,73.58,73.42,73.48,81112.35,41103.13,601893828.3806826,-889.3325173854828,1093.9099999999962,-2500994.679999996,6.418e-05
2026-08-05 09:00:00 CST,1785891600000,73.48,73.56,73.35,73.53,111845.13,57950.56,602486607.136,523790.8152000904,4055.989999999998,-2496938.689999996,6.418e-05
2026-08-05 09:15:00 CST,1785892500000,73.53,73.69,73.45,73.69,118450.15,77728.02,602575356.2865,-8213.608200073242,37005.89,-2459932.799999996,6.418e-05
2026-08-05 09:30:00 CST,1785893400000,73.68,74.06,73.68,73.87,201725.26,108889.82,604262134.0719,1566539.0478909016,16054.379999999997,-2443878.419999996,6.418e-05
2026-08-05 09:45:00 CST,1785894300000,73.86,74.08,73.85,74.08,108463.51000000001,66460.75,605037182.5125642,2009964.7262642384,24457.990000000005,-2419420.429999996,6.418e-05
2026-08-05 10:00:00 CST,1785895200000,74.08,74.36,74.04,74.21,230096.96000000002,103061.30999999998,607883363.7764,2135125.5715999603,-23974.34000000002,-2443394.7699999963,6.418e-05
2026-08-05 10:15:00 CST,1785896100000,74.21,74.23,74.04,74.17,201229.34999999998,71388.25,607823523.0798179,546844.7778178453,-58452.850000000006,-2501847.619999997,6.418e-05
2026-08-05 10:30:00 CST,1785897000000,74.17,74.38,74.16,74.37,225821.68,145984.8,610810157.1520863,2632036.5458829403,66147.92,-2435699.699999997,6.418e-05
2026-08-05 10:45:00 CST,1785897900000,74.38,74.47,74.14,74.19,225494.72,107946.95000000001,612153176.7743,-23529.566900014877,-9600.820000000007,-2445300.5199999968,6.418e-05
2026-08-05 11:00:00 CST,1785898800000,74.19,74.28,74.03,74.03,273611.12,181126.18,609233727.0257368,-2499126.3629425764,88641.24000000002,-2356659.2799999965,6.418e-05
2026-08-05 11:15:00 CST,1785899700000,74.03,74.04,73.69,73.71,351288.05,139585.75,602705239.8891,-6193880.5432652235,-72116.55000000002,-2428775.8299999963,6.418e-05
2026-08-05 11:30:00 CST,1785900600000,73.7,73.81,73.67,73.75,125694.75,69182.05,602096763.474,410266.9549920559,12669.350000000006,-2416106.4799999963,6.418e-05
2026-08-05 11:45:00 CST,1785901500000,73.76,73.78,73.74,73.75,58938.88,30920.079999999998,601773537.2366843,281317.01428437233,2901.2800000000025,-2413205.1999999965,6.418e-05
2026-08-05 12:00:00 CST,1785902400000,73.75,73.78,73.65,73.66,66841.34,37758.81,600749512.143,-704006.6694999933,8676.279999999999,-2404528.9199999967,6.418e-05
2026-08-05 12:15:00 CST,1785903300000,73.66,73.7,73.58,73.64,104885.79999999999,54953.39,599506061.7125359,-754947.0028429031,5020.98,-2399507.9399999967,6.418e-05
2026-08-05 12:30:00 CST,1785904200000,73.65,73.82,73.64,73.73,79404.34,50312.3,599946152.8875,303742.1385000944,21220.260000000002,-2378287.6799999964,6.418e-05
2026-08-05 12:45:00 CST,1785905100000,73.74,73.79,73.7,73.75,53947.89,29605.079999999998,600130709.4608,43744.99791109562,5262.27,-2373025.409999997,6.418e-05
2026-08-05 13:00:00 CST,1785906000000,73.76,74.06,73.7,73.93,143643.56,84494.65,601262271.8316,975148.6677244902,25345.74,-2347679.669999997,6.418e-05
2026-08-05 13:15:00 CST,1785906900000,73.94,74.28,73.9,74.16,223663.94,133127.84,602233374.4240779,1301295.9916778803,42591.740000000005,-2305087.9299999974,6.418e-05
2026-08-05 13:30:00 CST,1785907800000,74.15,74.15,74.02,74.14,154730.58,75779.34,602706467.23,-1314951.2544146776,-3171.899999999998,-2308259.8299999977,6.418e-05
2026-08-05 13:45:00 CST,1785908700000,74.13,74.18,74.06,74.11,99160.33,29981.440000000002,601079643.9304597,-1423191.631745696,-39197.45,-2347457.2799999975,6.418e-05
2026-08-05 14:00:00 CST,1785909600000,74.11,74.13,74.01,74.07,55839.51,24506.949999999997,600478931.7245935,-954848.4912978411,-6825.610000000002,-2354282.889999998,6.418e-05
2026-08-05 14:15:00 CST,1785910500000,74.06,74.11,74.01,74.1,50610.81,26578.84,600862450.5449932,317576.4955931902,2546.870000000001,-2351736.0199999977,6.418e-05
2026-08-05 14:30:00 CST,1785911400000,74.09,74.22,74.08,74.09,77426.31,32134.6,602343132.6856567,1392885.3539572954,-13157.11,-2364893.129999998,6.418e-05
2026-08-05 14:45:00 CST,1785912300000,74.09,74.1,73.92,73.98,107239.19,30181.059999999998,601312984.3818,-494006.2845327854,-46877.07000000001,-2411770.199999998,6.418e-05
2026-08-05 15:00:00 CST,1785913200000,73.98,74.01,73.81,73.86,142321.75,75289.78,599720391.7787,-2006637.9486999512,8257.809999999998,-2403512.389999998,6.418e-05
2026-08-05 15:15:00 CST,1785914100000,73.86,73.87,73.65,73.67,179648.16,77322.90000000001,596569684.2504,-1811202.8734000921,-25002.359999999986,-2428514.749999998,6.418e-05
2026-08-05 15:30:00 CST,1785915000000,73.68,73.73,73.64,73.64,138816.31,78016.35,597510576.043839,973036.9038389921,17216.39,-2411298.3599999985,6.418e-05
2026-08-05 15:45:00 CST,1785915900000,73.65,73.95,73.64,73.93,139864.74,99788.45999999999,598665868.3152,1413770.2230029106,59712.17999999999,-2351586.1799999983,6.418e-05
2026-08-05 16:00:00 CST,1785916800000,73.94,74.08,73.94,73.98,133289.31,73305.26,599294063.7876,-6502.637799859047,13321.210000000003,-2338264.9699999983,3.7e-05
2026-08-05 16:15:00 CST,1785917700000,73.99,74.13,73.91,74.11,103870.95,59453.68,599562654.5731993,846981.6563084126,15036.410000000003,-2323228.5599999987,3.7e-05
2026-08-05 16:30:00 CST,1785918600000,74.11,74.12,73.96,74.01,89943.59,32361.53,600507040.747278,-140549.67951226234,-25220.530000000002,-2348449.0899999985,3.7e-05
2026-08-05 16:45:00 CST,1785919500000,74.0,74.1,73.95,74.05,81590.67000000001,30515.920000000002,600303149.8675115,853423.1992006302,-20558.83,-2369007.919999998,3.7e-05
2026-08-05 17:00:00 CST,1785920400000,74.05,74.08,73.97,74.06,45123.65,18030.46,600488125.5744,-213925.01160001755,-9062.730000000003,-2378070.649999998,3.7e-05
2026-08-05 17:15:00 CST,1785921300000,74.06,74.17,74.04,74.12,93145.43000000001,52387.11,602045682.4603,1320199.7346999645,11628.789999999997,-2366441.859999998,3.7e-05
2026-08-05 17:30:00 CST,1785922200000,74.12,74.16,74.09,74.1,60045.579999999994,35263.7,602686313.496,933211.5740996599,10481.82,-2355960.0399999977,3.7e-05
2026-08-05 17:45:00 CST,1785923100000,74.1,74.1,73.96,73.98,67312.97,26338.629999999997,601920604.6524,-431460.36360001564,-14635.71,-2370595.7499999977,3.7e-05
2026-08-05 18:00:00 CST,1785924000000,73.98,74.03,73.9,73.96,94546.75,57887.0,601494522.0508,23312.204199910164,21227.249999999996,-2349368.4999999977,3.7e-05
2026-08-05 18:15:00 CST,1785924900000,73.96,74.06,73.87,74.02,64322.57000000001,20998.829999999998,600509775.2837586,49719.88937795162,-22324.91,-2371693.409999998,3.7e-05
2026-08-05 18:30:00 CST,1785925800000,74.02,74.09,73.97,74.0,48321.899999999994,26942.190000000002,601364757.9071,143180.68269991875,5562.480000000001,-2366130.929999998,3.7e-05
2026-08-05 18:45:00 CST,1785926700000,74.01,74.03,73.76,73.81,174299.32,84100.21,599706341.0701975,-1172364.4234025478,-6098.900000000009,-2372229.8299999977,3.7e-05
2026-08-05 19:00:00 CST,1785927600000,73.82,73.97,73.8,73.89,89995.95999999999,53289.68,602406077.5122,2025167.615371704,16583.4,-2355646.429999998,3.7e-05
2026-08-05 19:15:00 CST,1785928500000,73.89,73.91,73.77,73.78,47044.0,16806.54,601728413.1615,-109647.02850008011,-13430.919999999998,-2369077.349999998,3.7e-05
2026-08-05 19:30:00 CST,1785929400000,73.78,73.86,73.71,73.74,72615.45000000001,34599.66,600822629.8732,137380.5734000206,-3416.1300000000047,-2372493.4799999986,3.7e-05
2026-08-05 19:45:00 CST,1785930300000,73.74,73.76,73.69,73.73,75379.56999999999,31070.17,600184593.4266,-309889.97339999676,-13239.230000000001,-2385732.7099999986,3.7e-05
2026-08-05 20:00:00 CST,1785931200000,73.74,73.93,73.67,73.84,131292.83,65052.32,601323731.1744,882743.7925553322,-1188.189999999995,-2386920.8999999985,3.7e-05
2026-08-05 20:15:00 CST,1785932100000,73.84,74.36,73.82,74.25,566070.24,310906.44,603743979.9695778,2147146.1560777426,55742.64,-2331178.2599999984,3.7e-05
2026-08-05 20:30:00 CST,1785933000000,74.25,74.3,74.07,74.11,175106.94000000003,53888.159999999996,602138297.3888,-1229491.7635279894,-67330.62000000001,-2398508.8799999985,3.7e-05
2026-08-05 20:45:00 CST,1785933900000,74.12,74.14,73.96,74.03,121575.7,48511.31,601155544.8394891,-1071786.9757108688,-24553.080000000005,-2423061.959999999,3.7e-05
2026-08-05 21:00:00 CST,1785934800000,74.04,74.08,73.67,73.84,289837.72,124990.37,601237478.46,-393080.4155999422,-39856.97999999999,-2462918.939999999,3.7e-05
2026-08-05 21:15:00 CST,1785935700000,73.83,73.87,73.71,73.74,282907.4,84855.61,599620620.6594,843314.3154000044,-113196.18,-2576115.119999999,3.7e-05
2026-08-05 21:30:00 CST,1785936600000,73.74,73.81,73.21,73.65,921221.31,470622.82999999996,608284825.6696817,3211627.3192816973,20024.350000000006,-2556090.769999999,3.7e-05
2026-08-05 21:45:00 CST,1785937500000,73.66,73.95,73.47,73.94,406228.38,223166.77,608647718.6336,1278368.7120000124,40105.16,-2515985.609999999,3.7e-05
2026-08-05 22:00:00 CST,1785938400000,73.95,74.12,73.75,73.99,384883.36,199996.34,606480453.8481,-2376170.8073871136,15109.319999999992,-2500876.289999999,3.7e-05
2026-08-05 22:15:00 CST,1785939300000,73.99,74.1,73.73,73.78,252061.12999999998,115223.93000000001,605734068.798,-1791340.4408084154,-21613.269999999997,-2522489.5599999987,3.7e-05
2026-08-05 22:30:00 CST,1785940200000,73.77,73.86,73.57,73.78,233504.92,119798.06999999999,604781083.9559461,-863652.5170539618,6091.219999999979,-2516398.3399999985,3.7e-05
2026-08-05 22:45:00 CST,1785941100000,73.77,74.02,73.65,73.91,188416.7,86658.83,607224548.4096,-71721.69209992886,-15099.039999999994,-2531497.379999998,3.7e-05
2026-08-05 23:00:00 CST,1785942000000,73.92,74.2,73.85,74.03,320656.43,172232.86,610639213.8294,3155951.8288174868,23809.290000000008,-2507688.089999998,3.7e-05
2026-08-05 23:15:00 CST,1785942900000,74.02,74.05,73.81,74.0,206005.05000000002,99342.37999999999,610532262.7514739,808886.1663407087,-7320.290000000001,-2515008.379999998,3.7e-05
2026-08-05 23:30:00 CST,1785943800000,73.99,74.29,73.99,74.14,361497.56,238919.61,614385610.384,3479681.6767998934,116341.66,-2398666.719999998,3.7e-05
2026-08-05 23:45:00 CST,1785944700000,74.15,74.17,73.91,73.91,186162.09999999998,75683.84,618724942.3142,-1459290.4406181574,-34794.41999999999,-2433461.139999998,3.7e-05
2026-08-06 00:00:00 CST,1785945600000,73.91,74.17,73.9,74.16,145836.99,76766.16,619139576.928514,1531899.7578219175,7695.330000000002,-2425765.8099999977,5.055e-05
2026-08-06 00:15:00 CST,1785946500000,74.17,74.4,74.09,74.37,348628.83999999997,200551.1,621437991.6150279,1436138.215527892,52473.36,-2373292.449999998,5.055e-05
2026-08-06 00:30:00 CST,1785947400000,74.37,74.41,74.23,74.32,223857.13,123897.68000000001,627807495.2270241,3370629.975024104,23938.23,-2349354.219999998,5.055e-05
2026-08-06 00:45:00 CST,1785948300000,74.31,74.32,74.15,74.25,116793.84000000001,43195.14,628091885.0517157,-702076.4685820341,-30403.56,-2379757.7799999984,5.055e-05
2026-08-06 01:00:00 CST,1785949200000,74.25,74.39,74.15,74.18,106208.3,53986.95,629004554.4101554,-36846.734515309334,1765.5999999999985,-2377992.1799999983,5.055e-05
2026-08-06 01:15:00 CST,1785950100000,74.17,74.22,74.09,74.17,126439.95,70285.82999999999,627872487.2667,-1151660.9586999416,14131.709999999992,-2363860.4699999983,5.055e-05
2026-08-06 01:30:00 CST,1785951000000,74.16,74.64,74.12,74.5,460117.34,322477.15,631675433.8908,3627030.993365288,184836.95999999996,-2179023.5099999984,5.055e-05
2026-08-06 01:45:00 CST,1785951900000,74.5,74.59,74.47,74.52,194035.06,92014.25,634969386.3084,1580556.3034000397,-10006.560000000012,-2189030.0699999984,5.055e-05
2026-08-06 02:00:00 CST,1785952800000,74.52,74.6,74.39,74.56,217116.28999999998,127349.66999999998,634004545.6136593,61921.75466299057,37583.05,-2151447.019999998,5.055e-05
2026-08-06 02:15:00 CST,1785953700000,74.56,74.82,74.46,74.49,259511.19,163223.89,634770610.3266,-367095.1337581873,66936.58999999998,-2084510.429999998,5.055e-05
2026-08-06 02:30:00 CST,1785954600000,74.49,74.65,74.42,74.64,118006.34,75636.42,636965273.806,2051505.7086696625,33266.5,-2051243.929999998,5.055e-05
2026-08-06 02:45:00 CST,1785955500000,74.64,74.65,74.44,74.5,106086.22,45708.880000000005,635938000.0369,-1403426.942299962,-14668.459999999992,-2065912.3899999983,5.055e-05
2026-08-06 03:00:00 CST,1785956400000,74.5,74.6,74.44,74.5,90615.74,51029.66,636915127.884,327675.0478659868,11443.579999999994,-2054468.8099999982,5.055e-05
2026-08-06 03:15:00 CST,1785957300000,74.5,74.5,74.4,74.44,74827.5,34196.71,636282486.8854873,-467635.2033804655,-6434.080000000002,-2060902.8899999983,5.055e-05
2026-08-06 03:30:00 CST,1785958200000,74.44,74.49,74.4,74.45,80476.68,38124.06,636519958.8640411,177713.78294110298,-4228.560000000001,-2065131.4499999983,5.055e-05
2026-08-06 03:45:00 CST,1785959100000,74.44,74.54,74.38,74.43,163263.94,78866.64,635206838.277,-1348586.1809999943,-5530.659999999996,-2070662.1099999985,5.055e-05
2026-08-06 04:00:00 CST,1785960000000,74.43,74.51,74.27,74.5,179772.72,89626.23999999999,632555359.1079862,-1512132.5014408827,-520.2400000000016,-2071182.3499999987,5.055e-05
2026-08-06 04:15:00 CST,1785960900000,74.5,74.56,74.34,74.39,148631.33000000002,86436.64,632891680.8163377,-1341126.2686400414,24241.94999999999,-2046940.3999999987,5.055e-05
2026-08-06 04:30:00 CST,1785961800000,74.4,74.51,74.33,74.5,60646.479999999996,37742.14,632768282.5905,27305.371235013008,14837.799999999994,-2032102.5999999987,5.055e-05
2026-08-06 04:45:00 CST,1785962700000,74.5,74.51,74.34,74.35,70221.97,21893.200000000004,633261189.149,-352349.99099993706,-26435.569999999992,-2058538.1699999985,5.055e-05
2026-08-06 05:00:00 CST,1785963600000,74.34,74.36,74.14,74.29,156607.22999999998,51124.22,630389386.186,-2177967.0779913664,-54358.78999999999,-2112896.9599999986,5.055e-05
2026-08-06 05:15:00 CST,1785964500000,74.29,74.29,74.04,74.08,126751.16999999998,41039.66,626883803.9058,-3765836.0034741163,-44671.85,-2157568.8099999987,5.055e-05
2026-08-06 05:30:00 CST,1785965400000,74.08,74.17,74.03,74.1,71951.09,33179.3,625510446.7059938,-622482.196206212,-5592.490000000002,-2163161.2999999984,5.055e-05
2026-08-06 05:45:00 CST,1785966300000,74.11,74.18,74.07,74.08,66171.06,36303.1,626119503.4424,508122.5941115618,6435.139999999999,-2156726.1599999983,5.055e-05
2026-08-06 06:00:00 CST,1785967200000,74.09,74.16,73.99,74.05,100508.81,49873.89,625704655.4622,-440396.0457999706,-761.0299999999934,-2157487.1899999985,5.055e-05
2026-08-06 06:15:00 CST,1785968100000,74.06,74.16,73.95,74.01,109507.70999999999,56709.37,626110628.0070983,549512.3912982941,3911.030000000006,-2153576.1599999988,5.055e-05
2026-08-06 06:30:00 CST,1785969000000,74.01,74.06,73.97,74.0,60064.880000000005,37079.42,625177054.0296,-188220.0596600771,14093.959999999997,-2139482.199999999,5.055e-05
2026-08-06 06:45:00 CST,1785969900000,74.01,74.08,73.96,73.96,62520.99,34271.96,624893482.2628521,-424945.5359092951,6022.930000000002,-2133459.269999999,5.055e-05
2026-08-06 07:00:00 CST,1785970800000,73.96,73.97,73.8,73.92,207066.62999999998,87879.29,623048582.7790748,-1295364.7153252363,-31308.04999999999,-2164767.3199999994,5.055e-05
2026-08-06 07:15:00 CST,1785971700000,73.91,74.01,73.87,73.98,95801.70000000001,59683.19,622936720.6225116,-228159.46325182915,23564.67999999999,-2141202.6399999997,5.055e-05
2026-08-06 07:30:00 CST,1785972600000,73.98,74.07,73.97,74.02,66717.97,36317.17,623043368.3669971,-192146.65470290184,5916.369999999995,-2135286.2699999996,5.055e-05
2026-08-06 07:45:00 CST,1785973500000,74.02,74.04,73.93,74.0,58627.13999999999,27432.07,622132703.7736727,-761916.9791272879,-3762.9999999999927,-2139049.2699999996,5.055e-05
2026-08-06 08:00:00 CST,1785974400000,74.0,74.12,73.99,74.06,105719.19,42468.29,623391362.1848617,1112219.0448616743,-20782.610000000004,-2159831.88,9e-07
2026-08-06 08:15:00 CST,1785975300000,74.06,74.24,74.04,74.14,97354.79000000001,38777.45,624661450.2414,1208553.987800002,-19799.890000000007,-2179631.77,9e-07
2026-08-06 08:30:00 CST,1785976200000,74.15,74.19,74.06,74.07,45218.469999999994,20244.65,622168893.8549,-851906.3521000147,-4729.17,-2184360.9400000004,9e-07
2026-08-06 08:45:00 CST,1785977100000,74.07,74.1,74.0,74.03,55585.229999999996,28196.600000000002,622446277.752,631756.074000001,807.9700000000048,-2183552.97,9e-07
2026-08-06 09:00:00 CST,1785978000000,74.03,74.08,73.95,74.02,97574.65,55346.42,621523218.6034565,-175637.0161435604,13118.189999999999,-2170434.78,9e-07
2026-08-06 09:15:00 CST,1785978900000,74.01,74.03,73.71,73.74,274489.66,71244.6,615908060.5716,-5242237.776300073,-132000.46,-2302435.2399999998,9e-07
2026-08-06 09:30:00 CST,1785979800000,73.74,73.85,73.68,73.74,156269.72999999998,75534.81,615184545.808,329940.7173999548,-5200.109999999997,-2307635.35,9e-07
2026-08-06 09:45:00 CST,1785980700000,73.73,73.89,73.7,73.7,76370.02,43211.240000000005,613892573.9285306,-369156.40026938915,10052.460000000003,-2297582.89,9e-07
2026-08-06 10:00:00 CST,1785981600000,73.7,73.74,73.54,73.55,281769.07,125032.73,614228563.8368,671843.7251380682,-31703.61,-2329286.5,9e-07
2026-08-06 10:15:00 CST,1785982500000,73.55,73.6,73.34,73.38,463048.63,196049.5,615665946.5614712,1079545.2262712717,-70949.63,-2400236.1300000004,9e-07
2026-08-06 10:30:00 CST,1785983400000,73.39,73.57,73.33,73.55,196213.72999999998,92565.09000000001,616094116.7184,504101.2672345638,-11083.549999999988,-2411319.6800000006,9e-07
2026-08-06 10:45:00 CST,1785984300000,73.56,73.56,73.45,73.48,104120.40000000001,49693.42999999999,616571788.2414055,-861090.8537944555,-4733.5400000000045,-2416053.2200000007,9e-07
2026-08-06 11:00:00 CST,1785985200000,73.49,73.52,73.39,73.51,90015.95999999999,41782.899999999994,616275246.0081308,-114334.64246916771,-6450.1600000000035,-2422503.380000001,9e-07
2026-08-06 11:15:00 CST,1785986100000,73.51,73.51,73.42,73.5,74584.14,29762.770000000004,616922142.0628,122523.83830010891,-15058.599999999999,-2437561.980000001,9e-07
2026-08-06 11:30:00 CST,1785987000000,73.51,73.55,73.41,73.41,82667.73000000001,34098.530000000006,617512114.695,27588.36340010166,-14470.669999999995,-2452032.6500000013,9e-07
2026-08-06 11:45:00 CST,1785987900000,73.41,73.54,73.4,73.44,132253.18,71044.04999999999,618921754.4950308,1222614.9871922731,9834.919999999998,-2442197.7300000014,9e-07
2026-08-06 12:00:00 CST,1785988800000,73.45,73.56,73.34,73.55,139520.41,71296.15000000001,619658114.8389305,643003.8025372028,3071.8900000000103,-2439125.8400000012,9e-07
2026-08-06 12:15:00 CST,1785989700000,73.55,73.78,73.54,73.75,231147.05,134079.58000000002,619643637.6527051,-436250.0807542801,37012.11,-2402113.7300000014,9e-07
2026-08-06 12:30:00 CST,1785990600000,73.76,73.84,73.68,73.7,113594.94999999998,60568.43,618285781.8975154,-1190740.193684578,7541.9100000000035,-2394571.8200000017,9e-07
2026-08-06 12:45:00 CST,1785991500000,73.7,73.83,73.64,73.83,53029.25,32728.57,617969250.2494,624236.9662891626,12427.890000000003,-2382143.9300000016,9e-07
2026-08-06 13:00:00 CST,1785992400000,73.82,74.33,73.81,74.19,428444.89999999997,254392.01,619718550.8379809,1597402.503623724,80339.12000000004,-2301804.8100000015,9e-07
2026-08-06 13:15:00 CST,1785993300000,74.19,74.33,74.07,74.11,283609.19,121120.47999999998,617188854.2242614,-1938491.0002583265,-41368.229999999996,-2343173.0400000014,9e-07
2026-08-06 13:30:00 CST,1785994200000,74.1,74.16,74.04,74.16,116236.74999999999,62882.33,615880099.0592,48667.54519999027,9527.910000000007,-2333645.1300000013,9e-07
2026-08-06 13:45:00 CST,1785995100000,74.16,74.2,74.1,74.2,70063.04000000001,28470.699999999997,616598363.8298,-66246.91237938404,-13121.640000000001,-2346766.7700000014,9e-07
2026-08-06 14:00:00 CST,1785996000000,74.2,74.21,73.97,73.99,147718.38,79230.5,615761018.4550359,-1050786.80452466,10742.620000000003,-2336024.150000002,9e-07
2026-08-06 14:15:00 CST,1785996900000,73.98,74.1,73.91,74.04,91629.97,40280.979999999996,615957002.7237,877689.473860383,-11068.010000000002,-2347092.160000002,9e-07
2026-08-06 14:30:00 CST,1785997800000,74.04,74.09,73.99,74.08,57403.78,27951.96,615940115.9615,-86850.11169993877,-1499.8600000000024,-2348592.0200000023,9e-07
2026-08-06 14:45:00 CST,1785998700000,74.08,74.1,73.98,74.01,39151.78,20444.44,615495161.5939002,-817395.4610216618,1737.0999999999985,-2346854.9200000023,9e-07
2026-08-06 15:00:00 CST,1785999600000,74.02,74.07,73.95,74.06,74255.16,44242.5,616258067.4745268,481557.1585267782,14229.839999999993,-2332625.080000002,9e-07
2026-08-06 15:15:00 CST,1786000500000,74.06,74.1,73.99,74.03,47365.219999999994,27884.6,616836328.1164836,124437.49508357048,8403.980000000001,-2324221.100000002,9e-07
2026-08-06 15:30:00 CST,1786001400000,74.03,74.05,73.87,73.88,83125.51000000001,36911.78,615457704.506763,-1131514.4440153837,-9301.950000000003,-2333523.050000002,9e-07
2026-08-06 15:45:00 CST,1786002300000,73.88,73.91,73.83,73.84,52337.84,25691.79,613892443.5012,-352435.2519659996,-954.2599999999966,-2334477.310000002,9e-07
2026-08-06 16:00:00 CST,1786003200000,73.85,73.87,73.71,73.74,121428.0,50586.689999999995,613188898.6593,-946227.2947000265,-20254.620000000003,-2354731.930000002,-4.113e-05
2026-08-06 16:15:00 CST,1786004100000,73.75,73.79,73.66,73.76,155303.61,71889.36,611147851.5469071,-818706.9030929804,-11524.890000000007,-2366256.820000002,-4.113e-05
2026-08-06 16:30:00 CST,1786005000000,73.77,73.89,73.72,73.83,120018.41999999998,58752.16,612605150.1414151,900293.3649151325,-2514.0999999999913,-2368770.920000002,-4.113e-05
2026-08-06 16:45:00 CST,1786005900000,73.84,74.08,73.83,73.95,124984.19999999998,75400.76,614627992.0332981,1405261.0430833101,25817.320000000003,-2342953.6000000015,-4.113e-05
2026-08-06 17:00:00 CST,1786006800000,73.95,73.96,73.55,73.57,243490.9,82145.43,611187585.72,-2840800.738499999,-79200.03999999998,-2422153.6400000015,-4.113e-05
2026-08-06 17:15:00 CST,1786007700000,73.58,73.65,73.43,73.48,410291.11000000004,150218.46,610147054.3129826,-1546150.3307408094,-109854.19,-2532007.8300000015,-4.113e-05
2026-08-06 17:30:00 CST,1786008600000,73.48,73.48,73.24,73.29,446752.99,206926.16,608963798.3688,447686.72941350937,-32900.670000000006,-2564908.5000000014,-4.113e-05
2026-08-06 17:45:00 CST,1786009500000,73.3,73.31,73.12,73.25,292309.52,116790.48999999999,614227881.1193215,1435359.975321412,-58728.54,-2623637.0400000014,-4.113e-05
2026-08-06 18:00:00 CST,1786010400000,73.24,73.29,73.12,73.15,184739.71999999997,100097.29999999999,612684202.9034884,-1539939.030959487,15454.880000000005,-2608182.160000001,-4.113e-05
2026-08-06 18:15:00 CST,1786011300000,73.15,73.37,73.13,73.34,215639.34999999998,128252.32999999999,614825443.5414,2313643.978199959,40865.30999999999,-2567316.850000001,-4.113e-05
2026-08-06 18:30:00 CST,1786012200000,73.34,73.4,73.26,73.27,111122.66,44696.68,614729400.6859845,-47295.758301615715,-21729.3,-2589046.1500000013,-4.113e-05
2026-08-06 18:45:00 CST,1786013100000,73.27,73.32,73.2,73.27,84803.76999999999,47772.81,613727098.536,39640.718400001526,10741.849999999995,-2578304.300000001,-4.113e-05
2026-08-06 19:00:00 CST,1786014000000,73.27,73.35,73.13,73.32,121323.06999999999,70894.72,615156494.3539617,524167.27926170826,20466.37,-2557837.930000001,-4.113e-05
2026-08-06 19:15:00 CST,1786014900000,73.33,73.44,73.32,73.34,75924.6,38639.23,616412733.9354485,501723.9630485773,1353.859999999997,-2556484.0700000008,-4.113e-05
2026-08-06 19:30:00 CST,1786015800000,73.34,73.52,73.34,73.49,79037.34,41634.229999999996,617249879.888024,1230344.8118606806,4231.1199999999935,-2552252.9500000007,-4.113e-05
2026-08-06 19:45:00 CST,1786016700000,73.48,73.49,73.39,73.41,73534.11,34229.0,616889980.5492579,-408469.3038420677,-5076.109999999997,-2557329.060000001,-4.113e-05
2026-08-06 20:00:00 CST,1786017600000,73.42,73.44,73.23,73.23,140278.16,55436.65,614892702.5785853,-1739618.6800147295,-29404.859999999993,-2586733.920000001,-4.113e-05
2026-08-06 20:15:00 CST,1786018500000,73.23,73.37,73.18,73.35,102406.75,52431.700000000004,615253494.2185843,736710.4028327465,2456.6500000000087,-2584277.270000001,-4.113e-05
2026-08-06 20:30:00 CST,1786019400000,73.35,73.4,73.25,73.3,73408.63,41289.17,616520130.588,597320.2636885643,9169.710000000001,-2575107.560000001,-4.113e-05
2026-08-06 20:45:00 CST,1786020300000,73.3,73.31,73.08,73.1,142758.38,46883.26,615416666.5917674,-507633.05541336536,-48991.85999999999,-2624099.420000001,-4.113e-05
2026-08-06 21:00:00 CST,1786021200000,73.1,73.14,72.81,72.93,441834.21,153569.06,609305083.2704,-5945701.375641823,-134696.09000000003,-2758795.5100000007,-4.113e-05
2026-08-06 21:15:00 CST,1786022100000,72.93,72.95,72.78,72.92,199335.15,100417.79999999999,610523652.4443,-176585.60858619213,1500.449999999997,-2757295.0600000005,-4.113e-05
2026-08-06 21:30:00 CST,1786023000000,72.92,73.25,72.81,73.21,290890.48,149855.12,615141867.7084,3587150.6368000507,8819.759999999995,-2748475.3000000003,-4.113e-05
2026-08-06 21:45:00 CST,1786023900000,73.21,73.29,73.13,73.19,159212.80000000002,81040.18,615628517.58,-819844.4539999962,2867.559999999983,-2745607.7400000007,-4.113e-05
2026-08-06 22:00:00 CST,1786024800000,73.2,73.27,73.11,73.18,139587.1,65041.04000000001,615588806.8382148,195431.0822147131,-9505.019999999997,-2755112.7600000002,-4.113e-05
2026-08-06 22:15:00 CST,1786025700000,73.17,73.35,73.13,73.13,141936.32,63305.52999999999,615905708.1207211,82018.90602743626,-15325.260000000013,-2770438.0200000005,-4.113e-05
2026-08-06 22:30:00 CST,1786026600000,73.13,73.56,73.05,73.49,369272.88,249282.28,618372246.932211,3093867.9814128876,129291.68000000002,-2641146.3400000003,-4.113e-05
2026-08-06 22:45:00 CST,1786027500000,73.5,73.55,73.3,73.42,178255.07,94232.51000000001,616813682.5683844,-1931083.721615553,10209.94999999999,-2630936.3900000006,-4.113e-05
2026-08-06 23:00:00 CST,1786028400000,73.42,73.59,73.39,73.46,160224.07,69933.69,617759185.1825,130280.16534256935,-20356.689999999995,-2651293.0800000005,-4.113e-05
2026-08-06 23:15:00 CST,1786029300000,73.46,73.53,73.31,73.48,122432.08,38919.75,616599172.4021446,-365065.1685554981,-44592.58,-2695885.6600000006,-4.113e-05
2026-08-06 23:30:00 CST,1786030200000,73.48,73.59,73.35,73.36,110041.72,44076.08,616451589.785742,-862793.4342579842,-21889.56,-2717775.2200000007,-4.113e-05
2026-08-06 23:45:00 CST,1786031100000,73.37,73.52,73.26,73.27,132833.72,59986.03999999999,614507837.1843575,-1007111.0005910397,-12861.64,-2730636.8600000003,-4.113e-05
2026-08-07 00:00:00 CST,1786032000000,73.27,73.35,73.03,73.1,230436.81,87221.73,614815007.7795,880577.6355122328,-55993.350000000006,-2786630.21,-6.988e-05
2026-08-07 00:15:00 CST,1786032900000,73.11,73.28,73.08,73.27,118073.13,68479.83,611959667.3620293,1256978.4170292616,18886.530000000006,-2767743.6799999997,-6.988e-05
2026-08-07 00:30:00 CST,1786033800000,73.28,73.45,73.21,73.36,79086.06,42733.770000000004,612807912.3712,87205.1901036501,6381.479999999996,-2761362.1999999997,-6.988e-05
2026-08-07 00:45:00 CST,1786034700000,73.36,73.43,73.3,73.4,82545.17,40999.67,612444913.9068788,-355459.49592113495,-545.8300000000017,-2761908.0299999993,-6.988e-05
2026-08-07 01:00:00 CST,1786035600000,73.4,73.51,73.39,73.39,117253.26,53624.3,612878898.5164982,-335030.2450017929,-10004.659999999998,-2771912.689999999,-6.988e-05
2026-08-07 01:15:00 CST,1786036500000,73.39,73.42,73.28,73.29,43625.01000000001,21487.87,611887440.1068,-843782.4268438816,-649.2700000000023,-2772561.959999999,-6.988e-05
2026-08-07 01:30:00 CST,1786037400000,73.28,73.35,73.01,73.12,123332.25,61135.05,610224769.1547,-1205110.8630992174,-1062.1499999999942,-2773624.109999999,-6.988e-05
2026-08-07 01:45:00 CST,1786038300000,73.12,73.17,73.05,73.15,75427.26000000001,42337.97,610816676.699,166003.4526000023,9248.68,-2764375.4299999992,-6.988e-05
2026-08-07 02:00:00 CST,1786039200000,73.15,73.16,72.91,73.03,162202.88,62841.8,610221948.888,-1097009.8466391563,-36519.27999999999,-2800894.709999999,-6.988e-05
2026-08-07 02:15:00 CST,1786040100000,73.04,73.19,73.0,73.08,68109.20999999999,40309.130000000005,612235651.3143,840052.7246999741,12509.050000000005,-2788385.659999999,-6.988e-05
2026-08-07 02:30:00 CST,1786041000000,73.07,73.08,72.85,72.86,113706.25,45397.09,610783496.1712579,-1135277.860342145,-22912.070000000007,-2811297.729999999,-6.988e-05
2026-08-07 02:45:00 CST,1786041900000,72.86,72.95,72.66,72.79,275116.29,130319.11,608458720.7428472,-2482880.9788274765,-14478.069999999992,-2825775.799999999,-6.988e-05
2026-08-07 03:00:00 CST,1786042800000,72.78,72.83,72.72,72.75,99480.54999999999,44520.04,611301043.808,-100323.43790006638,-10440.470000000001,-2836216.269999999,-6.988e-05
2026-08-07 03:15:00 CST,1786043700000,72.74,72.75,72.51,72.59,200361.04,96396.69,610926794.694,232344.79972970486,-7567.659999999989,-2843783.929999999,-6.988e-05
2026-08-07 03:30:00 CST,1786044600000,72.58,72.74,72.55,72.74,87307.86000000002,49516.48000000001,611445306.4488811,1108442.7206811905,11725.100000000006,-2832058.829999998,-6.988e-05
2026-08-07 03:45:00 CST,1786045500000,72.74,72.91,72.73,72.76,136638.85,66691.5,611969869.5219,141220.4241000414,-3255.849999999995,-2835314.6799999983,-6.988e-05
2026-08-07 04:00:00 CST,1786046400000,72.75,72.93,72.75,72.92,77048.01000000001,45865.22,611763125.9792,812575.711599946,14682.430000000004,-2820632.249999998,-6.988e-05
2026-08-07 04:15:00 CST,1786047300000,72.92,72.92,72.79,72.86,65463.990000000005,32568.559999999998,611596428.7012671,-485520.2880805731,-326.8700000000026,-2820959.1199999982,-6.988e-05
2026-08-07 04:30:00 CST,1786048200000,72.86,72.96,72.82,72.9,43863.270000000004,20052.86,612169424.8294156,65722.51662540436,-3757.550000000001,-2824716.669999998,-6.988e-05
2026-08-07 04:45:00 CST,1786049100000,72.9,72.9,72.79,72.81,39265.95,16001.349999999999,611565928.221571,-419845.4604290724,-7263.25,-2831979.919999998,-6.988e-05
2026-08-07 05:00:00 CST,1786050000000,72.8,72.94,72.74,72.93,90734.14,50376.270000000004,611504142.821,267007.25752556324,10018.400000000001,-2821961.519999998,-6.988e-05
2026-08-07 05:15:00 CST,1786050900000,72.93,72.96,72.83,72.92,70213.56,33630.049999999996,611358316.5312,-694657.1882296801,-2953.460000000001,-2824914.9799999986,-6.988e-05
2026-08-07 05:30:00 CST,1786051800000,72.91,72.95,72.75,72.9,130091.19,55478.77,610425534.348,-833560.9431189299,-19133.649999999998,-2844048.629999999,-6.988e-05
2026-08-07 05:45:00 CST,1786052700000,72.9,72.94,72.82,72.83,34233.1,17039.78,609421180.1744062,-666672.3781787157,-153.53999999999905,-2844202.1699999985,-6.988e-05
2026-08-07 06:00:00 CST,1786053600000,72.82,72.85,72.7,72.79,92023.25,47848.04,609973884.2976199,621316.9797070026,3672.829999999998,-2840529.3399999985,-6.988e-05
2026-08-07 06:15:00 CST,1786054500000,72.79,72.81,72.61,72.66,50487.03,17262.59,609539156.079,-877251.3251982927,-15961.85,-2856491.189999998,-6.988e-05
2026-08-07 06:30:00 CST,1786055400000,72.67,72.74,72.63,72.68,57496.81,26551.620000000003,609867580.5886804,380148.3986803293,-4393.569999999999,-2860884.759999998,-6.988e-05
2026-08-07 06:45:00 CST,1786056300000,72.68,72.7,72.63,72.66,62710.12,21174.989999999998,609469695.6610235,115613.32122349739,-20360.14,-2881244.899999998,-6.988e-05
2026-08-07 07:00:00 CST,1786057200000,72.65,72.71,72.61,72.63,90680.58,37648.29,609730075.3152,16575.06798017025,-15384.0,-2896628.899999998,-6.988e-05
2026-08-07 07:15:00 CST,1786058100000,72.64,72.64,72.29,72.35,316699.43000000005,105881.22,607882012.4046,-2130114.6610000134,-104936.99000000002,-3001565.889999998,-6.988e-05
2026-08-07 07:30:00 CST,1786059000000,72.35,72.42,72.3,72.41,135329.97999999998,62361.32000000001,606236999.0224116,54944.85341155529,-10607.339999999997,-3012173.2299999977,-6.988e-05
2026-08-07 07:45:00 CST,1786059900000,72.41,72.67,72.36,72.65,149463.13,94200.65,608108887.1048741,1137353.661626935,38938.17000000001,-2973235.0599999973,-6.988e-05
2026-08-07 08:00:00 CST,1786060800000,72.65,72.78,72.58,72.6,193365.86,100751.55,609249547.9062924,-434890.78107512,8137.240000000005,-2965097.8199999975,-1.898e-05
2026-08-07 08:15:00 CST,1786061700000,72.6,72.67,72.54,72.62,118005.97,47692.380000000005,608498624.3301,648696.8442702293,-22621.210000000003,-2987719.0299999975,-1.898e-05
2026-08-07 08:30:00 CST,1786062600000,72.62,72.71,72.52,72.63,55456.91,26446.83,608835332.1304,-102457.48900008202,-2563.25,-2990282.2799999975,-1.898e-05
2026-08-07 08:45:00 CST,1786063500000,72.63,72.66,72.53,72.63,37878.659999999996,21274.01,608807187.797601,-404905.70651483536,4669.360000000001,-2985612.9199999976,-1.898e-05
2026-08-07 09:00:00 CST,1786064400000,72.63,72.79,72.6,72.64,75596.63,45191.0,609734644.6295,790391.8252999783,14785.369999999995,-2970827.5499999975,-1.898e-05
2026-08-07 09:15:00 CST,1786065300000,72.64,72.72,72.58,72.71,54129.42,26140.66,609497116.4666982,-217484.07057392597,-1848.1000000000004,-2972675.6499999976,-1.898e-05
2026-08-07 09:30:00 CST,1786066200000,72.72,72.84,72.54,72.64,97571.4,51637.100000000006,609929915.5837346,-602291.2714654207,5702.800000000001,-2966972.8499999978,-1.898e-05
2026-08-07 09:45:00 CST,1786067100000,72.64,72.73,72.62,72.7,43076.01,23049.35,610828928.853967,362868.0264669657,3022.6899999999987,-2963950.159999998,-1.898e-05
2026-08-07 10:00:00 CST,1786068000000,72.7,72.75,72.42,72.74,111384.41,62888.97,610050619.236,-1178252.5956692696,14393.529999999992,-2949556.629999998,-1.898e-05
2026-08-07 10:15:00 CST,1786068900000,72.74,72.91,72.55,72.58,231157.50000000003,104917.3,610825214.9425404,-680168.1163609028,-21322.9,-2970879.529999998,-1.898e-05
2026-08-07 10:30:00 CST,1786069800000,72.59,72.7,72.53,72.65,78510.26000000001,48188.39,610130490.75,-92843.62339997292,17866.519999999997,-2953013.009999998,-1.898e-05
2026-08-07 10:45:00 CST,1786070700000,72.64,72.75,72.63,72.67,56110.549999999996,25466.859999999997,610956580.9647558,262972.30787301064,-5176.83,-2958189.8399999975,-1.898e-05
2026-08-07 11:00:00 CST,1786071600000,72.67,72.71,72.58,72.58,55824.409999999996,20826.21,611074270.1489519,565664.5849518776,-14171.990000000002,-2972361.8299999977,-1.898e-05
2026-08-07 11:15:00 CST,1786072500000,72.58,72.72,72.55,72.65,82110.1,35581.030000000006,610936149.5009415,720203.1380039454,-10948.039999999995,-2983309.869999998,-1.898e-05
2026-08-07 11:30:00 CST,1786073400000,72.64,72.73,72.63,72.66,35320.5,17361.36,611381861.3,85387.20398533344,-597.7799999999988,-2983907.6499999976,-1.898e-05
2026-08-07 11:45:00 CST,1786074300000,72.66,72.69,72.49,72.57,61298.39,24186.64,610669795.5855,-847786.4918228388,-12925.110000000002,-2996832.759999998,-1.898e-05
2026-08-07 12:00:00 CST,1786075200000,72.57,72.65,72.45,72.58,86890.6,36690.41,610875905.4903021,313851.86970210075,-13509.780000000002,-3010342.539999998,-1.898e-05
2026-08-07 12:15:00 CST,1786076100000,72.58,72.76,72.58,72.7,60872.369999999995,35760.72,612362666.2270025,1420042.4841188192,10649.069999999994,-2999693.469999998,-1.898e-05
2026-08-07 12:30:00 CST,1786077000000,72.7,72.76,72.64,72.68,68639.40000000001,29756.75,612686442.2973615,248820.63966977596,-9125.900000000001,-3008819.3699999982,-1.898e-05
2026-08-07 12:45:00 CST,1786077900000,72.68,72.7,72.55,72.63,86786.73,31792.18,612247822.0194858,-346793.16501414776,-23202.370000000003,-3032021.739999998,-1.898e-05
2026-08-07 13:00:00 CST,1786078800000,72.64,72.71,72.61,72.66,57461.38,26286.27,613725330.7601,554687.195299983,-4888.8399999999965,-3036910.579999998,-1.898e-05
2026-08-07 13:15:00 CST,1786079700000,72.66,72.68,72.49,72.51,90598.78,38329.91,613293390.5688843,-243165.61932206154,-13938.960000000003,-3050849.539999998,-1.898e-05
2026-08-07 13:30:00 CST,1786080600000,72.52,72.66,72.39,72.65,185775.81999999998,92735.68999999999,614871740.3535,1891243.952121377,-304.4399999999914,-3051153.979999998,-1.898e-05
2026-08-07 13:45:00 CST,1786081500000,72.66,72.92,72.65,72.84,174069.44999999998,87711.97,615352060.7514997,307120.0566996336,1354.4900000000052,-3049799.489999998,-1.898e-05
2026-08-07 14:00:00 CST,1786082400000,72.84,72.94,72.78,72.93,86123.51000000001,42279.65,614726949.4285976,-192321.96661555767,-1564.2099999999955,-3051363.699999998,-1.898e-05
2026-08-07 14:15:00 CST,1786083300000,72.93,73.04,72.91,72.98,273228.47000000003,175299.95,614846540.4194,-589599.478200078,77371.43,-2973992.2699999977,-1.898e-05
2026-08-07 14:30:00 CST,1786084200000,72.98,73.0,72.87,72.9,108827.53,40268.25,616366348.5680344,-1056501.7692894936,-28291.03,-3002283.2999999975,-1.898e-05
2026-08-07 14:45:00 CST,1786085100000,72.9,72.93,72.77,72.81,87956.06,33733.38,615048190.4000882,-1123391.6288608313,-20489.300000000003,-3022772.5999999973,-1.898e-05
2026-08-07 15:00:00 CST,1786086000000,72.81,72.96,72.71,72.93,108882.85,50751.63,614954666.7865,425890.54269993305,-7379.590000000007,-3030152.1899999976,-1.898e-05
2026-08-07 15:15:00 CST,1786086900000,72.93,72.98,72.87,72.93,144294.56,89272.11,615398291.8584659,164160.74966585636,34249.66,-2995902.529999998,-1.898e-05
2026-08-07 15:30:00 CST,1786087800000,72.93,73.0,72.9,72.91,77667.69,28638.160000000003,615379688.3837717,-724588.3887851238,-20391.369999999995,-3016293.8999999976,-1.898e-05
2026-08-07 15:45:00 CST,1786088700000,72.91,72.96,72.88,72.9,39222.020000000004,15817.59,615668651.6364282,149698.63402819633,-7586.839999999999,-3023880.7399999974,-1.898e-05
2026-08-07 16:00:00 CST,1786089600000,72.9,73.0,72.88,72.96,63381.34,38164.83,615438195.932275,256609.45127511024,12948.319999999998,-3010932.4199999976,3.45e-05
2026-08-07 16:15:00 CST,1786090500000,72.97,72.99,72.9,72.94,50168.530000000006,22921.25,615778708.8438265,-168163.10110247135,-4326.030000000001,-3015258.449999998,3.45e-05
2026-08-07 16:30:00 CST,1786091400000,72.93,73.3,72.93,73.23,236479.63,152330.16999999998,615508024.5712,-106940.13619995117,68180.70999999999,-2947077.739999998,3.45e-05
2026-08-07 16:45:00 CST,1786092300000,73.23,73.25,73.13,73.16,118840.16,65227.509999999995,614417493.2665,-768774.8635994196,11614.859999999997,-2935462.879999998,3.45e-05
2026-08-07 17:00:00 CST,1786093200000,73.16,73.41,73.15,73.37,258985.63,172198.97999999998,613894626.1018966,-664833.3640033007,85412.32999999999,-2850050.549999998,3.45e-05
2026-08-07 17:15:00 CST,1786094100000,73.36,73.63,73.36,73.49,378325.3,224799.22,613092618.5104,-1550520.112946272,71273.14000000001,-2778777.409999998,3.45e-05
2026-08-07 17:30:00 CST,1786095000000,73.49,73.71,73.49,73.65,264225.51,136831.2,611595900.0838,418106.5288000107,9436.89,-2769340.5199999977,3.45e-05
2026-08-07 17:45:00 CST,1786095900000,73.65,73.7,73.54,73.59,177698.04,76608.47,610591022.6436764,-543614.7923235893,-24481.1,-2793821.619999998,3.45e-05
2026-08-07 18:00:00 CST,1786096800000,73.59,73.74,73.58,73.6,186825.30000000002,71556.14,612569111.56,1183249.1919999123,-43713.02000000001,-2837534.6399999973,3.45e-05
2026-08-07 18:15:00 CST,1786097700000,73.61,73.62,73.5,73.59,86345.78,35085.59,611549233.8828686,-817045.0741313696,-16174.600000000002,-2853709.239999997,3.45e-05
2026-08-07 18:30:00 CST,1786098600000,73.6,73.62,73.46,73.47,113407.61,42068.6,610884152.97,-946919.2074670792,-29270.41,-2882979.649999997,3.45e-05
2026-08-07 18:45:00 CST,1786099500000,73.48,73.53,73.46,73.51,68749.65,38633.17,610678023.4243058,-369594.1958024502,8516.690000000002,-2874462.959999997,3.45e-05
2026-08-07 19:00:00 CST,1786100400000,73.51,73.66,73.51,73.53,83390.32,39477.91,611602423.8451835,803125.7227834463,-4434.5,-2878897.459999997,3.45e-05
2026-08-07 19:15:00 CST,1786101300000,73.54,73.75,73.5,73.57,138263.35,79907.1,611845768.2714932,825670.5162931681,21550.84999999999,-2857346.609999997,3.45e-05
2026-08-07 19:30:00 CST,1786102200000,73.58,73.64,73.52,73.61,77623.44,31699.300000000003,612640236.2911944,568361.5391944647,-14224.839999999997,-2871571.4499999974,3.45e-05
2026-08-07 19:45:00 CST,1786103100000,73.61,73.65,73.55,73.61,62684.65000000001,27008.92,612488456.608,-269678.82379996777,-8666.810000000003,-2880238.2599999974,3.45e-05
2026-08-07 20:00:00 CST,1786104000000,73.61,74.08,73.6,73.91,539228.9299999999,334515.52,611684595.4550848,-565537.259953618,129802.11000000002,-2750436.1499999976,3.45e-05
2026-08-07 20:15:00 CST,1786104900000,73.91,73.97,73.85,73.96,276102.43,132318.12,610054573.4976,293670.8543999195,-11466.18999999998,-2761902.339999997,3.45e-05
2026-08-07 20:30:00 CST,1786105800000,73.97,74.31,73.61,73.75,648383.16,293066.66,607649016.927,-1672333.49059999,-62249.84000000001,-2824152.179999997,3.45e-05
2026-08-07 20:45:00 CST,1786106700000,73.76,74.01,73.76,73.88,247974.40999999997,107579.87,611265079.7682,2496795.7625534534,-32814.66999999999,-2856966.849999997,3.45e-05
2026-08-07 21:00:00 CST,1786107600000,73.87,73.92,73.76,73.8,156959.59,63764.68,612537129.9763409,-331075.0804591179,-29430.230000000003,-2886397.079999997,3.45e-05
2026-08-07 21:15:00 CST,1786108500000,73.8,73.93,73.77,73.84,161966.33000000002,62317.94,613862245.3397182,1418769.2129249573,-37330.45000000001,-2923727.5299999965,3.45e-05
2026-08-07 21:30:00 CST,1786109400000,73.85,74.24,73.8,74.19,530750.08,278284.42,616702740.0569685,1222745.0459684134,25818.760000000024,-2897908.7699999968,3.45e-05
2026-08-07 21:45:00 CST,1786110300000,74.2,74.33,74.05,74.09,471954.41000000003,249584.77000000002,616551623.6796,211853.16141939163,27215.130000000005,-2870693.6399999964,3.45e-05
2026-08-07 22:00:00 CST,1786111200000,74.1,74.14,73.63,73.66,655664.24,226932.06,607713798.8092065,-6724723.875793457,-201800.12,-3072493.7599999965,3.45e-05
2026-08-07 22:15:00 CST,1786112100000,73.66,74.1,73.57,74.1,419410.88,209905.68,607214247.1533115,2209995.511425972,400.4799999999959,-3072093.279999996,3.45e-05
2026-08-07 22:30:00 CST,1786113000000,74.1,74.2,73.92,73.93,253382.47,112652.06000000001,611246422.3586974,340512.25699079037,-28078.35,-3100171.629999996,3.45e-05
2026-08-07 22:45:00 CST,1786113900000,73.93,73.99,73.52,73.68,296623.23,126374.51000000001,607269009.8355,-3161974.050799966,-43874.21000000001,-3144045.839999996,3.45e-05
2026-08-07 23:00:00 CST,1786114800000,73.69,73.93,73.66,73.82,223503.52999999997,103351.84999999999,608413366.1605258,853613.494325757,-16799.83000000001,-3160845.669999996,3.45e-05
2026-08-07 23:15:00 CST,1786115700000,73.82,73.83,73.68,73.73,73651.29000000001,33322.86,607623155.9562918,-389447.3951238394,-7005.57,-3167851.2399999965,3.45e-05
2026-08-07 23:30:00 CST,1786116600000,73.73,73.95,73.71,73.89,112349.79000000001,70784.35,607363235.3909094,-54044.75302040577,29218.910000000003,-3138632.329999997,3.45e-05
2026-08-07 23:45:00 CST,1786117500000,73.89,73.94,73.82,73.85,76320.66,34665.89,607931947.41,150555.7990871668,-6988.879999999997,-3145621.2099999967,3.45e-05
2026-08-08 00:00:00 CST,1786118400000,73.86,74.1,73.86,74.06,137992.05,80082.34,609322988.9388,1359461.208599925,22172.629999999997,-3123448.579999997,0.0001
2026-08-08 00:15:00 CST,1786119300000,74.05,74.06,73.8,73.82,168157.84,76773.66,609058785.9665537,-1232213.744846344,-14610.51999999999,-3138059.099999997,0.0001
2026-08-08 00:30:00 CST,1786120200000,73.83,73.86,73.7,73.76,98393.36,57697.549999999996,608520702.5375,-324765.46809995174,17001.739999999994,-3121057.3599999966,0.0001
2026-08-08 00:45:00 CST,1786121100000,73.76,73.81,73.54,73.55,121352.88,44690.09,608391726.7673,-504060.62170004845,-31972.7,-3153030.059999997,0.0001
2026-08-08 01:00:00 CST,1786122000000,73.55,73.55,73.27,73.28,329746.02,131597.92,602965800.9787,-3875786.9557999372,-66550.18000000001,-3219580.239999997,0.0001
2026-08-08 01:15:00 CST,1786122900000,73.28,73.38,73.22,73.24,253776.61000000002,116001.58000000002,601148794.2471834,812560.3308833838,-21773.449999999997,-3241353.6899999967,0.0001
2026-08-08 01:30:00 CST,1786123800000,73.25,73.41,73.15,73.33,257561.15000000002,126887.21999999999,602194028.776838,806985.8118379116,-3786.7100000000137,-3245140.3999999966,0.0001
2026-08-08 01:45:00 CST,1786124700000,73.33,73.4,73.18,73.38,105346.34,66359.64,600369203.1267802,-670582.5744198561,27372.940000000006,-3217767.4599999967,0.0001
2026-08-08 02:00:00 CST,1786125600000,73.39,73.55,73.38,73.48,133671.91999999998,83230.3,600753590.514474,-223314.52776038647,32788.67999999999,-3184978.779999996,0.0001
2026-08-08 02:15:00 CST,1786126500000,73.48,73.55,73.44,73.46,93684.59,42436.17,600059159.8964087,20415.40704059601,-8812.25,-3193791.029999996,0.0001
2026-08-08 02:30:00 CST,1786127400000,73.46,73.49,73.24,73.25,91376.34,30394.78,598976529.831,-686551.2213068008,-30586.78,-3224377.809999996,0.0001
2026-08-08 02:45:00 CST,1786128300000,73.24,73.41,73.24,73.37,69796.89,43136.740000000005,597641687.552152,226618.41195511818,16476.590000000004,-3207901.219999996,0.0001
2026-08-08 03:00:00 CST,1786129200000,73.38,73.67,73.37,73.63,131360.91999999998,87511.28,600117235.6333,1289757.1963208914,43661.640000000014,-3164239.579999996,0.0001
2026-08-08 03:15:00 CST,1786130100000,73.64,73.87,73.63,73.81,196167.53,95769.48000000001,601086533.9388168,1632409.6096167564,-4628.569999999996,-3168868.1499999957,0.0001
2026-08-08 03:30:00 CST,1786131000000,73.8,73.87,73.75,73.82,138335.98,61377.85,601872913.026,910238.144299984,-15580.279999999999,-3184448.429999996,0.0001
2026-08-08 03:45:00 CST,1786131900000,73.81,74.0,73.81,74.0,148015.39,78262.22,602257775.6125258,43987.79079067707,8509.050000000007,-3175939.3799999957,0.0001
2026-08-08 04:00:00 CST,1786132800000,73.99,74.06,73.92,74.05,160933.91999999998,75827.31,604830525.4586,1604313.2786000967,-9279.300000000003,-3185218.679999996,0.0001
2026-08-08 04:15:00 CST,1786133700000,74.04,74.06,73.96,73.97,97575.12,35121.94,606308439.8503,623184.0306999683,-27331.239999999998,-3212549.919999996,0.0001
2026-08-08 04:30:00 CST,1786134600000,73.96,73.96,73.8,73.81,133377.90000000002,51434.18,605420450.0148907,-944714.3606315851,-30509.54,-3243059.4599999962,0.0001
2026-08-08 04:45:00 CST,1786135500000,73.81,73.84,73.75,73.8,57343.28,24999.329999999998,605597240.3067,471022.5856243372,-7344.620000000003,-3250404.0799999963,0.0001
2026-08-08 05:00:00 CST,1786136400000,73.8,73.84,73.73,73.79,50352.8,23392.28,605188645.4824,-200969.08409190178,-3568.239999999998,-3253972.319999996,0.0001
2026-08-08 05:15:00 CST,1786137300000,73.78,73.86,73.6,73.69,118729.42,55117.0,603144736.3727137,-1776475.5142028332,-8495.420000000002,-3262467.739999996,0.0001
2026-08-08 05:30:00 CST,1786138200000,73.69,73.83,73.65,73.71,70791.15,40035.93,602749713.929,-256637.84019994736,9280.710000000001,-3253187.029999996,0.0001
2026-08-08 05:45:00 CST,1786139100000,73.7,73.71,73.57,73.63,41035.15,20788.53,601530866.4019369,-775363.5789349079,541.9100000000017,-3252645.1199999964,0.0001
2026-08-08 06:00:00 CST,1786140000000,73.63,73.66,73.56,73.66,93397.53,46962.36,603231517.3935,1441035.3277000189,527.1899999999914,-3252117.9299999964,0.0001
2026-08-08 06:15:00 CST,1786140900000,73.66,73.7,73.64,73.66,47436.75,26778.69,603508555.7674086,270470.8998180628,6120.629999999999,-3245997.2999999966,0.0001
2026-08-08 06:30:00 CST,1786141800000,73.66,73.66,73.55,73.57,56621.62,17843.8,602384565.3877913,-1217622.046008706,-20934.02,-3266931.3199999966,0.0001
2026-08-08 06:45:00 CST,1786142700000,73.57,73.62,73.56,73.61,37536.259999999995,23998.510000000002,601337537.0367742,28173.56229519844,10460.760000000002,-3256470.559999997,0.0001
2026-08-08 07:00:00 CST,1786143600000,73.62,73.72,73.61,73.7,59166.69,27575.87,601491775.458578,29380.009628891945,-4014.949999999997,-3260485.509999997,0.0001
2026-08-08 07:15:00 CST,1786144500000,73.7,73.71,73.6,73.6,29475.6,11192.77,601080586.2602046,-186999.89217698574,-7090.0599999999995,-3267575.569999997,0.0001
2026-08-08 07:30:00 CST,1786145400000,73.59,73.7,73.58,73.69,31570.08,22043.0,600775926.8938,187207.451300025,12515.92,-3255059.649999997,0.0001
2026-08-08 07:45:00 CST,1786146300000,73.69,73.75,73.62,73.62,48401.509999999995,14956.29,600610748.78,-456254.8880031109,-18488.93,-3273548.5799999973,0.0001
2026-08-08 08:00:00 CST,1786147200000,73.63,73.7,73.58,73.61,85034.03,40990.71000000001,600594726.784,114405.89370000362,-3052.609999999995,-3276601.189999997,8.378e-05
2026-08-08 08:15:00 CST,1786148100000,73.6,73.62,73.53,73.62,55846.0,22576.989999999998,600724221.062408,-73075.14180612564,-10692.019999999997,-3287293.209999997,8.378e-05
2026-08-08 08:30:00 CST,1786149000000,73.62,73.66,73.59,73.66,36672.13,19690.879999999997,600995488.7963853,21711.91798532009,2709.6299999999974,-3284583.5799999973,8.378e-05
2026-08-08 08:45:00 CST,1786149900000,73.65,73.72,73.62,73.68,57027.17,31591.56,600351853.5231,-568886.7208999395,6155.949999999999,-3278427.629999997,8.378e-05
2026-08-08 09:00:00 CST,1786150800000,73.68,73.74,73.64,73.71,69041.34,46085.880000000005,600045824.8656,-388994.2389000654,23130.420000000002,-3255297.209999997,8.378e-05
2026-08-08 09:15:00 CST,1786151700000,73.72,73.8,73.68,73.79,50629.23,34046.29,601273259.6684896,906368.5668895245,17463.35,-3237833.859999997,8.378e-05
2026-08-08 09:30:00 CST,1786152600000,73.79,73.94,73.77,73.93,93865.94,65011.52,601876805.1580695,413499.71891474724,36157.09999999999,-3201676.759999997,8.378e-05
2026-08-08 09:45:00 CST,1786153500000,73.93,73.93,73.85,73.85,42186.81,15766.74,602118723.1591,63815.61594045162,-10653.330000000002,-3212330.089999997,8.378e-05
2026-08-08 10:00:00 CST,1786154400000,73.85,73.94,73.84,73.92,71895.16,51367.72,602426630.5028481,597614.7294205427,30840.28,-3181489.8099999973,8.378e-05
2026-08-08 10:15:00 CST,1786155300000,73.93,73.93,73.89,73.92,34420.200000000004,10696.98,602741475.7331,-119557.4375,-13026.24,-3194516.0499999975,8.378e-05
2026-08-08 10:30:00 CST,1786156200000,73.92,73.94,73.91,73.91,46925.95,23015.54,602989337.5193915,59466.647191524506,-894.8699999999972,-3195410.9199999976,8.378e-05
2026-08-08 10:45:00 CST,1786157100000,73.92,73.92,73.82,73.83,35282.88,11573.32,602808989.7622885,-430544.8585115671,-12136.240000000002,-3207547.159999998,8.378e-05
2026-08-08 11:00:00 CST,1786158000000,73.84,73.95,73.82,73.94,72753.48,45445.520000000004,603134198.5658046,422574.15328490734,18137.56,-3189409.5999999978,8.378e-05
2026-08-08 11:15:00 CST,1786158900000,73.95,74.18,73.93,74.14,146496.74,96907.54000000001,605362123.150438,1447198.658094883,47318.34000000001,-3142091.2599999974,8.378e-05
2026-08-08 11:30:00 CST,1786159800000,74.13,74.54,74.13,74.45,456748.49,276500.83,608552010.1559712,2680162.585864544,96253.17000000004,-3045838.089999997,8.378e-05
2026-08-08 11:45:00 CST,1786160700000,74.45,74.99,74.4,74.81,585331.05,355707.24,613527741.623,2776692.026753187,126083.43,-2919754.6599999974,8.378e-05
2026-08-08 12:00:00 CST,1786161600000,74.82,75.13,74.61,74.68,516490.09,266727.73000000004,624745609.1091,3584538.162092924,16965.370000000003,-2902789.2899999972,8.378e-05
2026-08-08 12:15:00 CST,1786162500000,74.67,74.74,74.56,74.56,154744.67,59803.56,624239254.2568,-1043029.1618589163,-35137.55,-2937926.839999997,8.378e-05
2026-08-08 12:30:00 CST,1786163400000,74.57,74.72,74.55,74.62,103916.70000000001,57535.100000000006,626036427.7076,844418.2350950241,11153.499999999996,-2926773.339999997,8.378e-05
2026-08-08 12:45:00 CST,1786164300000,74.63,74.66,74.55,74.61,73293.56999999999,37514.37,626662205.5029584,51785.198117733,1735.17,-2925038.169999997,8.378e-05
2026-08-08 13:00:00 CST,1786165200000,74.61,74.61,74.54,74.55,101532.9,46248.96,625396642.0770097,-820207.6701003313,-9034.98,-2934073.1499999976,8.378e-05
2026-08-08 13:15:00 CST,1786166100000,74.56,74.69,74.49,74.66,98691.78,54048.99,626812263.0691,957318.5635000467,9406.199999999995,-2924666.949999998,8.378e-05
2026-08-08 13:30:00 CST,1786167000000,74.65,74.73,74.56,74.56,95472.85999999999,44046.01,625564686.7925,-1700249.9175707102,-7380.8399999999965,-2932047.789999998,8.378e-05
2026-08-08 13:45:00 CST,1786167900000,74.56,74.64,74.45,74.64,120205.44999999998,65830.54999999999,626122758.4024,982372.6670000553,11455.649999999998,-2920592.1399999983,8.378e-05
2026-08-08 14:00:00 CST,1786168800000,74.64,74.66,74.54,74.62,60110.840000000004,30315.14,626847999.1405095,-353390.97785162926,519.4399999999987,-2920072.699999999,8.378e-05
2026-08-08 14:15:00 CST,1786169700000,74.63,74.72,74.55,74.71,81360.61,53993.89,627451473.7272117,405550.09851169586,26627.17,-2893445.5299999984,8.378e-05
2026-08-08 14:30:00 CST,1786170600000,74.71,74.74,74.63,74.7,107683.74,53468.83,627502547.4063859,-840000.2739140987,-746.0800000000017,-2894191.6099999985,8.378e-05
2026-08-08 14:45:00 CST,1786171500000,74.69,74.79,74.66,74.68,49265.35,22297.100000000002,627716785.5126674,196120.43366742134,-4671.1500000000015,-2898862.7599999984,8.378e-05
2026-08-08 15:00:00 CST,1786172400000,74.67,74.79,74.67,74.68,61814.91,30192.940000000002,628011874.1736732,718751.0296992064,-1429.0299999999988,-2900291.7899999986,8.378e-05
2026-08-08 15:15:00 CST,1786173300000,74.68,74.71,74.64,74.68,50305.41,25434.62,628363847.5013,533570.3086593151,563.8299999999981,-2899727.9599999986,8.378e-05
2026-08-08 15:30:00 CST,1786174200000,74.67,74.72,74.63,74.69,47781.15,27001.73,628361025.194,315255.6037994623,6222.3099999999995,-2893505.6499999985,8.378e-05
2026-08-08 15:45:00 CST,1786175100000,74.69,74.8,74.68,74.79,49496.49,30607.34,629567223.2525,842952.7243000269,11718.190000000002,-2881787.4599999986,8.378e-05
2026-08-08 16:00:00 CST,1786176000000,74.78,74.82,74.74,74.78,78010.42,44011.41,629322500.0496,-747404.5992000103,10012.4,-2871775.0599999987,0.0001
2026-08-08 16:15:00 CST,1786176900000,74.78,74.81,74.66,74.81,100157.05,54411.979999999996,629502205.9889,-98819.53150010109,8666.909999999996,-2863108.1499999985,0.0001
2026-08-08 16:30:00 CST,1786177800000,74.81,74.9,74.76,74.77,95159.96,43954.15,630394629.0719,269502.00889086723,-7251.660000000002,-2870359.8099999987,0.0001
2026-08-08 16:45:00 CST,1786178700000,74.77,74.83,74.68,74.78,78825.0,45054.84999999999,629955875.4643407,464561.96904063225,11284.7,-2859075.109999999,0.0001
2026-08-08 17:00:00 CST,1786179600000,74.79,74.85,74.78,74.81,55877.3,31514.57,629945844.4926,-127033.80660009384,7151.840000000002,-2851923.269999999,0.0001
2026-08-08 17:15:00 CST,1786180500000,74.81,74.93,74.81,74.92,66208.37,42301.23,630934838.4588,833363.6499999762,18394.089999999997,-2833529.1799999992,0.0001
2026-08-08 17:30:00 CST,1786181400000,74.92,75.02,74.8,74.82,128243.20999999999,71810.95999999999,630866253.6988183,-265409.339581728,15378.71,-2818150.469999999,0.0001
2026-08-08 17:45:00 CST,1786182300000,74.81,74.89,74.79,74.85,287945.66000000003,137464.99,631110909.9124,354297.92980003357,-13015.680000000011,-2831166.149999999,0.0001
2026-08-08 18:00:00 CST,1786183200000,74.84,74.96,74.84,74.9,67335.51000000001,35470.61,631591493.11,601663.7860000134,3605.7099999999955,-2827560.439999999,0.0001
2026-08-08 18:15:00 CST,1786184100000,74.9,75.0,74.88,74.96,104625.38999999998,58591.439999999995,631718419.5807,147811.76569998264,12557.490000000002,-2815002.9499999993,0.0001
2026-08-08 18:30:00 CST,1786185000000,74.95,75.0,74.91,75.0,61588.39,36651.509999999995,632846766.3471935,195420.00193941593,11714.630000000001,-2803288.3199999994,0.0001
2026-08-08 18:45:00 CST,1786185900000,74.99,75.18,74.99,75.06,145136.77000000002,88696.34,634375259.8736,1067222.9555000067,32255.91,-2771032.409999999,0.0001
2026-08-08 19:00:00 CST,1786186800000,75.06,75.66,75.03,75.43,573683.95,348951.24,634605386.3978399,53586.76844501495,124218.52999999997,-2646813.8799999994,0.0001
2026-08-08 19:15:00 CST,1786187700000,75.42,75.44,75.22,75.24,223134.08000000002,110252.12999999999,636168364.16,442886.20613992214,-2629.8200000000033,-2649443.6999999997,0.0001
2026-08-08 19:30:00 CST,1786188600000,75.24,75.25,75.16,75.22,79634.0,44245.05,636365387.9556794,-48453.2459205389,8856.099999999999,-2640587.5999999996,0.0001
2026-08-08 19:45:00 CST,1786189500000,75.21,75.7,75.19,75.58,357078.43,217283.11,638010369.1179974,1311862.3285974264,77487.78999999998,-2563099.8099999996,0.0001
2026-08-08 20:00:00 CST,1786190400000,75.58,75.66,75.43,75.57,288865.62,144571.75,639894357.86,442417.7050000429,277.8799999999974,-2562821.9299999997,0.0001
2026-08-08 20:15:00 CST,1786191300000,75.57,75.58,75.33,75.35,165950.87,65022.0,638412134.3388,-2958006.4841889143,-35906.87000000001,-2598728.7999999993,0.0001
2026-08-08 20:30:00 CST,1786192200000,75.36,75.49,75.36,75.47,116942.22,65284.31,639223018.5024,1188330.8346061707,13626.399999999998,-2585102.4,0.0001
2026-08-08 20:45:00 CST,1786193100000,75.47,75.57,75.39,75.41,86364.53,42462.44,641463776.2278,613906.6176999807,-1439.6500000000015,-2586542.0499999993,0.0001
2026-08-08 21:00:00 CST,1786194000000,75.41,75.51,75.4,75.43,63984.43,30558.589999999997,641392418.0778602,322622.4660602808,-2867.2500000000036,-2589409.299999999,0.0001
2026-08-08 21:15:00 CST,1786194900000,75.42,75.51,75.42,75.51,62659.899999999994,34011.130000000005,642729526.7805995,1220492.6218684912,5362.360000000002,-2584046.939999999,0.0001
2026-08-08 21:30:00 CST,1786195800000,75.51,75.51,75.42,75.47,96776.81,34688.2,641530408.8550687,-1716819.9403313398,-27400.409999999996,-2611447.3499999987,0.0001
2026-08-08 21:45:00 CST,1786196700000,75.46,75.53,75.45,75.51,77581.84,47893.3,642311653.3032,447243.0620305538,18204.760000000002,-2593242.5899999985,0.0001
2026-08-08 22:00:00 CST,1786197600000,75.51,75.76,75.5,75.63,177710.01,104008.62999999999,644081470.5779,1560509.799200058,30307.25,-2562935.3399999985,0.0001
2026-08-08 22:15:00 CST,1786198500000,75.62,75.87,75.56,75.79,182505.09999999998,117068.94,646227127.2789,1419166.6092090607,51632.78000000001,-2511302.5599999987,0.0001
2026-08-08 22:30:00 CST,1786199400000,75.79,76.15,75.76,75.93,424179.75,240928.69,651983094.9673054,4377386.031405449,57677.63,-2453624.9299999983,0.0001
2026-08-08 22:45:00 CST,1786200300000,75.93,76.63,75.93,76.48,605850.4,377765.97,659103171.3861809,6864479.738480926,149681.53999999998,-2303943.3899999983,0.0001
2026-08-08 23:00:00 CST,1786201200000,76.48,76.69,76.38,76.64,464329.83,246556.43999999997,665211427.2768,3422757.6224000454,28783.049999999974,-2275160.3399999985,0.0001
2026-08-08 23:15:00 CST,1786202100000,76.64,76.82,76.45,76.48,338388.87,155652.6,667202817.8281,-1116854.8288999796,-27083.669999999984,-2302244.0099999984,0.0001
2026-08-08 23:30:00 CST,1786203000000,76.48,76.5,76.31,76.32,217543.88,93460.84999999999,665766207.2648,-1010265.4802111387,-30622.180000000008,-2332866.189999998,0.0001
2026-08-08 23:45:00 CST,1786203900000,76.33,76.45,76.22,76.37,172177.32,80530.23999999999,665602435.5264567,235873.23909163475,-11116.840000000004,-2343983.0299999984,0.0001
2026-08-09 00:00:00 CST,1786204800000,76.37,76.49,76.31,76.34,151715.73,81579.01000000001,663828659.1048,-725027.0987873077,11442.28999999999,-2332540.7399999984,0.0001
2026-08-09 00:15:00 CST,1786205700000,76.34,76.44,76.22,76.29,140393.52000000002,49393.869999999995,662587965.5363114,-639036.8642885685,-41605.78,-2374146.519999998,0.0001
2026-08-09 00:30:00 CST,1786206600000,76.29,76.31,76.14,76.25,105090.71999999999,42718.770000000004,662155207.8546,-712611.1317322254,-19653.18,-2393799.6999999983,0.0001
2026-08-09 00:45:00 CST,1786207500000,76.25,76.38,76.21,76.34,98191.00000000001,46166.96000000001,664381820.774814,1607046.3452140093,-5857.080000000002,-2399656.7799999984,0.0001
2026-08-09 01:00:00 CST,1786208400000,76.35,76.38,76.24,76.34,81733.97,36095.51,664600547.7157462,-214208.81475389004,-9542.95,-2409199.729999998,0.0001
2026-08-09 01:15:00 CST,1786209300000,76.34,76.43,76.28,76.42,104389.90999999999,65567.32,663627596.3034,-1123099.3853507042,26744.730000000007,-2382454.9999999977,0.0001
2026-08-09 01:30:00 CST,1786210200000,76.42,76.47,76.31,76.38,118952.72,66000.64,664418038.2987244,-769805.1025648117,13048.560000000001,-2369406.4399999976,0.0001
2026-08-09 01:45:00 CST,1786211100000,76.38,76.41,76.34,76.37,58290.49999999999,26839.230000000003,665837971.1564,481341.6086000204,-4612.039999999994,-2374018.479999998,0.0001
2026-08-09 02:00:00 CST,1786212000000,76.36,76.36,76.21,76.25,88624.85999999999,32823.93,665349459.2885656,-478258.2470343113,-22976.999999999996,-2396995.479999998,0.0001
2026-08-09 02:15:00 CST,1786212900000,76.24,76.27,76.05,76.07,155717.96,65889.34,665452980.655184,-125577.00185573101,-23939.280000000006,-2420934.7599999984,0.0001
2026-08-09 02:30:00 CST,1786213800000,76.07,76.18,76.05,76.12,83049.17,39727.82,666077888.6874,1184896.0217000246,-3593.5300000000007,-2424528.289999998,0.0001
2026-08-09 02:45:00 CST,1786214700000,76.11,76.17,76.08,76.12,38577.14,19737.05,666206819.0547,-8040.118899941444,896.960000000001,-2423631.3299999977,0.0001
2026-08-09 03:00:00 CST,1786215600000,76.11,76.13,76.04,76.07,65019.36,22944.460000000003,666540264.4601705,161425.2989704609,-19130.44,-2442761.769999998,0.0001
2026-08-09 03:15:00 CST,1786216500000,76.07,76.1,75.96,75.96,117808.20999999999,50202.67,665974787.9828,-465082.9664527178,-17402.870000000003,-2460164.6399999983,0.0001
2026-08-09 03:30:00 CST,1786217400000,75.96,76.09,75.94,76.07,113425.16999999998,56169.16,664821531.8852,-430547.03026747704,-1086.849999999993,-2461251.489999998,0.0001
2026-08-09 03:45:00 CST,1786218300000,76.07,76.26,76.05,76.13,169783.64,102025.29999999999,667101773.0901058,2011649.3274066448,34266.96,-2426984.529999998,0.0001
2026-08-09 04:00:00 CST,1786219200000,76.14,76.24,76.11,76.24,38919.21,27042.230000000003,667499811.2840229,769065.0392229557,15165.250000000004,-2411819.279999998,0.0001
2026-08-09 04:15:00 CST,1786220100000,76.24,76.27,76.13,76.16,46168.189999999995,20779.02,667131742.2336,-762956.0799999237,-4610.15,-2416429.4299999983,0.0001
2026-08-09 04:30:00 CST,1786221000000,76.17,76.25,76.16,76.25,51671.82,33029.5,667646669.022,265305.6933000088,14387.180000000002,-2402042.249999998,0.0001
2026-08-09 04:45:00 CST,1786221900000,76.24,76.24,76.17,76.23,34893.46,20012.83,667621265.8172,-514592.79530000687,5132.199999999998,-2396910.049999998,0.0001
2026-08-09 05:00:00 CST,1786222800000,76.24,76.35,76.23,76.27,60654.770000000004,39360.91,668713390.6491128,849283.6355128288,18067.05,-2378842.9999999977,0.0001
2026-08-09 05:15:00 CST,1786223700000,76.27,76.35,76.26,76.31,73027.06999999999,36341.520000000004,667673661.6291,-563695.949231267,-344.0299999999943,-2379187.0299999975,0.0001
2026-08-09 05:30:00 CST,1786224600000,76.3,76.31,76.17,76.23,46826.56,17109.13,667208509.8834909,-712776.0683248043,-12608.299999999997,-2391795.3299999977,0.0001
2026-08-09 05:45:00 CST,1786225500000,76.22,76.25,76.11,76.19,45106.369999999995,17912.010000000002,666874580.904,47468.577300071716,-9282.35,-2401077.679999998,0.0001
2026-08-09 06:00:00 CST,1786226400000,76.19,76.25,76.15,76.17,62113.96,25650.25,667840708.5858382,700325.8583382368,-10813.46,-2411891.139999998,0.0001
2026-08-09 06:15:00 CST,1786227300000,76.16,76.27,76.15,76.23,60497.149999999994,31148.4,668820526.8315111,1142879.9259297848,1799.6499999999978,-2410091.489999998,0.0001
2026-08-09 06:30:00 CST,1786228200000,76.22,76.25,76.1,76.11,57371.85,18218.42,668979932.3731,233667.1629999876,-20935.01,-2431026.499999998,0.0001
2026-08-09 06:45:00 CST,1786229100000,76.11,76.11,75.84,75.89,172446.83000000002,56512.15,667752471.8632,-317393.08077704906,-59422.53,-2490449.0299999984,0.0001
2026-08-09 07:00:00 CST,1786230000000,75.9,75.92,75.74,75.83,143998.28,52527.33,665945497.6125,-617449.0965000391,-38943.62000000001,-2529392.6499999985,0.0001
2026-08-09 07:15:00 CST,1786230900000,75.83,75.92,75.77,75.88,100564.26999999999,54971.38,665504170.1568,443837.2964000702,9378.489999999994,-2520014.1599999988,0.0001
2026-08-09 07:30:00 CST,1786231800000,75.88,76.08,75.87,76.07,78191.64,62136.57,664936830.384483,94042.3397513628,46081.5,-2473932.659999999,0.0001
2026-08-09 07:45:00 CST,1786232700000,76.06,76.07,75.97,76.0,56262.39,27315.54,664822162.7595389,-526198.5388611555,-1631.3100000000031,-2475563.9699999993,0.0001
2026-08-09 08:00:00 CST,1786233600000,76.0,76.04,75.95,75.98,78560.45,33966.229999999996,664339257.5850172,-323562.3349827528,-10627.989999999994,-2486191.959999999,0.0001
2026-08-09 08:15:00 CST,1786234500000,75.98,75.99,75.88,75.92,35100.57,13681.66,664274365.447,12679.647400021553,-7737.249999999999,-2493929.209999999,0.0001
2026-08-09 08:30:00 CST,1786235400000,75.91,75.99,75.86,75.94,58018.28999999999,28130.000000000004,663908009.6271994,32663.591999411583,-1758.2899999999954,-2495687.499999999,0.0001
2026-08-09 08:45:00 CST,1786236300000,75.94,76.0,75.83,76.0,82050.93,49559.3,662358318.8301,-1085941.6719503403,17067.67,-2478619.8299999987,0.0001
2026-08-09 09:00:00 CST,1786237200000,75.99,76.08,75.89,75.93,153759.56,60917.84,663909510.7579842,36059.51798415184,-31923.880000000005,-2510543.7099999986,0.0001
2026-08-09 09:15:00 CST,1786238100000,75.93,75.94,75.74,75.74,93014.54000000001,34915.99,662707709.0304,-491387.33779990673,-23182.56000000001,-2533726.2699999986,0.0001
2026-08-09 09:30:00 CST,1786239000000,75.74,75.86,75.71,75.85,60571.79,34079.72,662666398.8617362,769820.896736145,7587.650000000003,-2526138.6199999982,0.0001
2026-08-09 09:45:00 CST,1786239900000,75.85,75.91,75.8,75.86,48497.21,26178.68,662696561.3438,23359.549482107162,3860.1500000000015,-2522278.4699999983,0.0001
2026-08-09 10:00:00 CST,1786240800000,75.85,75.88,75.77,75.87,49828.049999999996,20917.47,662579009.5384,-209483.50499999523,-7993.109999999997,-2530271.579999998,0.0001
2026-08-09 10:15:00 CST,1786241700000,75.86,75.93,75.8,75.91,40616.939999999995,19492.07,663847003.6845,771408.6882784367,-1632.800000000001,-2531904.379999998,0.0001
2026-08-09 10:30:00 CST,1786242600000,75.91,75.99,75.87,75.88,95479.69,52763.380000000005,663709292.1468084,309380.61010837555,10047.069999999996,-2521857.309999998,0.0001
2026-08-09 10:45:00 CST,1786243500000,75.88,75.92,75.78,75.86,89373.62,34068.42,664341425.6034088,-135878.0549441576,-21236.78,-2543094.089999998,0.0001
2026-08-09 11:00:00 CST,1786244400000,75.85,75.85,75.75,75.77,68855.47,32723.480000000003,664486307.775,-905348.4856337309,-3408.51,-2546502.599999998,0.0001
2026-08-09 11:15:00 CST,1786245300000,75.77,75.99,75.75,75.99,64433.219999999994,44494.72,665867957.6932,1164218.579140067,24556.220000000005,-2521946.3799999985,0.0001
2026-08-09 11:30:00 CST,1786246200000,75.99,76.03,75.95,75.97,73367.98999999999,41667.85,667537007.3976,913781.2140678167,9967.709999999997,-2511978.6699999985,0.0001
2026-08-09 11:45:00 CST,1786247100000,75.96,76.03,75.94,75.97,56481.21,21932.0,666561523.5413531,-102162.38184690475,-12617.209999999997,-2524595.8799999985,0.0001
2026-08-09 12:00:00 CST,1786248000000,75.96,76.11,75.95,76.09,71259.41,49077.350000000006,667715038.2864,1211598.2288737297,26895.290000000005,-2497700.5899999985,0.0001
2026-08-09 12:15:00 CST,1786248900000,76.08,76.1,75.98,76.05,69246.41,25732.809999999998,667578447.2913,-311608.11189997196,-17780.79,-2515481.379999998,0.0001
2026-08-09 12:30:00 CST,1786249800000,76.04,76.05,75.93,76.01,34685.13,12415.960000000001,667622489.7468,-255926.88856375217,-9853.21,-2525334.589999998,0.0001
2026-08-09 12:45:00 CST,1786250700000,76.01,76.02,75.93,75.95,32444.35,16824.94,667025374.701,-320421.25080001354,1205.5299999999988,-2524129.059999998,0.0001
2026-08-09 13:00:00 CST,1786251600000,75.96,76.01,75.94,75.95,41708.57,19734.3,667600531.2185,760648.4753000736,-2239.970000000001,-2526369.029999998,0.0001
2026-08-09 13:15:00 CST,1786252500000,75.96,76.01,75.92,75.92,35060.119999999995,17922.11,667257850.6566645,180714.30292356014,784.0999999999985,-2525584.929999998,0.0001
2026-08-09 13:30:00 CST,1786253400000,75.92,75.94,75.86,75.92,58754.13999999999,20861.1,665888934.2570581,-1241143.63076818,-17031.939999999995,-2542616.8699999982,0.0001
2026-08-09 13:45:00 CST,1786254300000,75.92,76.01,75.91,75.99,66946.25,30621.79,666958261.100131,900338.8145310879,-5702.669999999998,-2548319.539999998,0.0001
2026-08-09 14:00:00 CST,1786255200000,75.99,76.03,75.94,76.0,65868.91,32214.050000000003,667096524.9982,-186768.99145889282,-1440.8100000000013,-2549760.349999998,0.0001
2026-08-09 14:15:00 CST,1786256100000,76.0,76.28,75.99,76.21,164706.96000000002,113054.66,668786710.4576,1485023.6199997663,61402.359999999986,-2488357.9899999984,0.0001
2026-08-09 14:30:00 CST,1786257000000,76.22,76.35,76.2,76.28,135929.08000000002,84150.51000000001,667669988.2257001,-492545.60909986496,32371.939999999988,-2455986.049999998,0.0001
2026-08-09 14:45:00 CST,1786257900000,76.28,76.48,76.28,76.4,229208.21999999997,122756.74999999999,671852244.5921115,4405986.405459762,16305.279999999999,-2439680.7699999977,0.0001
2026-08-09 15:00:00 CST,1786258800000,76.4,76.45,76.31,76.43,146176.92,79259.75,672805309.735705,-269919.1944949627,12342.579999999994,-2427338.1899999976,0.0001
2026-08-09 15:15:00 CST,1786259700000,76.43,76.47,76.3,76.34,91907.0,33939.23,672875206.5723872,-1266426.8917127848,-24028.54,-2451366.729999998,0.0001
2026-08-09 15:30:00 CST,1786260600000,76.34,76.36,76.22,76.25,99259.73999999999,39048.51,672774754.818391,-57505.583852529526,-21162.72000000001,-2472529.449999998,0.0001
2026-08-09 15:45:00 CST,1786261500000,76.25,76.34,76.23,76.34,62198.06,37606.28,673080259.6004,192176.162899971,13014.500000000005,-2459514.949999998,0.0001
2026-08-09 16:00:00 CST,1786262400000,76.34,76.57,76.3,76.41,178254.75999999998,101259.65000000001,675306038.316,1853837.98300004,24264.540000000005,-2435250.4099999974,0.0001
2026-08-09 16:15:00 CST,1786263300000,76.42,76.42,76.33,76.36,47409.28,25619.55,675812804.6508,197842.3301999569,3829.819999999998,-2431420.589999997,0.0001
2026-08-09 16:30:00 CST,1786264200000,76.36,76.43,76.1,76.1,119788.54999999999,33265.100000000006,675367366.4717557,-496128.61124420166,-53258.34999999999,-2484678.9399999967,0.0001
2026-08-09 16:45:00 CST,1786265100000,76.1,76.31,76.08,76.3,168736.58000000002,104367.48,673195247.2793891,830437.6018884182,39998.37999999999,-2444680.559999997,0.0001
2026-08-09 17:00:00 CST,1786266000000,76.3,76.45,76.26,76.43,143607.04,74032.54000000001,675383496.3279,1536549.0948096514,4458.039999999986,-2440222.5199999968,0.0001
2026-08-09 17:15:00 CST,1786266900000,76.43,76.45,76.23,76.24,77060.45,20044.32,674536661.3973,-567656.272493124,-36971.81,-2477194.3299999963,0.0001
2026-08-09 17:30:00 CST,1786267800000,76.23,76.51,76.23,76.44,128531.98,90942.29999999999,675221322.6234,1489768.436999917,53352.62,-2423841.7099999962,0.0001
2026-08-09 17:45:00 CST,1786268700000,76.44,76.45,76.36,76.42,48495.869999999995,21980.57,675448223.4216,-6562.628399968147,-4534.729999999999,-2428376.439999996,0.0001
2026-08-09 18:00:00 CST,1786269600000,76.43,76.54,76.39,76.53,92830.44,58643.100000000006,676058603.5092,364871.6416000128,24455.76,-2403920.6799999964,0.0001
2026-08-09 18:15:00 CST,1786270500000,76.53,76.64,76.47,76.49,120634.17,61517.2,678284728.0482942,1044799.0818109512,2400.230000000003,-2401520.4499999965,0.0001
2026-08-09 18:30:00 CST,1786271400000,76.49,76.52,76.39,76.41,52242.37,17626.49,676614485.3952587,-804425.3447413445,-16989.39,-2418509.8399999966,0.0001
2026-08-09 18:45:00 CST,1786272300000,76.41,76.41,76.34,76.36,68245.68,26184.41,677341617.4456189,822431.0782389641,-15876.860000000002,-2434386.699999997,0.0001
2026-08-09 19:00:00 CST,1786273200000,76.36,76.43,76.31,76.4,70205.64,35572.63,677306695.6542482,462007.21194827557,939.619999999999,-2433447.079999997,0.0001
2026-08-09 19:15:00 CST,1786274100000,76.4,76.46,76.36,76.44,36018.020000000004,16698.37,676513345.6238614,-630590.7232478857,-2621.2800000000025,-2436068.3599999966,0.0001
2026-08-09 19:30:00 CST,1786275000000,76.44,76.51,76.41,76.46,55021.03999999999,28755.74,676515022.0860921,-691560.4819501638,2490.440000000006,-2433577.9199999967,0.0001
2026-08-09 19:45:00 CST,1786275900000,76.47,76.51,76.43,76.47,51096.1,27121.78,677308531.1255438,512309.46684384346,3147.460000000001,-2430430.4599999962,0.0001
2026-08-09 20:00:00 CST,1786276800000,76.47,76.57,76.39,76.5,115467.35,38170.9,678290800.9907082,934195.2243082523,-39125.549999999996,-2469556.009999996,0.0001
2026-08-09 20:15:00 CST,1786277700000,76.51,76.52,76.39,76.39,38689.520000000004,12784.91,678042994.4068,-447143.1373000145,-13119.7,-2482675.7099999962,0.0001
2026-08-09 20:30:00 CST,1786278600000,76.39,76.4,76.27,76.3,69528.40000000001,19766.79,676263375.6413106,-1400090.7826894522,-29994.820000000007,-2512670.529999996,0.0001
2026-08-09 20:45:00 CST,1786279500000,76.3,76.38,76.3,76.34,51199.28,28302.18,676179408.8021,58803.62779998779,5405.08,-2507265.4499999965,0.0001
2026-08-09 21:00:00 CST,1786280400000,76.35,76.64,76.32,76.56,130736.5,82341.16,678635494.8522,1909547.5191897154,33945.82000000001,-2473319.6299999966,0.0001
2026-08-09 21:15:00 CST,1786281300000,76.56,76.87,76.55,76.69,349901.71,189737.84,680941347.0639,1273516.4529099464,29573.96999999999,-2443745.659999997,0.0001
2026-08-09 21:30:00 CST,1786282200000,76.7,76.74,76.61,76.66,102378.89000000001,46149.899999999994,680720795.5984,-630586.2555999756,-10079.090000000004,-2453824.749999997,0.0001
2026-08-09 21:45:00 CST,1786283100000,76.66,76.67,76.54,76.54,77901.32999999999,27277.699999999997,680320511.2875139,-635795.8545861244,-23345.93,-2477170.6799999974,0.0001
2026-08-09 22:00:00 CST,1786284000000,76.54,76.71,76.54,76.66,135210.28,62417.979999999996,680567451.7951498,1428096.8541498184,-10374.320000000003,-2487544.9999999977,0.0001
2026-08-09 22:15:00 CST,1786284900000,76.66,76.69,76.56,76.66,51692.619999999995,27131.440000000002,679622142.0646,-894168.2146999836,2570.260000000002,-2484974.7399999974,0.0001
2026-08-09 22:30:00 CST,1786285800000,76.67,76.96,76.64,76.75,252084.43,146264.27000000002,684560623.5548664,4226018.108766437,40444.110000000015,-2444530.6299999976,0.0001
2026-08-09 22:45:00 CST,1786286700000,76.74,77.07,76.69,77.0,339146.17,208739.9,684628436.736,408527.04684507847,78333.62999999999,-2366196.9999999977,0.0001
2026-08-09 23:00:00 CST,1786287600000,76.99,77.06,76.86,76.9,204930.8,96875.14,686770056.5806541,-150570.29396224022,-11180.52,-2377377.519999998,0.0001
2026-08-09 23:15:00 CST,1786288500000,76.9,76.93,76.83,76.91,72307.75,29752.940000000002,685513772.6515,-908654.1564999819,-12801.869999999999,-2390179.3899999983,0.0001
2026-08-09 23:30:00 CST,1786289400000,76.91,77.34,76.87,77.25,449113.52,267095.98,689403146.9388458,3238960.8378458023,85078.43999999997,-2305100.9499999983,0.0001
2026-08-09 23:45:00 CST,1786290300000,77.26,77.46,77.08,77.41,416785.14,251552.63999999998,692043122.4925177,-401370.7174823284,86320.13999999996,-2218780.809999998,0.0001
2026-08-10 00:00:00 CST,1786291200000,77.41,77.56,77.25,77.29,433283.61,245252.11,701844871.3535264,2567710.1569263935,57220.60999999996,-2161560.1999999983,0.0001
2026-08-10 00:15:00 CST,1786292100000,77.28,77.35,77.07,77.08,198344.84999999998,73182.97,698536901.0240499,-1192553.8262478113,-51978.909999999996,-2213539.1099999985,0.0001
2026-08-10 00:30:00 CST,1786293000000,77.08,77.34,77.07,77.25,174588.35,102629.57999999999,699919911.2368,1856156.4787999392,30670.80999999999,-2182868.2999999984,0.0001
2026-08-10 00:45:00 CST,1786293900000,77.25,77.33,77.22,77.31,61512.84,33461.009999999995,698964280.3472,-38499.10777807236,5409.180000000002,-2177459.1199999987,0.0001
2026-08-10 01:00:00 CST,1786294800000,77.31,77.32,77.18,77.26,85676.25999999998,33930.01,698601709.1899021,-1103056.093107462,-17816.239999999994,-2195275.3599999985,0.0001
2026-08-10 01:15:00 CST,1786295700000,77.26,77.31,77.2,77.25,61925.37999999999,27152.1,699972983.4008,441224.2074929476,-7621.1799999999985,-2202896.539999998,0.0001
2026-08-10 01:30:00 CST,1786296600000,77.24,77.32,77.17,77.31,76467.31999999999,37570.77,699428316.1334,-82239.0378985405,-1325.7800000000007,-2204222.319999998,0.0001
2026-08-10 01:45:00 CST,1786297500000,77.3,77.31,77.11,77.16,62304.11,25094.03,697394944.9053,-1975099.5161999464,-12116.050000000001,-2216338.3699999982,0.0001
2026-08-10 02:00:00 CST,1786298400000,77.15,77.22,77.13,77.14,48836.75,17063.829999999998,698400416.302957,485693.9425570965,-14709.09,-2231047.4599999986,0.0001
2026-08-10 02:15:00 CST,1786299300000,77.14,77.21,77.06,77.18,66252.85,30372.49,698571673.164,677940.2374000549,-5507.870000000001,-2236555.329999998,0.0001
2026-08-10 02:30:00 CST,1786300200000,77.18,77.2,77.1,77.14,35195.83,13309.71,697621002.9084,-614365.300999999,-8576.410000000003,-2245131.739999998,0.0001
2026-08-10 02:45:00 CST,1786301100000,77.13,77.24,77.13,77.19,46735.39,23133.940000000002,697890010.7641,423837.3342740536,-467.5099999999984,-2245599.249999998,0.0001
2026-08-10 03:00:00 CST,1786302000000,77.18,77.23,77.12,77.13,45608.08,20667.760000000002,697781365.3492,32755.74962759018,-4272.560000000002,-2249871.809999998,0.0001
2026-08-10 03:15:00 CST,1786302900000,77.12,77.29,77.12,77.26,33024.18,19733.33,698232216.3656,1089058.1965081692,6442.48,-2243429.329999998,0.0001
2026-08-10 03:30:00 CST,1786303800000,77.25,77.32,77.22,77.3,60052.41,33642.84,698823431.6638,216320.47085142136,7233.2699999999995,-2236196.059999998,0.0001
2026-08-10 03:45:00 CST,1786304700000,77.3,77.35,77.21,77.22,69059.69,28940.18,697597309.2735,-1619516.0665000677,-11179.33,-2247375.3899999983,0.0001
2026-08-10 04:00:00 CST,1786305600000,77.21,77.24,77.05,77.06,54978.45,18858.98,697179680.7641867,-220094.42151534557,-17260.489999999998,-2264635.8799999985,0.0001
2026-08-10 04:15:00 CST,1786306500000,77.05,77.21,77.04,77.2,44205.87,24693.449999999997,697137196.507,1296803.6836322546,5181.03,-2259454.8499999987,0.0001
2026-08-10 04:30:00 CST,1786307400000,77.2,77.24,77.19,77.24,27875.489999999998,16106.760000000002,698048234.3914,460474.4553999901,4338.03,-2255116.8199999984,0.0001
2026-08-10 04:45:00 CST,1786308300000,77.23,77.28,77.19,77.25,31931.65,14642.880000000001,698164566.6996,-116572.51970005035,-2645.8899999999994,-2257762.709999998,0.0001
2026-08-10 05:00:00 CST,1786309200000,77.24,77.25,77.13,77.2,51235.649999999994,19711.2,696890524.9291564,-1586235.8514761925,-11813.249999999996,-2269575.959999998,0.0001
2026-08-10 05:15:00 CST,1786310100000,77.2,77.37,77.19,77.37,48771.78,31179.770000000004,698253002.6568,934337.9888000488,13587.760000000002,-2255988.199999998,0.0001
2026-08-10 05:30:00 CST,1786311000000,77.36,77.44,77.34,77.38,50904.0,30561.92,698685953.6460352,7243.952740907669,10219.840000000004,-2245768.359999998,0.0001
2026-08-10 05:45:00 CST,1786311900000,77.39,77.5,77.31,77.34,67964.40000000001,40787.79,699064896.3264,73204.88380002975,13611.18,-2232157.179999998,0.0001
2026-08-10 06:00:00 CST,1786312800000,77.33,77.88,77.33,77.69,332721.23,216470.85,701025502.6093851,1893527.1651098728,100220.47,-2131936.7099999976,0.0001
2026-08-10 06:15:00 CST,1786313700000,77.68,77.74,77.4,77.42,232465.04000000004,90144.16,699889677.3256,-1249124.6557490826,-52176.720000000016,-2184113.429999998,0.0001
2026-08-10 06:30:00 CST,1786314600000,77.42,77.45,76.94,77.04,400496.45,186792.21000000002,692670196.1502,-7098600.627200007,-26912.029999999984,-2211025.4599999976,0.0001
2026-08-10 06:45:00 CST,1786315500000,77.03,77.04,76.63,76.8,388390.97,144957.83,685218184.0939,-6910530.974073291,-98475.31,-2309500.769999997,0.0001
2026-08-10 07:00:00 CST,1786316400000,76.8,76.89,76.66,76.67,178222.72,86517.05,683733685.388,-1882285.6840000153,-5188.619999999999,-2314689.3899999973,0.0001
2026-08-10 07:15:00 CST,1786317300000,76.67,76.74,76.32,76.39,341676.33999999997,123027.16,684022449.0945745,-4493.797002792358,-95622.02000000002,-2410311.4099999974,0.0001
2026-08-10 07:30:00 CST,1786318200000,76.39,76.49,76.19,76.3,454160.55999999994,203171.03,677836575.4088,-3698585.8605548143,-47818.499999999985,-2458129.9099999974,0.0001
2026-08-10 07:45:00 CST,1786319100000,76.31,76.38,76.16,76.23,265378.38,97427.84,674431863.6136997,-2739306.6723003387,-70522.70000000001,-2528652.609999997,0.0001
2026-08-10 08:00:00 CST,1786320000000,76.23,77.0,76.17,76.74,573797.99,304424.77,672772694.2715951,-225312.7693350315,35051.55000000002,-2493601.0599999973,0.0001
2026-08-10 08:15:00 CST,1786320900000,76.74,76.75,76.46,76.54,198584.38,89888.59,669809905.2828,-1727518.870200038,-18807.200000000004,-2512408.2599999974,0.0001
2026-08-10 08:30:00 CST,1786321800000,76.53,76.62,76.27,76.31,241122.01,110323.04000000001,668135858.7235887,-2227879.9584350586,-20475.929999999993,-2532884.1899999976,0.0001
2026-08-10 08:45:00 CST,1786322700000,76.31,76.65,76.28,76.51,156734.72999999998,95881.82,670370235.145,1596201.996999979,35028.91,-2497855.2799999975,0.0001
2026-08-10 09:00:00 CST,1786323600000,76.5,76.77,76.42,76.66,132983.99,81344.55,670584296.4460399,611424.0294692516,29705.11,-2468150.1699999976,0.0001
2026-08-10 09:15:00 CST,1786324500000,76.65,76.81,76.58,76.58,122722.29999999999,57556.94,671491408.0756607,-43113.13993930817,-7608.420000000002,-2475758.589999998,0.0001
2026-08-10 09:30:00 CST,1786325400000,76.58,76.65,76.37,76.58,139507.68,63604.46,669289055.322,-1264416.714599967,-12298.759999999987,-2488057.3499999978,0.0001
2026-08-10 09:45:00 CST,1786326300000,76.57,77.14,76.56,76.88,270205.09,164495.06,673447615.02698,3654767.14478004,58785.030000000006,-2429272.3199999975,0.0001
2026-08-10 10:00:00 CST,1786327200000,76.87,76.91,76.65,76.73,122207.26,53777.71,671566234.6618383,-1815109.7253617048,-14651.840000000004,-2443924.1599999974,0.0001
2026-08-10 10:15:00 CST,1786328100000,76.73,76.74,76.4,76.49,161478.44,77303.61,667210798.4084,-4094195.63259995,-6871.220000000001,-2450795.3799999976,0.0001
2026-08-10 10:30:00 CST,1786329000000,76.5,76.86,76.49,76.85,114443.40000000001,76272.09,667318077.9903761,264237.16537606716,38100.78,-2412694.5999999973,0.0001
2026-08-10 10:45:00 CST,1786329900000,76.84,76.85,76.69,76.79,74756.47,39584.05,668701614.7627051,-1226272.7750399113,4411.630000000001,-2408282.969999997,0.0001
2026-08-10 11:00:00 CST,1786330800000,76.78,76.79,76.48,76.48,157382.43,76400.1,669930439.6475,-267669.0815999508,-4582.230000000014,-2412865.199999997,0.0001
2026-08-10 11:15:00 CST,1786331700000,76.48,76.92,76.34,76.69,226806.30999999997,119833.63,668302148.6568,3042850.99826324,12860.950000000012,-2400004.2499999967,0.0001
2026-08-10 11:30:00 CST,1786332600000,76.68,76.83,76.65,76.71,74812.3,36603.09,668054724.3312,924617.5116000175,-1606.1199999999972,-2401610.369999997,0.0001
2026-08-10 11:45:00 CST,1786333500000,76.71,76.75,76.53,76.6,79819.5,28194.09,666931465.8351,-683286.070499897,-23431.319999999996,-2425041.689999997,0.0001
2026-08-10 12:00:00 CST,1786334400000,76.6,76.72,76.58,76.67,67055.84,31138.53,667311924.6757,319511.4580999613,-4778.779999999999,-2429820.4699999974,0.0001
2026-08-10 12:15:00 CST,1786335300000,76.67,76.71,76.57,76.59,104063.87,55920.630000000005,668513199.3180155,884965.634671092,7777.3900000000085,-2422043.0799999977,0.0001
2026-08-10 12:30:00 CST,1786336200000,76.6,76.62,76.39,76.52,84293.07,36323.78,668427445.1397,-462487.39029991627,-11645.51,-2433688.589999998,0.0001
2026-08-10 12:45:00 CST,1786337100000,76.52,76.63,76.45,76.51,56110.670000000006,26862.91,667565271.6824,-444622.4398701191,-2384.8500000000004,-2436073.4399999976,0.0001
2026-08-10 13:00:00 CST,1786338000000,76.51,76.69,76.5,76.56,65960.28,31410.67,668306885.304,736552.5888000727,-3138.940000000006,-2439212.379999998,0.0001
2026-08-10 13:15:00 CST,1786338900000,76.56,76.75,76.55,76.75,46286.090000000004,29531.2,668491372.6619816,1321525.109940648,12776.31,-2426436.069999998,0.0001
2026-08-10 13:30:00 CST,1786339800000,76.74,76.82,76.68,76.79,71594.76000000001,36890.11,668767871.7142531,148094.88675308228,2185.459999999999,-2424250.6099999985,0.0001
2026-08-10 13:45:00 CST,1786340700000,76.78,76.95,76.75,76.86,81570.68000000001,48657.299999999996,669184169.6290952,673363.7304952145,15743.919999999998,-2408506.689999998,0.0001
2026-08-10 14:00:00 CST,1786341600000,76.85,77.05,76.83,76.91,114791.76,63258.72000000001,670241358.504,1467380.501210928,11725.680000000004,-2396781.0099999984,0.0001
2026-08-10 14:15:00 CST,1786342500000,76.9,76.96,76.77,76.87,117134.92000000001,45105.89,669829750.5231322,204616.15143215656,-26923.140000000003,-2423704.1499999985,0.0001
2026-08-10 14:30:00 CST,1786343400000,76.86,76.97,76.86,76.95,69183.26999999999,29420.91,669693806.2452,282522.03500008583,-10341.449999999999,-2434045.5999999987,0.0001
2026-08-10 14:45:00 CST,1786344300000,76.94,77.0,76.9,76.96,60133.350000000006,33627.03,671129584.3448266,263168.86937355995,7120.709999999997,-2426924.8899999987,0.0001
2026-08-10 15:00:00 CST,1786345200000,76.95,76.97,76.81,76.82,37533.53,14511.330000000002,670582882.9412,-707579.2796305418,-8510.87,-2435435.7599999984,0.0001
2026-08-10 15:15:00 CST,1786346100000,76.82,76.99,76.79,76.96,47190.7,26549.31,671542549.6916559,1343633.803195715,5907.92,-2429527.839999998,0.0001
2026-08-10 15:30:00 CST,1786347000000,76.95,77.09,76.95,77.01,89881.16,31419.260000000002,671709158.12,103275.17777967453,-27042.639999999996,-2456570.4799999977,0.0001
2026-08-10 15:45:00 CST,1786347900000,77.01,77.03,76.89,76.95,63201.8,21888.07,671090776.0644,-820842.5350590944,-19425.66,-2475996.139999998,0.0001
2026-08-10 16:00:00 CST,1786348800000,76.94,77.08,76.91,76.91,93082.75,51064.39000000001,671488582.5774,176553.2663999796,9046.030000000004,-2466950.109999998,9.534e-05
2026-08-10 16:15:00 CST,1786349700000,76.91,77.12,76.83,76.95,145894.34,71056.87,672756172.4772133,1544022.1298133135,-3780.5999999999985,-2470730.709999998,9.534e-05
2026-08-10 16:30:00 CST,1786350600000,76.94,76.96,76.63,76.79,190140.77,71572.37,669862416.2125553,-2055759.4172978401,-46996.03,-2517726.7399999984,9.534e-05
2026-08-10 16:45:00 CST,1786351500000,76.79,76.96,76.74,76.91,101461.98,58803.59,671290944.7543079,2208805.839777708,16145.199999999999,-2501581.539999998,9.534e-05
2026-08-10 17:00:00 CST,1786352400000,76.91,77.0,76.87,76.96,87955.89,30033.55,673049350.7265428,2019796.8285428286,-27888.790000000008,-2529470.3299999987,9.534e-05
2026-08-10 17:15:00 CST,1786353300000,76.97,76.98,76.8,76.81,70519.22,30130.53,672471910.1023,-457582.7977999449,-10258.160000000002,-2539728.489999999,9.534e-05
2026-08-10 17:30:00 CST,1786354200000,76.8,76.8,76.66,76.69,93539.64,41748.68,669625551.0776901,-1487879.8936274052,-10042.279999999999,-2549770.769999999,9.534e-05
2026-08-10 17:45:00 CST,1786355100000,76.7,76.71,76.53,76.53,190181.47,103682.59,668378752.8276292,-1358055.6069256067,17183.71,-2532587.0599999987,9.534e-05
2026-08-10 18:00:00 CST,1786356000000,76.53,76.66,76.51,76.53,102066.84,48448.02,668809429.596,331735.5634959936,-5170.800000000007,-2537757.8599999985,9.534e-05
2026-08-10 18:15:00 CST,1786356900000,76.53,76.67,76.51,76.63,133988.75,63962.79,670390853.5468988,1626165.1996896267,-6063.169999999995,-2543821.029999998,9.534e-05
2026-08-10 18:30:00 CST,1786357800000,76.63,76.84,76.56,76.75,156220.27000000002,89990.25,670724278.5573,430423.8710999489,23760.22999999999,-2520060.799999998,9.534e-05
2026-08-10 18:45:00 CST,1786358700000,76.75,76.84,76.69,76.78,55228.41,30448.75,671700810.010341,-274927.9580589533,5669.090000000004,-2514391.709999998,9.534e-05
2026-08-10 19:00:00 CST,1786359600000,76.78,76.81,76.63,76.68,73686.14,26015.8,670382023.6679,-1197158.5865000486,-21654.539999999997,-2536046.249999998,9.534e-05
2026-08-10 19:15:00 CST,1786360500000,76.68,76.86,76.68,76.83,101783.72,47085.6,669294612.1792,-733358.5911751986,-7612.519999999998,-2543658.769999998,9.534e-05
2026-08-10 19:30:00 CST,1786361400000,76.84,76.9,76.8,76.82,54900.59,29776.940000000002,669387129.7596114,-134031.0307328701,4653.290000000001,-2539005.479999998,9.534e-05
2026-08-10 19:45:00 CST,1786362300000,76.82,77.03,76.81,77.02,118119.19,73450.07,669719514.3474,592306.3645999432,28780.949999999993,-2510224.5299999984,9.534e-05
2026-08-10 20:00:00 CST,1786363200000,77.03,77.1,76.92,76.96,222369.21,101102.07,673785979.5518,2967843.1197999716,-20165.07,-2530389.5999999987,9.534e-05
2026-08-10 20:15:00 CST,1786364100000,76.97,76.97,76.85,76.85,76663.97,34361.229999999996,672944664.1848,12434.513458848,-7941.509999999998,-2538331.1099999985,9.534e-05
2026-08-10 20:30:00 CST,1786365000000,76.86,76.86,76.66,76.85,201100.18,89106.24,671036815.842198,-934053.1455346346,-22887.700000000004,-2561218.809999998,9.534e-05
2026-08-10 20:45:00 CST,1786365900000,76.85,76.85,76.57,76.61,126156.98000000001,42460.79,670816905.5208744,-1670695.2996256351,-41235.40000000001,-2602454.2099999986,9.534e-05
2026-08-10 21:00:00 CST,1786366800000,76.61,76.75,76.56,76.69,135291.53,76593.76999999999,670071159.0021865,781901.8593865633,17896.009999999987,-2584558.199999999,9.534e-05
2026-08-10 21:15:00 CST,1786367700000,76.69,76.73,76.56,76.66,120129.18,57362.08,668965343.7852,-372280.2890803814,-5405.019999999997,-2589963.219999999,9.534e-05
2026-08-10 21:30:00 CST,1786368600000,76.67,76.69,76.28,76.33,396929.08,183774.63,663732693.027,-5132305.062200069,-29379.820000000007,-2619343.0399999986,9.534e-05
2026-08-10 21:45:00 CST,1786369500000,76.33,76.43,76.1,76.28,399352.49,168394.21000000002,660206046.4587,-3606308.214093685,-62564.06999999996,-2681907.1099999985,9.534e-05
2026-08-10 22:00:00 CST,1786370400000,76.28,76.68,76.24,76.63,270897.56,154109.83000000002,663296272.078872,2086659.0981719494,37322.100000000006,-2644585.009999999,9.534e-05
2026-08-10 22:15:00 CST,1786371300000,76.63,76.67,76.47,76.61,125416.34,60514.619999999995,662828687.685,-1548994.593423009,-4387.100000000002,-2648972.109999999,9.534e-05
2026-08-10 22:30:00 CST,1786372200000,76.61,76.67,76.45,76.58,139035.45,59551.18000000001,662858454.308,-1894135.9480000734,-19933.089999999993,-2668905.199999999,9.534e-05
2026-08-10 22:45:00 CST,1786373100000,76.58,76.61,76.21,76.24,204042.94,81981.04000000001,661233350.5769,-2866023.190299988,-40080.86,-2708986.059999999,9.534e-05
2026-08-10 23:00:00 CST,1786374000000,76.23,76.41,76.03,76.08,318449.48,132279.47,662678816.6,1498082.6531980038,-53890.54000000001,-2762876.599999999,9.534e-05
2026-08-10 23:15:00 CST,1786374900000,76.08,76.27,75.78,75.98,650124.62,294511.99,651924775.8864,-6915599.147686005,-61100.639999999985,-2823977.2399999993,9.534e-05
2026-08-10 23:30:00 CST,1786375800000,75.98,76.11,75.84,75.94,337614.36,180621.89,654017500.452,1349422.709006071,23629.41999999999,-2800347.8199999994,9.534e-05
2026-08-10 23:45:00 CST,1786376700000,75.95,76.02,75.84,75.93,197751.76,84116.77,652968956.2457744,-948464.1745226383,-29518.219999999994,-2829866.039999999,9.534e-05
2026-08-11 00:00:00 CST,1786377600000,75.93,76.08,75.84,75.96,245032.76,126507.84999999999,655823420.6976156,1508138.0015536547,7982.939999999973,-2821883.0999999996,0.0001
2026-08-11 00:15:00 CST,1786378500000,75.96,75.98,75.54,75.72,583139.36,228558.32,649351374.072,-5542983.2609962225,-126022.72,-2947905.8199999994,0.0001
2026-08-11 00:30:00 CST,1786379400000,75.71,75.97,75.65,75.74,308267.15,148452.21000000002,649649480.1663,238784.54309999943,-11362.73000000001,-2959268.5499999993,0.0001
2026-08-11 00:45:00 CST,1786380300000,75.73,75.75,75.57,75.68,295022.28,143555.94999999998,648383427.0405,-995839.3501999378,-7910.380000000005,-2967178.9299999992,0.0001
2026-08-11 01:00:00 CST,1786381200000,75.69,76.05,75.58,75.98,243923.69,125712.07,652258783.6317,2282489.332499981,7500.450000000012,-2959678.479999999,0.0001
2026-08-11 01:15:00 CST,1786382100000,75.97,76.01,75.86,75.91,111104.06999999999,55000.53,650468252.7752,-1196777.0880999565,-1103.0099999999984,-2960781.4899999993,0.0001
2026-08-11 01:30:00 CST,1786383000000,75.91,76.1,75.9,76.01,173757.59999999998,79134.26999999999,654946978.2456,5049743.371695638,-15489.059999999998,-2976270.549999999,0.0001
2026-08-11 01:45:00 CST,1786383900000,76.0,76.0,75.9,75.96,92439.34,30321.690000000002,652759900.4470043,-1698901.5840957165,-31795.96,-3008066.5099999984,0.0001
2026-08-11 02:00:00 CST,1786384800000,75.95,76.05,75.94,75.97,74938.07,42785.04,653807110.5335,615870.2314999104,10632.010000000002,-2997434.4999999986,0.0001
2026-08-11 02:15:00 CST,1786385700000,75.98,76.02,75.9,75.94,87411.18999999999,33765.98,653303760.4430875,-373984.50271463394,-19879.229999999996,-3017313.7299999986,0.0001
2026-08-11 02:30:00 CST,1786386600000,75.95,75.97,75.68,75.83,220064.38,98167.45000000001,647729123.6384,-5378191.8453121185,-23729.480000000014,-3041043.2099999986,0.0001
2026-08-11 02:45:00 CST,1786387500000,75.83,75.85,75.68,75.8,59348.149999999994,31212.65,648350648.2521471,-97959.11775290966,3077.1500000000033,-3037966.0599999987,0.0001
2026-08-11 03:00:00 CST,1786388400000,75.79,75.92,75.78,75.92,66212.75,36610.84,648710918.9841589,162542.65281629562,7008.9299999999985,-3030957.1299999985,0.0001
2026-08-11 03:15:00 CST,1786389300000,75.91,76.09,75.91,76.08,61944.87,39069.71,649823935.507614,662611.3762452602,16194.55,-3014762.5799999987,0.0001
2026-08-11 03:30:00 CST,1786390200000,76.09,76.26,76.09,76.21,134801.54,73648.23,650475949.8745133,24448.48447227478,12494.919999999998,-3002267.659999999,0.0001
2026-08-11 03:45:00 CST,1786391100000,76.21,76.23,76.07,76.17,116745.06999999999,57687.97,650756978.694154,-796220.9452459812,-1369.1299999999992,-3003636.789999999,0.0001
2026-08-11 04:00:00 CST,1786392000000,76.18,76.35,76.15,76.24,157014.75,100211.28,649608259.4784,-521710.9322999716,43407.81,-2960228.9799999995,0.0001
2026-08-11 04:15:00 CST,1786392900000,76.24,76.33,76.22,76.31,55840.97,37932.99,648150214.1550268,-144682.28247320652,20025.01,-2940203.9699999997,0.0001
2026-08-11 04:30:00 CST,1786393800000,76.32,76.47,76.31,76.43,74402.34,48150.34,648231312.3406438,-165269.2352436781,21898.340000000004,-2918305.6299999994,0.0001
2026-08-11 04:45:00 CST,1786394700000,76.42,76.45,76.33,76.41,59850.91,25467.25,647221243.564,-1364167.4760483503,-8916.410000000003,-2927222.0399999996,0.0001
2026-08-11 05:00:00 CST,1786395600000,76.41,76.47,76.31,76.34,90325.70999999999,43648.020000000004,647356355.2960051,-273042.38126945496,-3029.6699999999964,-2930251.71,0.0001
2026-08-11 05:15:00 CST,1786396500000,76.35,76.41,76.28,76.41,81999.98999999999,42963.53,646205605.9552453,365952.5247180462,3927.0700000000015,-2926324.64,0.0001
2026-08-11 05:30:00 CST,1786397400000,76.41,76.47,76.38,76.38,69319.12000000001,31829.82,646540684.9849005,-120260.71477866173,-5659.480000000003,-2931984.1200000006,0.0001
2026-08-11 05:45:00 CST,1786398300000,76.39,76.39,76.26,76.28,66319.41,18867.2,644271524.0058105,-1714887.2372546196,-28585.010000000002,-2960569.1300000004,0.0001
2026-08-11 06:00:00 CST,1786399200000,76.27,76.32,76.07,76.27,181258.15,71379.07,645836632.5577719,1422634.7204771042,-38500.01000000001,-2999069.1400000006,0.0001
2026-08-11 06:15:00 CST,1786400100000,76.27,76.35,76.15,76.18,63485.399999999994,18659.66,645942648.919146,-593214.8015540838,-26166.08,-3025235.2200000007,0.0001
2026-08-11 06:30:00 CST,1786401000000,76.18,76.19,76.01,76.14,87602.06,34850.100000000006,645615578.1983229,-622808.6190228462,-17901.86,-3043137.0800000005,0.0001
2026-08-11 06:45:00 CST,1786401900000,76.13,76.2,76.13,76.18,37395.99,20077.06,646300225.3535253,367256.83159172535,2758.130000000001,-3040378.9500000007,0.0001
2026-08-11 07:00:00 CST,1786402800000,76.18,76.19,76.06,76.16,68711.61,27519.070000000003,646257298.1709622,-42382.8117377758,-13673.469999999998,-3054052.420000001,0.0001
2026-08-11 07:15:00 CST,1786403700000,76.15,76.17,76.0,76.08,72336.59,25706.719999999998,646331920.9964124,-338413.49067234993,-20923.149999999998,-3074975.5700000003,0.0001
2026-08-11 07:30:00 CST,1786404600000,76.09,76.1,76.0,76.1,63543.0,23057.66,646849933.2294,193082.22909998894,-17427.68,-3092403.25,0.0001
2026-08-11 07:45:00 CST,1786405500000,76.09,76.1,75.94,75.95,129155.32,50355.479999999996,646813275.4152,-659649.1262954473,-28444.360000000004,-3120847.61,0.0001
2026-08-11 08:00:00 CST,1786406400000,75.96,75.96,75.72,75.94,272611.37,117289.99999999999,648463441.257419,1810190.4999189377,-38031.37000000001,-3158878.98,0.0001
2026-08-11 08:15:00 CST,1786407300000,75.94,75.99,75.87,75.99,92450.34999999999,41314.17,650714096.0378615,1029042.0869048834,-9822.010000000006,-3168700.99,0.0001
2026-08-11 08:30:00 CST,1786408200000,75.99,76.02,75.82,75.88,93424.65,31432.57,650867445.2709657,-75060.6146646738,-30559.510000000006,-3199260.5,0.0001
2026-08-11 08:45:00 CST,1786409100000,75.88,75.91,75.81,75.85,114862.42,50521.9,651020746.325553,-244336.4056469202,-13818.620000000003,-3213079.12,0.0001
2026-08-11 09:00:00 CST,1786410000000,75.85,75.95,75.66,75.91,210920.72999999998,88446.16,650946645.5108637,-194009.647259593,-34028.409999999996,-3247107.5300000003,0.0001
2026-08-11 09:15:00 CST,1786410900000,75.9,75.94,75.76,75.91,135960.56,61923.130000000005,653650840.7856565,1481785.6622564793,-12114.3,-3259221.83,0.0001
2026-08-11 09:30:00 CST,1786411800000,75.91,75.92,75.75,75.84,76487.45,39178.71,653006050.9454706,-936696.6147097349,1869.9699999999975,-3257351.86,0.0001
2026-08-11 09:45:00 CST,1786412700000,75.84,76.07,75.84,76.06,67466.95000000001,45960.0,653521712.4673,1232516.7784346342,24453.05,-3232898.81,0.0001
2026-08-11 10:00:00 CST,1786413600000,76.06,76.11,76.02,76.04,79635.4,44710.96,653807623.1802685,-11668.809477448463,9786.520000000004,-3223112.2900000005,0.0001
2026-08-11 10:15:00 CST,1786414500000,76.05,76.1,75.94,75.97,86370.13,32315.42,652173566.716144,-1197935.3463560343,-21739.289999999997,-3244851.580000001,0.0001
2026-08-11 10:30:00 CST,1786415400000,75.97,76.08,75.95,76.07,47236.51,25202.45,650952557.971307,-283865.1056929827,3168.3900000000012,-3241683.190000001,0.0001
2026-08-11 10:45:00 CST,1786416300000,76.07,76.09,75.98,76.0,46439.26,17558.66,651275134.6610749,-790342.2001731396,-11321.939999999999,-3253005.130000001,0.0001
2026-08-11 11:00:00 CST,1786417200000,76.0,76.18,76.0,76.1,64951.42999999999,35295.28,651363801.7600291,553323.9084290266,5639.1300000000065,-3247366.0000000005,0.0001
2026-08-11 11:15:00 CST,1786418100000,76.1,76.22,76.07,76.14,71896.98,40259.08,651473780.1152,781648.76862216,8621.180000000004,-3238744.8200000003,0.0001
2026-08-11 11:30:00 CST,1786419000000,76.14,76.16,76.08,76.09,44688.65,24398.69,651240729.4698,22367.970299959183,4108.730000000001,-3234636.0900000003,0.0001
2026-08-11 11:45:00 CST,1786419900000,76.09,76.1,76.03,76.04,43430.71,20909.85,650992553.1178828,205612.63562703133,-1611.010000000002,-3236247.1,0.0001
2026-08-11 12:00:00 CST,1786420800000,76.04,76.16,76.03,76.14,54356.03,33345.45,651054031.111,547605.9591319561,12334.869999999999,-3223912.23,0.0001
2026-08-11 12:15:00 CST,1786421700000,76.15,76.15,76.08,76.1,39126.740000000005,13104.9,651539379.4818,-171478.33520007133,-12916.94,-3236829.17,0.0001
2026-08-11 12:30:00 CST,1786422600000,76.11,76.16,76.08,76.15,41875.09,26629.12,651595492.6807675,325082.62038576603,11383.150000000001,-3225446.0199999996,0.0001
2026-08-11 12:45:00 CST,1786423500000,76.16,76.19,76.04,76.04,41621.75,14766.05,651674733.1394047,-370524.1403876543,-12089.650000000001,-3237535.6699999995,0.0001
2026-08-11 13:00:00 CST,1786424400000,76.04,76.04,75.96,76.01,64267.6,23426.47,650992630.7795,-352345.63899993896,-17414.659999999996,-3254950.3299999996,0.0001
2026-08-11 13:15:00 CST,1786425300000,76.02,76.05,75.74,75.76,175493.23,51913.78,649526014.9707,-1332932.4172500372,-71665.67,-3326615.9999999995,0.0001
2026-08-11 13:30:00 CST,1786426200000,75.76,75.92,75.74,75.9,90802.15,53167.13,651069530.0864959,1644425.9243959188,15532.110000000004,-3311083.889999999,0.0001
2026-08-11 13:45:00 CST,1786427100000,75.91,75.91,75.76,75.76,69451.06,28260.61,649913537.8921626,-1221943.3714374304,-12929.840000000002,-3324013.7299999995,0.0001
2026-08-11 14:00:00 CST,1786428000000,75.76,76.0,75.67,75.98,212493.34,102812.72,650007840.6524335,141163.91094362736,-6867.900000000009,-3330881.6299999994,0.0001
2026-08-11 14:15:00 CST,1786428900000,75.98,75.99,75.86,75.93,109880.51000000001,47431.850000000006,650435263.9427251,610352.7524250746,-15016.809999999998,-3345898.4399999995,0.0001
2026-08-11 14:30:00 CST,1786429800000,75.93,75.96,75.73,75.75,325060.25,78376.88,651080233.6391054,-436023.44000279903,-168306.49000000002,-3514204.9299999992,0.0001
2026-08-11 14:45:00 CST,1786430700000,75.75,75.79,75.61,75.77,154528.18,59269.41,651504306.6565,705712.4958747625,-35989.35999999999,-3550194.289999999,0.0001
2026-08-11 15:00:00 CST,1786431600000,75.77,75.83,75.65,75.66,95293.2,36407.810000000005,652013011.1464,-594144.3187999725,-22477.579999999998,-3572671.869999999,0.0001
2026-08-11 15:15:00 CST,1786432500000,75.65,75.65,75.36,75.39,450377.16,178849.2,645691797.1818,-5214755.298677444,-92678.76,-3665350.629999999,0.0001
2026-08-11 15:30:00 CST,1786433400000,75.4,75.7,75.39,75.68,160540.16,104244.90999999999,648133587.7963084,1979482.904835105,47949.65999999999,-3617400.969999999,0.0001
2026-08-11 15:45:00 CST,1786434300000,75.69,75.73,75.59,75.66,123198.8,44480.13,646912888.9066,-1376733.347900033,-34238.53999999999,-3651639.5099999984,0.0001
2026-08-11 16:00:00 CST,1786435200000,75.66,75.74,75.59,75.6,84979.97,43494.19,646932175.5902146,293366.01221466064,2008.4100000000035,-3649631.0999999987,-2.3e-07
2026-08-11 16:15:00 CST,1786436100000,75.59,75.72,75.58,75.69,96880.59,59795.100000000006,647524337.1136508,913653.5416507721,22709.609999999997,-3626921.489999999,-2.3e-07
2026-08-11 16:30:00 CST,1786437000000,75.7,75.86,75.68,75.84,131003.5,74587.81,648206008.7635,-214342.16525185108,18172.120000000006,-3608749.369999999,-2.3e-07
2026-08-11 16:45:00 CST,1786437900000,75.84,75.95,75.83,75.89,126251.45999999999,66617.08,650168078.662,861044.2510387897,6982.700000000001,-3601766.669999999,-2.3e-07
2026-08-11 17:00:00 CST,1786438800000,75.89,75.91,75.72,75.72,200646.51,89843.78,649952323.0946,-442867.27467668056,-20958.950000000004,-3622725.619999999,-2.3e-07
2026-08-11 17:15:00 CST,1786439700000,75.72,75.86,75.68,75.73,212968.8,114457.76,650982114.2023892,726335.3059983253,15946.720000000008,-3606778.8999999994,-2.3e-07
2026-08-11 17:30:00 CST,1786440600000,75.73,75.78,75.63,75.75,121814.38,52564.28,648884391.5912741,-1518640.4879096746,-16685.82,-3623464.7199999993,-2.3e-07
2026-08-11 17:45:00 CST,1786441500000,75.76,75.85,75.66,75.84,200034.05000000002,97229.78999999998,654030429.0308322,4153283.0933321714,-5574.470000000008,-3629039.1899999995,-2.3e-07
2026-08-11 18:00:00 CST,1786442400000,75.84,75.95,75.77,75.78,138230.63,57788.31,657490909.3756,1847437.8625479937,-22654.01,-3651693.1999999997,-2.3e-07
2026-08-11 18:15:00 CST,1786443300000,75.78,75.95,75.72,75.93,104034.61000000002,57499.36,655427391.7407876,-549657.383212328,10964.11,-3640729.09,-2.3e-07
2026-08-11 18:30:00 CST,1786444200000,75.94,75.97,75.77,75.79,86537.06,37451.92,656217162.385321,-617023.3486558199,-11633.220000000003,-3652362.31,-2.3e-07
2026-08-11 18:45:00 CST,1786445100000,75.8,76.03,75.79,75.9,205327.19,141497.66,657873926.9752,2037075.2572000027,77668.13,-3574694.18,-2.3e-07
2026-08-11 19:00:00 CST,1786446000000,75.91,76.35,75.9,76.18,393862.02999999997,222445.64,661464379.2402,2652219.499806404,51029.25000000004,-3523664.93,-2.3e-07
2026-08-11 19:15:00 CST,1786446900000,76.18,76.19,76.03,76.09,130184.95999999999,57575.13,661913922.8630247,74426.63481676579,-15034.7,-3538699.6300000004,-2.3e-07
2026-08-11 19:30:00 CST,1786447800000,76.09,76.16,76.07,76.11,96601.78,51803.99,661972653.2079,-93751.82809996605,7006.199999999997,-3531693.43,-2.3e-07
2026-08-11 19:45:00 CST,1786448700000,76.12,76.2,76.07,76.16,91282.66,45848.4,661997164.0152,550585.4106000662,414.14000000000306,-3531279.29,-2.3e-07
2026-08-11 20:00:00 CST,1786449600000,76.16,76.21,76.04,76.1,111756.76,56334.06,661234298.7264,-1088005.542299986,911.359999999997,-3530367.93,-2.3e-07
2026-08-11 20:15:00 CST,1786450500000,76.1,76.12,75.79,75.84,152424.58,62183.81,658901797.29,-1930411.4279581308,-28056.959999999995,-3558424.89,-2.3e-07
2026-08-11 20:30:00 CST,1786451400000,75.84,75.91,75.75,75.85,115442.74,58049.43,659706022.0914,1311482.5074000359,656.1200000000026,-3557768.77,-2.3e-07
2026-08-11 20:45:00 CST,1786452300000,75.85,75.87,75.77,75.82,66745.51000000001,31977.85,658468574.7507728,-1040148.5052272081,-2789.8099999999977,-3560558.5799999996,-2.3e-07
2026-08-11 21:00:00 CST,1786453200000,75.82,76.0,75.74,75.92,204257.3,130247.73999999999,661968309.5253093,3298554.935680151,56238.18,-3504320.4,-2.3e-07
2026-08-11 21:15:00 CST,1786454100000,75.93,75.95,75.68,75.84,129447.55,54438.899999999994,661095933.0157,-672464.1398000717,-20569.750000000007,-3524890.15,-2.3e-07
2026-08-11 21:30:00 CST,1786455000000,75.84,76.02,75.69,75.92,164359.16,78206.76,661222534.285,-531909.9669351578,-7945.640000000014,-3532835.7900000005,-2.3e-07
2026-08-11 21:45:00 CST,1786455900000,75.92,76.07,75.79,75.97,187618.92,72825.31,661549100.721107,5661.127139925957,-41968.3,-3574804.0900000003,-2.3e-07
2026-08-11 22:00:00 CST,1786456800000,75.97,76.07,75.87,75.99,117620.75,61183.15,662378959.314,-1328771.7606652975,4745.550000000005,-3570058.54,-2.3e-07
2026-08-11 22:15:00 CST,1786457700000,75.99,76.12,75.51,75.59,427028.76,155471.84,659122870.6174,-3544164.3973999023,-116085.07999999999,-3686143.62,-2.3e-07
2026-08-11 22:30:00 CST,1786458600000,75.58,75.62,75.33,75.45,326300.38,157743.24,655211368.63,-1471162.2735968828,-10813.900000000009,-3696957.52,-2.3e-07
2026-08-11 22:45:00 CST,1786459500000,75.45,75.47,75.03,75.15,579350.79,248684.63,652648833.8247,-3865634.1737999916,-81981.53000000003,-3778939.0500000003,-2.3e-07
2026-08-11 23:00:00 CST,1786460400000,75.16,75.26,75.06,75.08,315351.81,143926.58,653289241.4003485,1679608.5126473904,-27498.65000000001,-3806437.7000000007,-2.3e-07
2026-08-11 23:15:00 CST,1786461300000,75.09,75.38,75.05,75.31,222340.71,130919.75,653615972.7432282,1704230.6921036243,39498.79,-3766938.910000001,-2.3e-07
2026-08-11 23:30:00 CST,1786462200000,75.31,75.36,74.57,74.8,877987.9000000001,333312.58,644052196.5899,-10941047.920287251,-211362.74000000002,-3978301.6500000013,-2.3e-07
2026-08-11 23:45:00 CST,1786463100000,74.79,74.93,74.65,74.87,336707.65,174713.4,644470137.7535895,-300036.8224104643,12719.150000000009,-3965582.5000000014,-2.3e-07
2026-08-12 00:00:00 CST,1786464000000,74.87,75.0,74.73,74.97,322439.37,153334.65,646036700.094,7993.268331646919,-15770.069999999992,-3981352.5700000017,-5.533e-05
2026-08-12 00:15:00 CST,1786464900000,74.98,75.03,74.85,74.93,142974.85,76193.48,645594639.0595,14993.477628231049,9412.11,-3971940.4600000014,-5.533e-05
2026-08-12 00:30:00 CST,1786465800000,74.94,74.98,74.82,74.87,105557.31999999999,48991.759999999995,645264294.689,87504.48890006542,-7573.799999999992,-3979514.2600000016,-5.533e-05
2026-08-12 00:45:00 CST,1786466700000,74.86,74.98,74.84,74.89,84924.8,49408.43,645279601.9803123,92471.88381230831,13892.059999999998,-3965622.2000000016,-5.533e-05
2026-08-12 01:00:00 CST,1786467600000,74.89,75.02,74.88,74.94,101830.70999999999,56905.84,645373391.782,-72674.77150011063,11980.969999999998,-3953641.230000002,-5.533e-05
2026-08-12 01:15:00 CST,1786468500000,74.95,75.06,74.9,75.03,96321.82,52144.34,645956564.5598,260573.23701632023,7966.859999999997,-3945674.370000002,-5.533e-05
2026-08-12 01:30:00 CST,1786469400000,75.03,75.08,74.94,75.0,87650.53,50949.6,644498032.2944,-962229.8904328346,14248.67,-3931425.700000002,-5.533e-05
2026-08-12 01:45:00 CST,1786470300000,75.01,75.19,74.93,75.12,163609.05,111469.35,645661576.3027,916956.708198309,59329.65,-3872096.0500000017,-5.533e-05
2026-08-12 02:00:00 CST,1786471200000,75.13,75.23,75.1,75.2,107310.62000000001,57363.39000000001,645185834.7809293,-655177.4376707077,7416.16,-3864679.8900000015,-5.533e-05
2026-08-12 02:15:00 CST,1786472100000,75.19,75.3,75.16,75.17,78540.48,39139.079999999994,645277912.9591174,228597.05380558968,-262.3200000000015,-3864942.2100000014,-5.533e-05
2026-08-12 02:30:00 CST,1786473000000,75.18,75.29,75.03,75.22,242266.38,91652.48,643480061.1854829,-1137066.816917181,-58961.42,-3923903.6300000018,-5.533e-05
2026-08-12 02:45:00 CST,1786473900000,75.22,75.28,75.12,75.23,69052.78,33957.86,642985741.3593627,-665524.0478372574,-1137.0600000000031,-3925040.690000002,-5.533e-05
2026-08-12 03:00:00 CST,1786474800000,75.23,75.23,75.01,75.03,105542.63,36990.82,642313842.0308626,-1368406.6335374117,-31560.989999999998,-3956601.6800000016,-5.533e-05
2026-08-12 03:15:00 CST,1786475700000,75.02,75.27,75.02,75.25,72279.92,44039.159999999996,643225953.6184386,1639162.3114818335,15798.400000000001,-3940803.280000001,-5.533e-05
2026-08-12 03:30:00 CST,1786476600000,75.25,75.49,75.25,75.48,106003.86,64731.61,645196824.1809444,1653587.5605627298,23459.36,-3917343.920000002,-5.533e-05
2026-08-12 03:45:00 CST,1786477500000,75.49,75.69,75.48,75.63,271378.51,163521.02,645743198.8623092,468328.43960916996,55663.53,-3861680.3900000015,-5.533e-05
2026-08-12 04:00:00 CST,1786478400000,75.63,76.27,75.61,76.1,705522.42,432988.29000000004,648778827.1198,3095465.539299965,160454.16000000003,-3701226.2300000014,-5.533e-05
2026-08-12 04:15:00 CST,1786479300000,76.1,76.11,75.86,76.04,273416.46,129779.41,642143998.726021,-4131343.392643571,-13857.639999999992,-3715083.870000001,-5.533e-05
2026-08-12 04:30:00 CST,1786480200000,76.05,76.16,75.9,75.92,159203.59999999998,54864.700000000004,642191367.9468,-556132.1493387222,-49474.19999999999,-3764558.0700000008,-5.533e-05
2026-08-12 04:45:00 CST,1786481100000,75.91,76.06,75.83,76.01,161326.84,77877.01000000001,640444342.4472896,126855.14557600021,-5572.820000000003,-3770130.8900000006,-5.533e-05
2026-08-12 05:00:00 CST,1786482000000,76.02,76.16,76.01,76.13,115885.46,59649.770000000004,642053783.3319,607292.9081815481,3414.0800000000017,-3766716.8100000005,-5.533e-05
2026-08-12 05:15:00 CST,1786482900000,76.12,76.15,76.0,76.03,261440.33000000002,65007.56999999999,638960160.3189,-2205948.4187766314,-131425.19000000003,-3898142.000000001,-5.533e-05
2026-08-12 05:30:00 CST,1786483800000,76.02,76.15,75.97,76.13,121241.95000000001,72438.82,637375578.711472,-699994.300968647,23635.690000000006,-3874506.310000001,-5.533e-05
2026-08-12 05:45:00 CST,1786484700000,76.13,76.41,76.1,76.41,249256.59,170809.86000000002,637842306.8864,-107051.12979996204,92363.13000000002,-3782143.180000001,-5.533e-05
2026-08-12 06:00:00 CST,1786485600000,76.41,76.64,76.36,76.38,342299.79,192451.24000000002,646701748.5174,1168872.4556982517,42602.69000000003,-3739540.490000001,-5.533e-05
2026-08-12 06:15:00 CST,1786486500000,76.38,76.51,76.33,76.41,113539.8,55797.98,646167265.113,-147570.15248787403,-1943.8400000000001,-3741484.3300000015,-5.533e-05
2026-08-12 06:30:00 CST,1786487400000,76.4,76.46,76.28,76.35,160133.55000000002,68125.55,644476237.6648118,-2028576.7255882025,-23882.45000000001,-3765366.7800000017,-5.533e-05
2026-08-12 06:45:00 CST,1786488300000,76.34,76.39,76.21,76.38,103510.54000000001,49195.259999999995,642979082.9813,-459280.3189275265,-5120.019999999995,-3770486.800000001,-5.533e-05
2026-08-12 07:00:00 CST,1786489200000,76.38,76.38,76.17,76.21,95886.20000000001,40417.68,641878597.9232448,-1645354.741555214,-15050.840000000004,-3785537.6400000015,-5.533e-05
2026-08-12 07:15:00 CST,1786490100000,76.2,76.31,76.16,76.26,104674.19,52226.770000000004,643282082.5562,1085896.661796689,-220.64999999999054,-3785758.290000002,-5.533e-05
2026-08-12 07:30:00 CST,1786491000000,76.26,76.33,76.18,76.29,86009.91,51992.79,642321825.182,-799020.9129999876,17975.67,-3767782.620000002,-5.533e-05
2026-08-12 07:45:00 CST,1786491900000,76.3,76.31,76.18,76.27,66988.11,34056.18,643594596.1984,-657550.4001684189,1124.25,-3766658.370000002,-5.533e-05
2026-08-12 08:00:00 CST,1786492800000,76.27,76.3,76.19,76.25,117878.71,62970.35,643832557.0344,-252040.7498999834,8061.989999999994,-3758596.380000002,5.998e-05
2026-08-12 08:15:00 CST,1786493700000,76.25,76.3,76.19,76.23,53424.7,26848.58,644505109.6417135,272624.6632205248,272.4599999999991,-3758323.9200000023,5.998e-05
2026-08-12 08:30:00 CST,1786494600000,76.22,76.29,76.22,76.24,39807.94,22415.269999999997,644125159.0875,274895.52351140976,5022.5999999999985,-3753301.320000002,5.998e-05
2026-08-12 08:45:00 CST,1786495500000,76.23,76.34,76.2,76.34,41881.79,27438.460000000003,644496314.1773,649215.4566328526,12995.13,-3740306.1900000023,5.998e-05
2026-08-12 09:00:00 CST,1786496400000,76.34,76.49,76.3,76.47,98499.33,68343.17,645390121.0710349,525030.8721320629,38187.009999999995,-3702119.1800000025,5.998e-05
2026-08-12 09:15:00 CST,1786497300000,76.48,76.49,76.31,76.33,90367.58,42201.729999999996,647043554.0446,-130621.2417999506,-5964.120000000003,-3708083.3000000026,5.998e-05
2026-08-12 09:30:00 CST,1786498200000,76.33,76.46,76.26,76.44,65696.51000000001,39345.1,646640375.808,-198248.84250879288,12993.689999999995,-3695089.6100000027,5.998e-05
2026-08-12 09:45:00 CST,1786499100000,76.44,76.56,76.36,76.4,133225.41,63421.42,647645304.2208,406703.4038859606,-6382.57,-3701472.180000003,5.998e-05
2026-08-12 10:00:00 CST,1786500000000,76.4,76.55,76.39,76.48,132063.16999999998,74414.82,648423258.4908,1303094.8467999697,16766.47,-3684705.710000003,5.998e-05
2026-08-12 10:15:00 CST,1786500900000,76.48,76.54,76.4,76.53,50132.0,26417.800000000003,647396753.5202,-549719.3441716433,2703.5999999999985,-3682002.110000003,5.998e-05
2026-08-12 10:30:00 CST,1786501800000,76.52,76.55,76.42,76.47,59708.95,25299.96,648308384.4158,-182174.33908700943,-9109.029999999999,-3691111.140000003,5.998e-05
2026-08-12 10:45:00 CST,1786502700000,76.47,76.57,76.39,76.41,85550.73000000001,27412.969999999998,649270343.5077677,596494.2861676216,-30724.79,-3721835.930000003,5.998e-05
2026-08-12 11:00:00 CST,1786503600000,76.4,76.5,76.31,76.34,89843.31,31138.699999999997,648014423.1288489,-280939.8311511278,-27565.91,-3749401.840000003,5.998e-05
2026-08-12 11:15:00 CST,1786504500000,76.33,76.36,76.23,76.26,98135.91,40074.159999999996,647443337.4990325,-62979.808935403824,-17987.589999999997,-3767389.430000003,5.998e-05
2026-08-12 11:30:00 CST,1786505400000,76.26,76.45,76.22,76.4,82333.0,53217.51,649335191.1438,2230730.8386000395,24102.019999999997,-3743287.4100000025,5.998e-05
2026-08-12 11:45:00 CST,1786506300000,76.39,76.41,76.32,76.38,67106.08,33622.590000000004,649879668.8595,656066.5333534479,139.10000000000218,-3743148.3100000024,5.998e-05
2026-08-12 12:00:00 CST,1786507200000,76.38,76.45,76.33,76.39,53053.31,30232.920000000002,651234331.034636,795512.1302360296,7412.529999999999,-3735735.780000002,5.998e-05
2026-08-12 12:15:00 CST,1786508100000,76.39,76.55,76.33,76.34,129371.06,74165.79999999999,654335875.71,2540138.5363060236,18960.539999999997,-3716775.240000002,5.998e-05
2026-08-12 12:30:00 CST,1786509000000,76.34,76.34,76.24,76.3,72935.8,41432.240000000005,652773479.5169626,-451850.4611827135,9928.680000000002,-3706846.5600000024,5.998e-05
2026-08-12 12:45:00 CST,1786509900000,76.29,76.36,76.25,76.27,49877.97,27688.72,653507252.136,862152.5470000505,5499.470000000001,-3701347.090000002,5.998e-05
2026-08-12 13:00:00 CST,1786510800000,76.26,76.35,76.15,76.31,98051.89,50804.58,653193110.6912448,-158705.47645521164,3557.2700000000004,-3697789.820000002,5.998e-05
2026-08-12 13:15:00 CST,1786511700000,76.3,76.31,76.24,76.26,45396.92,25268.64,653585807.1991874,-228158.22641265392,5140.360000000002,-3692649.460000002,5.998e-05
2026-08-12 13:30:00 CST,1786512600000,76.26,76.32,76.22,76.28,47938.44,24236.260000000002,653412766.0173105,-329320.45708954334,534.0799999999981,-3692115.3800000018,5.998e-05
2026-08-12 13:45:00 CST,1786513500000,76.28,76.32,76.24,76.29,46158.719999999994,27623.14,653683152.7084141,206761.39832735062,9087.560000000003,-3683027.820000002,5.998e-05
2026-08-12 14:00:00 CST,1786514400000,76.28,76.33,76.18,76.19,74729.28,24365.760000000002,654289014.5420502,471498.30905020237,-25997.759999999995,-3709025.5800000024,5.998e-05
2026-08-12 14:15:00 CST,1786515300000,76.19,76.28,76.12,76.15,71030.8,30173.53,653161016.5696,-279136.3562999964,-10683.739999999998,-3719709.3200000026,5.998e-05
2026-08-12 14:30:00 CST,1786516200000,76.15,76.15,76.05,76.06,110719.68000000001,47085.12,652294070.3383255,-631498.7726744413,-16549.440000000002,-3736258.760000003,5.998e-05
2026-08-12 14:45:00 CST,1786517100000,76.05,76.07,75.93,76.02,182339.1,62589.06,652407550.027694,597511.9684393406,-57160.979999999996,-3793419.740000003,5.998e-05
2026-08-12 15:00:00 CST,1786518000000,76.02,76.14,76.0,76.08,78118.39,50738.729999999996,652503776.281,792966.5967999697,23359.07,-3770060.6700000027,5.998e-05
2026-08-12 15:15:00 CST,1786518900000,76.07,76.1,76.0,76.01,61592.85,32526.120000000003,653048204.3865,181629.36741781235,3459.3899999999994,-3766601.2800000026,5.998e-05
2026-08-12 15:30:00 CST,1786519800000,76.01,76.08,75.95,75.98,66240.4,35418.850000000006,653318043.0672,9233.570999979973,4597.300000000003,-3762003.9800000023,5.998e-05
2026-08-12 15:45:00 CST,1786520700000,75.97,76.25,75.91,76.25,164831.66,121210.34,654864223.521,1577613.9431999922,77589.02,-3684414.9600000023,5.998e-05
2026-08-12 16:00:00 CST,1786521600000,76.25,76.43,76.2,76.27,232990.8,148021.85,658968476.1307,3246041.26820004,63052.900000000016,-3621362.0600000024,8.133e-05
2026-08-12 16:15:00 CST,1786522500000,76.26,76.44,76.26,76.39,119473.34,59550.47,659191740.0313,889318.4681859016,-372.4000000000051,-3621734.4600000023,8.133e-05
2026-08-12 16:30:00 CST,1786523400000,76.39,76.39,76.25,76.26,71997.95,25330.149999999998,659618133.5975,-132058.14670920372,-21337.65,-3643072.110000002,8.133e-05
2026-08-12 16:45:00 CST,1786524300000,76.26,76.31,76.12,76.15,104215.53,36893.2,656868996.6005045,-1444604.0677633286,-30429.129999999997,-3673501.240000002,8.133e-05
2026-08-12 17:00:00 CST,1786525200000,76.15,76.32,76.09,76.28,81140.97,48772.49,657555618.4761678,964015.1619288921,16404.010000000002,-3657097.2300000023,8.133e-05
2026-08-12 17:15:00 CST,1786526100000,76.28,76.75,76.28,76.75,424728.43999999994,277103.62,660787790.0845,3190882.701444149,129478.80000000003,-3527618.430000002,8.133e-05
2026-08-12 17:30:00 CST,1786527000000,76.75,76.88,76.66,76.73,278130.28,164453.06,663018349.9714803,1111134.2839802504,50775.840000000004,-3476842.5900000017,8.133e-05
2026-08-12 17:45:00 CST,1786527900000,76.72,76.76,76.65,76.71,99466.24,37177.729999999996,663366907.2234753,-86142.20722460747,-25110.78,-3501953.370000002,8.133e-05
2026-08-12 18:00:00 CST,1786528800000,76.71,76.82,76.62,76.78,239249.65,126893.96999999999,662595269.1953988,-822557.4084012508,14538.289999999972,-3487415.080000002,8.133e-05
2026-08-12 18:15:00 CST,1786529700000,76.78,76.84,76.7,76.7,95994.81000000001,38119.380000000005,664352460.6745996,208462.7725996971,-19756.05,-3507171.130000002,8.133e-05
2026-08-12 18:30:00 CST,1786530600000,76.7,76.79,76.68,76.73,84642.52,40117.03999999999,664407118.2225,611360.9750778675,-4408.440000000004,-3511579.570000002,8.133e-05
2026-08-12 18:45:00 CST,1786531500000,76.72,76.78,76.67,76.73,78950.94,38193.149999999994,664944747.6078,716860.989199996,-2564.640000000003,-3514144.210000002,8.133e-05
2026-08-12 19:00:00 CST,1786532400000,76.73,76.8,76.66,76.67,78881.09,39221.159999999996,664438784.8939747,197367.83156454563,-438.7700000000041,-3514582.980000002,8.133e-05
2026-08-12 19:15:00 CST,1786533300000,76.66,76.83,76.65,76.79,95184.03,57923.689999999995,664703924.736,826879.3439280987,20663.349999999995,-3493919.630000002,8.133e-05
2026-08-12 19:30:00 CST,1786534200000,76.78,76.81,76.67,76.7,61097.47,28524.769999999997,664452600.3985,-629968.1672999859,-4047.9300000000003,-3497967.560000002,8.133e-05
2026-08-12 19:45:00 CST,1786535100000,76.7,76.82,76.68,76.79,73126.87,49717.02,665357406.5994099,961179.1422842741,26307.17,-3471660.390000002,8.133e-05
2026-08-12 20:00:00 CST,1786536000000,76.8,77.03,76.79,76.95,310671.24,180288.99,667701323.5299847,2493293.5779846907,49906.740000000005,-3421753.6500000022,8.133e-05
2026-08-12 20:15:00 CST,1786536900000,76.95,77.3,76.86,77.15,321182.66000000003,181592.44,667376343.9317608,-745632.3282392025,42002.219999999994,-3379751.430000002,8.133e-05
2026-08-12 20:30:00 CST,1786537800000,77.15,77.33,76.47,76.49,896019.78,356766.98,664327275.0432,-4730510.073300004,-182485.82000000007,-3562237.2500000023,8.133e-05
2026-08-12 20:45:00 CST,1786538700000,76.48,76.68,76.32,76.61,386517.81,180087.03,661021626.3008,-420507.12000000477,-26343.749999999985,-3588581.0000000023,8.133e-05
2026-08-12 21:00:00 CST,1786539600000,76.61,76.63,76.33,76.43,383246.43999999994,179894.91999999998,660142656.539,-1216207.5789999962,-23456.599999999984,-3612037.6000000024,8.133e-05
2026-08-12 21:15:00 CST,1786540500000,76.43,76.52,76.35,76.41,118763.14,53896.63,662576239.4943876,-545316.3296123743,-10969.880000000005,-3623007.480000003,8.133e-05
2026-08-12 21:30:00 CST,1786541400000,76.41,76.45,75.99,76.25,484191.26,230928.16,659948550.768,-2641281.292999983,-22334.940000000002,-3645342.4200000027,8.133e-05
2026-08-12 21:45:00 CST,1786542300000,76.24,76.41,76.13,76.19,231576.02,128163.43000000001,660843291.2096,1345257.5346000195,24750.839999999997,-3620591.580000003,8.133e-05
2026-08-12 22:00:00 CST,1786543200000,76.19,76.22,75.71,76.03,640943.01,304364.82,654999157.3334,-5306290.807030559,-32213.369999999995,-3652804.950000003,8.133e-05
2026-08-12 22:15:00 CST,1786544100000,76.02,76.05,75.71,75.73,226806.51,96460.51,655399903.1910367,-1361050.6174069643,-33885.48999999999,-3686690.440000003,8.133e-05
2026-08-12 22:30:00 CST,1786545000000,75.73,75.81,75.39,75.54,600186.19,260924.08000000002,654650786.8175,9721.2675999403,-78338.03,-3765028.470000003,8.133e-05
2026-08-12 22:45:00 CST,1786545900000,75.54,75.67,75.36,75.43,367638.71,182148.40999999997,653508509.3698232,-1516253.7870289087,-3341.8899999999994,-3768370.360000003,8.133e-05
2026-08-12 23:00:00 CST,1786546800000,75.43,75.74,75.33,75.71,275567.87,160892.59,655531480.0798974,1756603.5858974457,46217.310000000005,-3722153.050000003,8.133e-05
2026-08-12 23:15:00 CST,1786547700000,75.71,75.84,75.61,75.69,182527.52,87645.98999999999,655817742.8398645,-760162.583535552,-7235.540000000001,-3729388.590000003,8.133e-05
2026-08-12 23:30:00 CST,1786548600000,75.7,75.8,75.57,75.77,106233.53000000001,68199.14,657512901.0356753,1607635.2818410397,30164.749999999993,-3699223.840000003,8.133e-05
2026-08-12 23:45:00 CST,1786549500000,75.77,75.8,75.66,75.71,89785.5,44735.44,657327091.5126208,-604716.1541166306,-314.6199999999917,-3699538.460000003,8.133e-05
2026-08-13 00:00:00 CST,1786550400000,75.72,75.76,75.6,75.71,125077.95000000001,58005.94,656825636.2624,-530567.9609999657,-9066.069999999996,-3708604.530000003,-5.256e-05
2026-08-13 00:15:00 CST,1786551300000,75.71,75.81,75.65,75.73,70359.34999999999,44854.729999999996,657267782.6057091,-202759.6167908907,19350.11,-3689254.420000003,-5.256e-05
2026-08-13 00:30:00 CST,1786552200000,75.74,75.74,75.6,75.6,68988.15000000001,42947.009999999995,656944444.8918751,-589481.6863248348,16905.869999999995,-3672348.550000003,-5.256e-05
2026-08-13 00:45:00 CST,1786553100000,75.6,75.7,75.52,75.66,69286.84,42807.600000000006,656847050.1744,193585.01718986034,16328.360000000004,-3656020.190000003,-5.256e-05
2026-08-13 01:00:00 CST,1786554000000,75.66,75.76,75.63,75.72,67102.82,40154.69,658244495.1314085,507709.9775147438,13206.560000000001,-3642813.630000003,-5.256e-05
2026-08-13 01:15:00 CST,1786554900000,75.71,75.8,75.63,75.78,68506.13,36695.71000000001,658113522.50433,-212550.96612155437,4885.290000000001,-3637928.340000003,-5.256e-05
2026-08-13 01:30:00 CST,1786555800000,75.78,76.03,75.7,75.93,166121.15,93431.75,659111238.786,721376.1706489325,20742.350000000013,-3617185.990000003,-5.256e-05
2026-08-13 01:45:00 CST,1786556700000,75.92,76.02,75.86,75.87,88018.04999999999,26045.29,659139587.2099035,-199325.89105308056,-35927.47,-3653113.4600000028,-5.256e-05
2026-08-13 02:00:00 CST,1786557600000,75.87,75.99,75.83,75.97,84161.28,45949.53,658208880.7008,497835.44026625156,7737.779999999999,-3645375.6800000025,-5.256e-05
2026-08-13 02:15:00 CST,1786558500000,75.97,75.98,75.87,75.92,80108.72,22153.99,657594479.4578105,-541643.2528027296,-35800.74,-3681176.4200000023,-5.256e-05
2026-08-13 02:30:00 CST,1786559400000,75.93,76.06,75.91,75.99,49804.03999999999,27523.68,657618206.399695,-162856.96827208996,5243.320000000003,-3675933.100000002,-5.256e-05
2026-08-13 02:45:00 CST,1786560300000,75.98,75.99,75.79,75.84,72147.25,19430.03,656731915.6571658,-1088887.0378342867,-33287.19,-3709220.290000002,-5.256e-05
2026-08-13 03:00:00 CST,1786561200000,75.84,75.97,75.81,75.83,67803.59,38566.62,657404533.4842955,917630.0314954519,9329.65,-3699890.640000002,-5.256e-05
2026-08-13 03:15:00 CST,1786562100000,75.83,75.89,75.7,75.82,95863.57,35609.909999999996,655645166.6449426,-715739.5827499628,-24643.75,-3724534.3900000025,-5.256e-05
2026-08-13 03:30:00 CST,1786563000000,75.81,75.82,75.56,75.59,94333.35,25487.74,655047014.1794754,-1285800.2634245157,-43357.869999999995,-3767892.260000002,-5.256e-05
2026-08-13 03:45:00 CST,1786563900000,75.59,75.73,75.55,75.72,70927.29999999999,40796.42,654667242.3210695,543487.6617695093,10665.54,-3757226.720000002,-5.256e-05
2026-08-13 04:00:00 CST,1786564800000,75.72,75.85,75.71,75.79,51486.36,28953.100000000002,655408273.6821572,378200.4574480057,6419.840000000002,-3750806.880000002,-5.256e-05
2026-08-13 04:15:00 CST,1786565700000,75.79,75.85,75.7,75.85,50870.61,24673.25,655138831.5923623,-740455.2396377325,-1524.1100000000006,-3752330.990000002,-5.256e-05
2026-08-13 04:30:00 CST,1786566600000,75.84,75.98,75.84,75.94,55324.66,38256.19,656823721.8186202,1218922.6858959198,21187.72,-3731143.2700000023,-5.256e-05
2026-08-13 04:45:00 CST,1786567500000,75.93,75.95,75.84,75.9,63430.99,24260.78,655935136.3012,-883586.8235999346,-14909.43,-3746052.7000000025,-5.256e-05
2026-08-13 05:00:00 CST,1786568400000,75.9,75.97,75.79,75.79,103065.27,70194.84,654815280.5205,-927532.6743379831,37324.409999999996,-3708728.290000003,-5.256e-05
2026-08-13 05:15:00 CST,1786569300000,75.79,75.85,75.4,75.5,176596.61000000002,68295.36,652231648.6492,-2302434.968500018,-40005.89,-3748734.1800000025,-5.256e-05
2026-08-13 05:30:00 CST,1786570200000,75.5,75.65,75.39,75.63,100290.57,53575.75,649832241.4538292,20812.49052155018,6860.929999999993,-3741873.250000003,-5.256e-05
2026-08-13 05:45:00 CST,1786571100000,75.63,75.66,75.41,75.43,67296.45999999999,36381.7,649152232.9837534,-377973.6730465889,5466.940000000004,-3736406.310000003,-5.256e-05
2026-08-13 06:00:00 CST,1786572000000,75.43,75.63,75.27,75.54,149587.1,66208.64,650817079.7558397,2249447.481785059,-17169.820000000003,-3753576.130000003,-5.256e-05
2026-08-13 06:15:00 CST,1786572900000,75.54,75.62,75.5,75.53,47079.69,15793.14,650900399.0980675,156327.1593631506,-15493.410000000002,-3769069.540000003,-5.256e-05
2026-08-13 06:30:00 CST,1786573800000,75.53,75.54,75.37,75.45,87752.84,30897.57,650601377.991,-290640.840636611,-25957.7,-3795027.2400000026,-5.256e-05
2026-08-13 06:45:00 CST,1786574700000,75.45,75.49,75.41,75.48,60313.520000000004,30561.32,651151717.3293887,263304.4469887018,809.1200000000008,-3794218.120000003,-5.256e-05
2026-08-13 07:00:00 CST,1786575600000,75.48,75.54,75.39,75.43,59599.76,25827.269999999997,651034267.2842247,-312421.8429752588,-7945.220000000001,-3802163.3400000026,-5.256e-05
2026-08-13 07:15:00 CST,1786576500000,75.43,75.45,75.34,75.45,61401.67,30676.63,650005210.1808,-875313.8741000891,-48.40999999999622,-3802211.750000003,-5.256e-05
2026-08-13 07:30:00 CST,1786577400000,75.45,75.57,75.44,75.52,68928.69,30470.68,651419582.8627523,401770.3477523327,-7987.3299999999945,-3810199.080000003,-5.256e-05
2026-08-13 07:45:00 CST,1786578300000,75.51,75.6,75.5,75.59,33451.7,20465.050000000003,651630789.9519,683988.5694999695,7478.400000000003,-3802720.6800000025,-5.256e-05
2026-08-13 08:00:00 CST,1786579200000,75.59,75.77,75.55,75.72,108188.86000000002,55146.21,652968124.9560618,1039379.1732618809,2103.559999999996,-3800617.120000003,-6.47e-05
2026-08-13 08:15:00 CST,1786580100000,75.72,75.85,75.71,75.76,146589.08000000002,74684.69,651386593.1703297,-735578.7086958885,2780.300000000003,-3797836.820000003,-6.47e-05
2026-08-13 08:30:00 CST,1786581000000,75.76,75.77,75.53,75.56,135385.01,43941.380000000005,651096329.5408,-921809.037055254,-47502.24999999999,-3845339.070000003,-6.47e-05
2026-08-13 08:45:00 CST,1786581900000,75.55,75.66,75.52,75.57,74433.45,36665.99,649760846.4965,545873.4045000076,-1101.4700000000048,-3846440.540000003,-6.47e-05
2026-08-13 09:00:00 CST,1786582800000,75.57,75.72,75.5,75.7,62441.69,36766.71,649437852.6126698,358002.2386804819,11091.73,-3835348.810000003,-6.47e-05
2026-08-13 09:15:00 CST,1786583700000,75.7,75.71,75.43,75.51,89862.31,37096.89,648477167.9659,-1867647.062427044,-15668.529999999995,-3851017.340000003,-6.47e-05
2026-08-13 09:30:00 CST,1786584600000,75.5,75.76,75.49,75.58,74645.01000000001,41493.189999999995,649768834.5616097,2262237.90067482,8341.369999999997,-3842675.970000003,-6.47e-05
2026-08-13 09:45:00 CST,1786585500000,75.57,75.71,75.52,75.6,52413.77,27265.27,648539746.141,159412.4769999981,2116.7699999999977,-3840559.200000003,-6.47e-05
2026-08-13 10:00:00 CST,1786586400000,75.6,75.61,75.52,75.59,52126.25,28730.19,648259666.9018857,347051.5378857851,5334.129999999999,-3835225.070000003,-6.47e-05
2026-08-13 10:15:00 CST,1786587300000,75.58,75.67,75.57,75.63,40502.7,20916.93,648420051.636,371982.3910000324,1331.159999999999,-3833893.910000003,-6.47e-05
2026-08-13 10:30:00 CST,1786588200000,75.63,75.69,75.48,75.69,53762.52,28603.85,648123129.1581286,-947426.0419238806,3445.1799999999967,-3830448.730000003,-6.47e-05
2026-08-13 10:45:00 CST,1786589100000,75.69,75.94,75.62,75.94,167598.12,122172.76,652525328.505,2938019.920785904,76747.4,-3753701.3300000033,-6.47e-05
2026-08-13 11:00:00 CST,1786590000000,75.94,76.13,75.92,76.12,193293.74,124170.94999999998,653737640.7085,493449.83490002155,55048.15999999999,-3698653.170000003,-6.47e-05
2026-08-13 11:15:00 CST,1786590900000,76.12,76.24,76.04,76.2,322104.6,135844.94,654345262.1150985,86162.33559846878,-50414.72000000002,-3749067.890000003,-6.47e-05
2026-08-13 11:30:00 CST,1786591800000,76.2,76.29,76.13,76.18,171283.69,91542.72,651652932.7472,-818617.9689999819,11801.750000000004,-3737266.140000003,-6.47e-05
2026-08-13 11:45:00 CST,1786592700000,76.18,76.28,76.16,76.23,114133.26000000001,51591.95,652030024.8231,699608.7854999304,-10949.360000000004,-3748215.500000003,-6.47e-05
2026-08-13 12:00:00 CST,1786593600000,76.23,76.25,76.12,76.15,68810.97,23963.03,650768036.2326,-778477.3884000778,-20884.91,-3769100.410000003,-6.47e-05
2026-08-13 12:15:00 CST,1786594500000,76.15,76.16,75.99,76.06,101088.21,31171.82,649651623.5042111,-971874.8837634325,-38744.57000000001,-3807844.9800000032,-6.47e-05
2026-08-13 12:30:00 CST,1786595400000,76.06,76.17,76.05,76.11,46462.19,21962.09,650127361.2977501,604267.976350069,-2538.01,-3810382.9900000035,-6.47e-05
2026-08-13 12:45:00 CST,1786596300000,76.12,76.17,76.07,76.1,76616.18000000001,51284.86,650592918.1434,474164.28740000725,25953.54,-3784429.450000003,-6.47e-05
2026-08-13 13:00:00 CST,1786597200000,76.1,76.24,76.04,76.24,100653.84999999999,51687.99,650940292.7685,187700.4117000103,2722.1299999999937,-3781707.320000003,-6.47e-05
2026-08-13 13:15:00 CST,1786598100000,76.24,76.36,76.22,76.35,131788.78999999998,90968.6,652621280.7312,753213.1511999369,50148.41,-3731558.910000003,-6.47e-05
2026-08-13 13:30:00 CST,1786599000000,76.35,76.59,76.27,76.53,224172.24,149299.34,653523955.9128,805294.0339999199,74426.43999999997,-3657132.470000003,-6.47e-05
2026-08-13 13:45:00 CST,1786599900000,76.54,76.6,76.45,76.47,149831.03,50170.240000000005,651855597.3,-2287967.9555073977,-49490.55,-3706623.020000003,-6.47e-05
2026-08-13 14:00:00 CST,1786600800000,76.47,76.51,76.4,76.42,82182.07,31428.61,650791642.2095,-655732.3185765743,-19324.850000000002,-3725947.8700000034,-6.47e-05
2026-08-13 14:15:00 CST,1786601700000,76.43,76.47,76.38,76.39,68991.07,29867.229999999996,650667005.6802597,204142.03541493416,-9256.61000000001,-3735204.4800000032,-6.47e-05
2026-08-13 14:30:00 CST,1786602600000,76.4,76.4,76.29,76.3,68423.5,27377.96,648845938.9032377,-1500689.713162303,-13667.579999999996,-3748872.060000003,-6.47e-05
2026-08-13 14:45:00 CST,1786603500000,76.29,76.49,76.29,76.48,64572.02,42041.509999999995,650353953.32,1132952.1255083084,19511.0,-3729361.060000003,-6.47e-05
2026-08-13 15:00:00 CST,1786604400000,76.49,76.51,76.36,76.4,82461.63,32458.160000000003,649424413.62,-1597189.233923912,-17545.309999999998,-3746906.370000003,-6.47e-05
2026-08-13 15:15:00 CST,1786605300000,76.41,76.47,76.35,76.46,37023.45,20767.5,649814949.8681202,726785.3897202015,4511.549999999997,-3742394.820000003,-6.47e-05
2026-08-13 15:30:00 CST,1786606200000,76.46,76.48,76.4,76.4,44241.54,19950.010000000002,649839026.2874569,162841.0442506075,-4341.519999999999,-3746736.340000003,-6.47e-05
2026-08-13 15:45:00 CST,1786607100000,76.41,76.41,76.35,76.41,59107.18,27639.82,649808234.996,20174.597600102425,-3827.540000000001,-3750563.880000003,-6.47e-05
2026-08-13 16:00:00 CST,1786608000000,76.41,76.45,76.24,76.24,68908.08,24853.78,649439057.5905,-357197.78040003777,-19200.520000000004,-3769764.400000003,5.877e-05
2026-08-13 16:15:00 CST,1786608900000,76.25,76.26,76.2,76.22,71457.82,26217.01,648373884.5591538,-234446.61593270302,-19023.800000000003,-3788788.2000000034,5.877e-05
2026-08-13 16:30:00 CST,1786609800000,76.22,76.23,76.19,76.2,32207.629999999997,16463.68,648214224.764,23201.511227488518,719.7300000000014,-3788068.4700000035,5.877e-05
2026-08-13 16:45:00 CST,1786610700000,76.2,76.2,76.13,76.18,101818.51,30617.43,648547153.5235,450672.3861140013,-40583.649999999994,-3828652.120000003,5.877e-05
2026-08-13 17:00:00 CST,1786611600000,76.18,76.18,75.89,75.92,132674.33,30821.09,647608443.6544611,-1247866.9051388502,-71032.15,-3899684.2700000033,5.877e-05
2026-08-13 17:15:00 CST,1786612500000,75.91,76.03,75.84,75.96,191212.15,102896.28,644886226.3650548,-1537305.6141451597,14580.409999999993,-3885103.8600000036,5.877e-05
2026-08-13 17:30:00 CST,1786613400000,75.96,76.02,75.89,75.95,71754.23000000001,30644.199999999997,644729480.9886048,118718.40650475025,-10465.830000000005,-3895569.6900000037,5.877e-05
2026-08-13 17:45:00 CST,1786614300000,75.94,76.14,75.94,76.11,92171.85,68072.93,646499221.214,2509831.642500043,43974.009999999995,-3851595.6800000034,5.877e-05
2026-08-13 18:00:00 CST,1786615200000,76.12,76.15,75.77,75.81,377055.56000000006,143004.79,649661112.5160102,3087239.0981726646,-91045.98000000001,-3942641.6600000034,5.877e-05
2026-08-13 18:15:00 CST,1786616100000,75.81,75.87,75.78,75.79,94140.62,39342.76,649391317.0621074,295849.0663074255,-15455.099999999997,-3958096.760000003,5.877e-05
2026-08-13 18:30:00 CST,1786617000000,75.79,75.79,75.64,75.7,168176.82,74547.20999999999,647499142.1040848,-1833532.9298151731,-19082.4,-3977179.1600000034,5.877e-05
2026-08-13 18:45:00 CST,1786617900000,75.7,75.74,75.7,75.7,71172.86,42546.1,648275879.2466496,578772.7223496437,13919.34,-3963259.8200000036,5.877e-05
2026-08-13 19:00:00 CST,1786618800000,75.7,75.71,75.6,75.62,110484.70999999999,36874.66,648749079.2813089,633257.57741642,-36735.39,-3999995.2100000037,5.877e-05
2026-08-13 19:15:00 CST,1786619700000,75.61,75.64,75.51,75.56,121437.98000000001,45102.91,649414648.2604625,263588.66365611553,-31232.160000000003,-4031227.3700000034,5.877e-05
2026-08-13 19:30:00 CST,1786620600000,75.56,75.68,75.51,75.6,155057.33,87851.48,650173090.128,912320.7051473856,20645.63,-4010581.7400000035,5.877e-05
2026-08-13 19:45:00 CST,1786621500000,75.61,75.65,75.57,75.61,76989.51000000001,47829.340000000004,650767986.4887,503960.8887000084,18669.17,-3991912.5700000036,5.877e-05
2026-08-13 20:00:00 CST,1786622400000,75.61,75.81,75.59,75.8,103053.48999999999,73157.21,651882460.9154042,1162120.4550042152,43260.93000000001,-3948651.6400000034,5.877e-05
2026-08-13 20:15:00 CST,1786623300000,75.8,75.9,75.74,75.83,131330.87,72119.98999999999,652509862.281,482158.13327765465,12909.109999999993,-3935742.530000003,5.877e-05
2026-08-13 20:30:00 CST,1786624200000,75.83,76.0,75.72,75.94,198018.13,120088.40000000001,652555471.3078235,482846.74529349804,42158.66999999999,-3893583.860000003,5.877e-05
2026-08-13 20:45:00 CST,1786625100000,75.94,76.11,75.87,76.08,111115.94,66679.03,652496652.9468,181462.6325944662,22242.120000000003,-3871341.7400000035,5.877e-05
2026-08-13 21:00:00 CST,1786626000000,76.09,76.19,76.05,76.11,127328.69,56088.560000000005,652863360.4308,347790.1545405388,-15151.57,-3886493.3100000033,5.877e-05
2026-08-13 21:15:00 CST,1786626900000,76.11,76.12,76.0,76.03,103704.63999999998,46862.11,650565884.98,-1554353.6931999922,-9980.42,-3896473.7300000037,5.877e-05
2026-08-13 21:30:00 CST,1786627800000,76.03,76.33,76.01,76.26,220257.06,130471.07,652019541.5852,1927671.7155998945,40685.079999999994,-3855788.650000004,5.877e-05
2026-08-13 21:45:00 CST,1786628700000,76.25,76.27,76.13,76.16,125514.76000000001,51548.17999999999,651363022.7200625,-1404385.4569375515,-22418.400000000012,-3878207.050000004,5.877e-05
2026-08-13 22:00:00 CST,1786629600000,76.16,76.44,76.1,76.32,189506.89,112673.68,650389746.0928,-706610.6269999743,35840.47,-3842366.580000004,5.877e-05
2026-08-13 22:15:00 CST,1786630500000,76.33,76.4,76.2,76.26,105256.99,42901.39,650259315.6996,293901.51719999313,-19454.210000000003,-3861820.7900000038,5.877e-05
2026-08-13 22:30:00 CST,1786631400000,76.26,76.56,76.21,76.53,272291.72000000003,167277.38999999998,649991220.2262655,494612.9969189167,62263.05999999997,-3799557.7300000037,5.877e-05
2026-08-13 22:45:00 CST,1786632300000,76.53,76.54,76.42,76.43,136009.51,63681.03,650906642.4506,41252.73170006275,-8647.450000000004,-3808205.1800000034,5.877e-05
2026-08-13 23:00:00 CST,1786633200000,76.42,76.51,76.33,76.34,100792.74,36915.11,648916021.9155,-1792044.381899953,-26962.52,-3835167.7000000034,5.877e-05
2026-08-13 23:15:00 CST,1786634100000,76.34,76.37,75.94,76.03,236135.95,76249.98000000001,648348025.2618,-848527.9323999882,-83635.99,-3918803.690000003,5.877e-05
2026-08-13 23:30:00 CST,1786635000000,76.02,76.16,76.0,76.06,154813.57,79157.67000000001,645091076.3066,-1765724.7127000093,3501.770000000004,-3915301.920000003,5.877e-05
2026-08-13 23:45:00 CST,1786635900000,76.05,76.06,75.59,75.61,333381.35,132305.39,642960126.8427,-1869029.3020999432,-68770.56999999998,-3984072.490000003,5.877e-05
2026-08-14 00:00:00 CST,1786636800000,75.6,75.75,75.48,75.69,412034.64999999997,216308.40000000002,643046122.3041,1564158.4773441553,20582.15000000001,-3963490.340000003,-4.9e-06
2026-08-14 00:15:00 CST,1786637700000,75.68,75.85,75.59,75.62,173877.21,90160.03,645842888.8626,1516238.3298000097,6442.850000000006,-3957047.4900000035,-4.9e-06
2026-08-14 00:30:00 CST,1786638600000,75.63,75.67,75.04,75.33,705463.41,273135.86,638575169.227293,-5568032.501507044,-159191.69000000003,-4116239.180000004,-4.9e-06
2026-08-14 00:45:00 CST,1786639500000,75.33,75.68,75.24,75.56,395219.14,257434.36,645231020.7159,4845688.016599894,119649.57999999999,-3996589.600000004,-4.9e-06
2026-08-14 01:00:00 CST,1786640400000,75.56,75.79,75.51,75.7,196592.13,122564.31999999999,647353415.6721,1401791.3305000067,48536.51,-3948053.090000004,-4.9e-06
2026-08-14 01:15:00 CST,1786641300000,75.7,75.85,75.68,75.78,156442.58,81524.73999999999,649021125.684,994013.6639581919,6606.9000000000015,-3941446.190000004,-4.9e-06
2026-08-14 01:30:00 CST,1786642200000,75.78,75.91,75.72,75.84,126214.09,63530.33,648663942.44,-662794.8882246017,846.5699999999997,-3940599.6200000043,-4.9e-06
2026-08-14 01:45:00 CST,1786643100000,75.83,75.88,75.71,75.74,63617.54,25927.940000000002,647798430.4344,-1261473.194400072,-11761.660000000002,-3952361.280000004,-4.9e-06
2026-08-14 02:00:00 CST,1786644000000,75.73,75.89,75.71,75.83,64604.33,34320.61,647831414.044381,362734.3626807928,4036.889999999994,-3948324.390000004,-4.9e-06
2026-08-14 02:15:00 CST,1786644900000,75.82,75.92,75.71,75.72,75233.19,37586.6,647009114.3087,-827402.4007999897,-59.98999999999978,-3948384.3800000036,-4.9e-06
2026-08-14 02:30:00 CST,1786645800000,75.72,75.81,75.64,75.8,90196.18,31232.5,647121261.9261348,712370.6125253439,-27731.179999999993,-3976115.560000004,-4.9e-06
2026-08-14 02:45:00 CST,1786646700000,75.8,76.07,75.78,75.98,164415.56,109611.49,649826888.2659395,1484155.134790659,54807.42000000001,-3921308.140000004,-4.9e-06
2026-08-14 03:00:00 CST,1786647600000,75.97,76.25,75.94,76.1,210804.61,118068.64000000001,650832468.1010265,1287195.0605922937,25332.670000000006,-3895975.470000004,-4.9e-06
2026-08-14 03:15:00 CST,1786648500000,76.1,76.14,76.02,76.1,114552.24999999999,44317.93,649395859.0300192,-275872.22293913364,-25916.389999999992,-3921891.860000004,-4.9e-06
2026-08-14 03:30:00 CST,1786649400000,76.09,76.13,76.02,76.1,112096.70999999999,35656.72,650577919.2384,489591.86757326126,-40783.270000000004,-3962675.130000004,-4.9e-06
2026-08-14 03:45:00 CST,1786650300000,76.09,76.17,76.07,76.17,93486.09000000001,45569.32,649996352.7414,-393429.09079170227,-2347.4500000000044,-3965022.580000004,-4.9e-06
2026-08-14 04:00:00 CST,1786651200000,76.16,76.31,76.11,76.15,200954.13,102987.81999999999,651581314.4866447,816151.355766058,5021.5099999999875,-3960001.070000004,-4.9e-06
2026-08-14 04:15:00 CST,1786652100000,76.14,76.23,76.13,76.23,85820.56,40448.46,649305568.1736,-575947.7375347614,-4923.639999999999,-3964924.710000004,-4.9e-06
2026-08-14 04:30:00 CST,1786653000000,76.22,76.3,76.2,76.23,59436.06,30698.04,650166553.3470948,80885.10334479809,1960.0200000000004,-3962964.6900000046,-4.9e-06
2026-08-14 04:45:00 CST,1786653900000,76.22,76.23,76.14,76.18,54553.61,24075.879999999997,649471201.029,-596438.7979999781,-6401.85,-3969366.5400000047,-4.9e-06
2026-08-14 05:00:00 CST,1786654800000,76.18,76.27,76.17,76.21,65336.45,30615.34,649720478.6965,-150190.98657131195,-4105.769999999999,-3973472.3100000047,-4.9e-06
2026-08-14 05:15:00 CST,1786655700000,76.21,76.22,76.13,76.15,42428.48,21206.59,649757660.2931069,-7498.802193045616,-15.30000000000291,-3973487.610000005,-4.9e-06
2026-08-14 05:30:00 CST,1786656600000,76.14,76.19,76.08,76.16,78876.7,43289.490000000005,649202153.5428,49843.357859134674,7702.280000000004,-3965785.3300000047,-4.9e-06
2026-08-14 05:45:00 CST,1786657500000,76.17,76.23,76.13,76.17,34540.66,14567.490000000002,648591689.8395,-5007.987774372101,-5405.6799999999985,-3971191.010000005,-4.9e-06
2026-08-14 06:00:00 CST,1786658400000,76.18,76.41,76.16,76.35,132388.86000000002,78896.65,649929035.518,1268232.9509871006,25404.440000000002,-3945786.570000005,-4.9e-06
2026-08-14 06:15:00 CST,1786659300000,76.36,76.39,76.31,76.38,63494.490000000005,25752.25,651019231.3002,-129497.23179996014,-11989.990000000002,-3957776.5600000047,-4.9e-06
2026-08-14 06:30:00 CST,1786660200000,76.39,76.39,76.31,76.34,50578.369999999995,29045.62,650597490.2119,-540599.1461266279,7512.870000000001,-3950263.690000005,-4.9e-06
2026-08-14 06:45:00 CST,1786661100000,76.34,76.36,76.21,76.21,74440.57,19177.29,649014710.1024,-1515957.1148000956,-36085.990000000005,-3986349.6800000053,-4.9e-06
2026-08-14 07:00:00 CST,1786662000000,76.21,76.22,76.12,76.16,89957.24,44503.91,648526814.3250663,-83775.48527979851,-949.4199999999964,-3987299.1000000057,-4.9e-06
2026-08-14 07:15:00 CST,1786662900000,76.15,76.2,76.1,76.19,46149.31,23392.82,648681696.0962,129703.75059998035,636.3299999999981,-3986662.7700000056,-4.9e-06
2026-08-14 07:30:00 CST,1786663800000,76.19,76.27,76.18,76.26,66497.97,46816.73,648595032.2795,-56721.72249996662,27135.490000000005,-3959527.2800000054,-4.9e-06
2026-08-14 07:45:00 CST,1786664700000,76.27,76.27,76.17,76.23,32915.899999999994,14098.05,647795360.3573701,-796487.0588299036,-4719.799999999998,-3964247.080000005,-4.9e-06
2026-08-14 08:00:00 CST,1786665600000,76.23,76.29,76.15,76.16,84889.58,48643.65,649167727.9872,1110271.0557000637,12397.720000000007,-3951849.360000005,5.622e-05
2026-08-14 08:15:00 CST,1786666500000,76.15,76.21,76.07,76.08,76543.35,37204.65,648158600.73671,393498.39006078243,-2134.0499999999975,-3953983.410000005,5.622e-05
2026-08-14 08:30:00 CST,1786667400000,76.07,76.17,75.95,76.13,149769.94,68393.69,648362528.0307,697851.9794999361,-12982.560000000001,-3966965.970000005,5.622e-05
2026-08-14 08:45:00 CST,1786668300000,76.13,76.13,75.99,76.06,61309.979999999996,26434.67,648970407.42,-166624.08800005913,-8440.639999999996,-3975406.6100000045,5.622e-05
2026-08-14 09:00:00 CST,1786669200000,76.06,76.08,75.89,75.9,68045.36,29473.059999999998,648866339.3581227,39191.350336909294,-9099.24,-3984505.8500000047,5.622e-05
2026-08-14 09:15:00 CST,1786670100000,75.91,76.08,75.86,75.97,84829.81000000001,55256.1,648515728.7043,737106.8194000721,25682.39,-3958823.4600000046,5.622e-05
2026-08-14 09:30:00 CST,1786671000000,75.96,76.11,75.94,76.11,38670.89,28118.39,648694776.132,932947.3629999161,17565.89,-3941257.5700000045,5.622e-05
2026-08-14 09:45:00 CST,1786671900000,76.11,76.15,76.04,76.06,43850.71,22750.76,649422827.987,-174580.48960006237,1650.8099999999977,-3939606.7600000044,5.622e-05
2026-08-14 10:00:00 CST,1786672800000,76.06,76.17,76.04,76.1,44020.39,25020.24,650249897.6871952,760109.5185952187,6020.090000000004,-3933586.670000004,5.622e-05
2026-08-14 10:15:00 CST,1786673700000,76.09,76.13,75.96,76.02,49378.28,26826.78,648969002.2280396,-1043030.1785100698,4275.280000000002,-3929311.390000004,5.622e-05
2026-08-14 10:30:00 CST,1786674600000,76.01,76.12,75.97,76.06,33713.33,16675.75,649016335.12,6226.399600028992,-361.83000000000175,-3929673.220000004,5.622e-05
2026-08-14 10:45:00 CST,1786675500000,76.06,76.15,75.99,76.0,45602.72,16927.36,650062527.0568,558710.7508848906,-11748.0,-3941421.220000004,5.622e-05
2026-08-14 11:00:00 CST,1786676400000,75.99,76.0,75.75,75.89,236094.55,62566.7,643378235.9756,-6445916.11635828,-110961.15,-4052382.370000004,5.622e-05
2026-08-14 11:15:00 CST,1786677300000,75.89,76.03,75.88,75.95,46322.74,28960.370000000003,644467646.96,959114.8182542324,11598.0,-4040784.3700000043,5.622e-05
2026-08-14 11:30:00 CST,1786678200000,75.94,75.95,75.73,75.81,92511.76999999999,38945.0,643396239.8329,-375759.6748999357,-14621.769999999997,-4055406.1400000043,5.622e-05
2026-08-14 11:45:00 CST,1786679100000,75.8,75.81,75.71,75.73,63260.3,31592.890000000003,642988334.5144,-636814.3684259653,-74.5199999999968,-4055480.6600000043,5.622e-05
2026-08-14 12:00:00 CST,1786680000000,75.73,75.88,75.7,75.88,61101.4,34813.9,643882977.9038,1072264.177399993,8526.4,-4046954.2600000044,5.622e-05
2026-08-14 12:15:00 CST,1786680900000,75.87,75.99,75.87,75.9,41105.14,24022.42,643916393.2642324,223204.7517479658,6939.700000000001,-4040014.5600000042,5.622e-05
2026-08-14 12:30:00 CST,1786681800000,75.9,75.92,75.86,75.88,20725.980000000003,6380.68,643363644.8954,-226224.62401735783,-7964.620000000001,-4047979.180000005,5.622e-05
2026-08-14 12:45:00 CST,1786682700000,75.87,75.88,75.78,75.81,32659.77,17494.19,643481556.8928,-238326.2488000393,2328.6099999999997,-4045650.5700000045,5.622e-05
2026-08-14 13:00:00 CST,1786683600000,75.8,75.87,75.78,75.8,27617.89,13461.8,643626411.6022,474073.6500785351,-694.289999999999,-4046344.8600000045,5.622e-05
2026-08-14 13:15:00 CST,1786684500000,75.8,75.85,75.76,75.84,36112.84,20663.600000000002,643144641.2494866,-231412.08451342583,5214.360000000001,-4041130.5000000047,5.622e-05
2026-08-14 13:30:00 CST,1786685400000,75.83,75.95,75.81,75.91,39996.38,24466.710000000003,644605839.1236175,699420.4836175442,8937.04,-4032193.4600000046,5.622e-05
2026-08-14 13:45:00 CST,1786686300000,75.91,75.92,75.82,75.89,33472.92,16514.32,644368872.4135,-493021.58640003204,-444.28000000000156,-4032637.740000005,5.622e-05
2026-08-14 14:00:00 CST,1786687200000,75.88,75.89,75.73,75.74,70924.35,35224.36,642737834.768,-1540984.294800043,-475.630000000001,-4033113.370000005,5.622e-05
2026-08-14 14:15:00 CST,1786688100000,75.74,75.74,75.57,75.58,133704.06,60841.45,642000511.7009848,-201313.74969172478,-12021.159999999996,-4045134.530000005,5.622e-05
2026-08-14 14:30:00 CST,1786689000000,75.57,75.66,75.57,75.62,117266.41999999998,76551.85,642670803.3244765,381613.2827165127,35837.28,-4009297.2500000047,5.622e-05
2026-08-14 14:45:00 CST,1786689900000,75.62,75.66,75.48,75.5,186072.02,77320.05,642817026.2734176,-82995.51078236103,-31431.92,-4040729.1700000046,5.622e-05
2026-08-14 15:00:00 CST,1786690800000,75.5,75.62,75.45,75.61,178316.11000000002,113203.88,646019093.5121274,2115875.175147414,48091.65,-3992637.5200000047,5.622e-05
2026-08-14 15:15:00 CST,1786691700000,75.61,75.7,75.6,75.65,65156.75,41482.43,647222148.9541625,804846.8382806778,17808.11,-3974829.410000005,5.622e-05
2026-08-14 15:30:00 CST,1786692600000,75.65,75.66,75.5,75.57,65875.58,30713.230000000003,646042761.5256,-1352178.1574901342,-4449.119999999999,-3979278.5300000045,5.622e-05
2026-08-14 15:45:00 CST,1786693500000,75.57,75.61,75.53,75.55,44887.95,22787.629999999997,646958020.7051,449462.68360459805,687.3099999999995,-3978591.2200000044,5.622e-05
2026-08-14 16:00:00 CST,1786694400000,75.54,75.65,75.54,75.6,80738.39,40899.29,647754091.7421,1110522.0791686773,1060.1899999999987,-3977531.0300000045,2.264e-05
2026-08-14 16:15:00 CST,1786695300000,75.6,75.69,75.52,75.63,127524.99999999999,62683.28,646989881.0557,-836251.9393759966,-2158.4399999999987,-3979689.470000005,2.264e-05
2026-08-14 16:30:00 CST,1786696200000,75.62,75.84,75.6,75.69,116465.9,65492.36,648455010.1272,460162.682000041,14518.82,-3965170.6500000046,2.264e-05
2026-08-14 16:45:00 CST,1786697100000,75.68,75.84,75.66,75.82,101483.26000000001,56338.869999999995,649235583.8104111,1623541.4635111094,11194.479999999994,-3953976.1700000046,2.264e-05
2026-08-14 17:00:00 CST,1786698000000,75.83,75.84,75.7,75.77,70470.04000000001,31025.79,648818093.1936,-717155.0641914606,-8418.460000000003,-3962394.6300000045,2.264e-05
2026-08-14 17:15:00 CST,1786698900000,75.77,75.8,75.66,75.66,61066.95,20795.489999999998,649748129.5144,-47617.67470705509,-19475.97,-3981870.6000000047,2.264e-05
2026-08-14 17:30:00 CST,1786699800000,75.66,75.67,75.37,75.42,200474.07,75125.51000000001,647048931.165,-1658498.8433728218,-50223.04999999999,-4032093.650000005,2.264e-05
2026-08-14 17:45:00 CST,1786700700000,75.41,75.54,75.41,75.44,109198.76999999999,58590.75,646605017.6588235,1417822.5122234821,7982.730000000007,-4024110.9200000046,2.264e-05
2026-08-14 18:00:00 CST,1786701600000,75.45,75.57,75.39,75.53,94507.15,56363.56,647079366.2976,1196827.155600071,18219.969999999994,-4005890.9500000044,2.264e-05
2026-08-14 18:15:00 CST,1786702500000,75.53,75.61,75.43,75.48,94830.49,45235.24,647790457.8510022,562970.8873060942,-4360.009999999998,-4010250.960000004,2.264e-05
2026-08-14 18:30:00 CST,1786703400000,75.48,75.54,75.45,75.46,70599.77,37528.979999999996,647860780.3511732,-320088.9480302334,4458.189999999995,-4005792.770000004,2.264e-05
2026-08-14 18:45:00 CST,1786704300000,75.46,75.5,75.3,75.35,251689.87,68839.95999999999,647087106.9568,-727828.5773000717,-114009.95000000001,-4119802.7200000044,2.264e-05
2026-08-14 19:00:00 CST,1786705200000,75.35,75.52,75.34,75.43,131140.14,80113.25,643855298.2225881,-50898.77926158905,29086.360000000004,-4090716.3600000045,2.264e-05
2026-08-14 19:15:00 CST,1786706100000,75.43,75.56,75.41,75.49,62614.21,36062.84,644370830.9949783,661690.3565783501,9511.469999999998,-4081204.890000005,2.264e-05
2026-08-14 19:30:00 CST,1786707000000,75.49,75.56,75.45,75.5,56388.43,27953.22,645326007.67,376499.0010794401,-481.9899999999998,-4081686.880000005,2.264e-05
2026-08-14 19:45:00 CST,1786707900000,75.5,75.52,75.45,75.49,41124.32000000001,16935.17,645322881.3568,145168.521799922,-7253.980000000002,-4088940.8600000055,2.264e-05
2026-08-14 20:00:00 CST,1786708800000,75.49,75.54,75.29,75.36,104314.03,38889.53,645433886.28,203026.29689991474,-26534.970000000005,-4115475.830000005,2.264e-05
2026-08-14 20:15:00 CST,1786709700000,75.36,75.52,75.34,75.5,91649.83,57877.130000000005,644793239.4552,958729.6650652885,24104.430000000004,-4091371.4000000055,2.264e-05
2026-08-14 20:30:00 CST,1786710600000,75.5,75.56,75.4,75.4,78074.12,33640.36,645343400.5498189,48126.295405983925,-10793.400000000003,-4102164.800000006,2.264e-05
2026-08-14 20:45:00 CST,1786711500000,75.41,75.46,75.33,75.42,88678.15,32487.0,644753074.3612,-444841.7809000015,-23704.149999999994,-4125868.9500000062,2.264e-05
2026-08-14 21:00:00 CST,1786712400000,75.43,75.44,75.28,75.4,129848.58,54425.08,645228342.0862097,275552.4683096409,-20998.42,-4146867.370000006,2.264e-05
2026-08-14 21:15:00 CST,1786713300000,75.41,75.43,75.24,75.32,121592.8,58837.14,645444997.3285007,-189094.35531377792,-3918.5200000000077,-4150785.8900000066,2.264e-05
2026-08-14 21:30:00 CST,1786714200000,75.33,75.37,75.2,75.34,150245.78,73200.35,645652140.033,-60382.71677839756,-3845.079999999998,-4154630.970000007,2.264e-05
2026-08-14 21:45:00 CST,1786715100000,75.35,75.39,75.25,75.32,87846.65,43246.14,645380518.2018598,-940971.9366401434,-1354.3700000000026,-4155985.3400000073,2.264e-05
2026-08-14 22:00:00 CST,1786716000000,75.32,75.38,75.17,75.18,177525.5,64488.270000000004,645707379.2410734,-425789.08852660656,-48548.96,-4204534.300000007,2.264e-05
2026-08-14 22:15:00 CST,1786716900000,75.18,75.22,75.01,75.2,262814.49,90644.64000000001,643078277.7624,-1555259.9558999538,-81525.20999999998,-4286059.510000007,2.264e-05
2026-08-14 22:30:00 CST,1786717800000,75.2,75.37,75.16,75.28,164849.3,79714.29,644045589.4682,273919.77219998837,-5420.720000000005,-4291480.230000007,2.264e-05
2026-08-14 22:45:00 CST,1786718700000,75.28,75.34,75.13,75.22,114236.25,43749.64,643824662.7955,322326.53108894825,-26736.97,-4318217.200000008,2.264e-05
2026-08-14 23:00:00 CST,1786719600000,75.22,75.28,75.15,75.23,90540.1,44683.06,644062551.4554,-243889.30929112434,-1173.9800000000032,-4319391.180000007,2.264e-05
2026-08-14 23:15:00 CST,1786720500000,75.23,75.55,75.19,75.53,118658.23999999999,76392.3,645025665.7649001,581010.1805000305,34126.36,-4285264.820000008,2.264e-05
2026-08-14 23:30:00 CST,1786721400000,75.53,75.71,75.38,75.68,231428.96000000002,124885.26,647404570.7586,1890627.8049000502,18341.55999999999,-4266923.260000007,2.264e-05
2026-08-14 23:45:00 CST,1786722300000,75.68,75.73,75.6,75.6,126364.57999999999,45213.009999999995,647406751.0628227,-308948.8055950403,-35938.56,-4302861.820000008,2.264e-05
2026-08-15 00:00:00 CST,1786723200000,75.6,75.67,75.52,75.6,167350.6,67267.72,647356631.5753638,525309.2176257372,-32815.16,-4335676.980000008,-6.847e-05
2026-08-15 00:15:00 CST,1786724100000,75.6,75.63,75.49,75.52,135388.24,60837.18,647714164.9118041,327141.4464751482,-13713.879999999994,-4349390.860000008,-6.847e-05
2026-08-15 00:30:00 CST,1786725000000,75.52,75.65,75.51,75.53,138799.26,70747.43,648160008.1103314,739998.935742259,2695.5999999999985,-4346695.260000007,-6.847e-05
2026-08-15 00:45:00 CST,1786725900000,75.53,75.54,75.4,75.41,134335.08,39293.29,647530088.3960456,-553704.2238544226,-55748.50000000001,-4402443.760000007,-6.847e-05
2026-08-15 01:00:00 CST,1786726800000,75.42,75.51,75.39,75.5,71680.47,30278.26,647684669.7503556,671902.7691607475,-11123.95,-4413567.7100000065,-6.847e-05
2026-08-15 01:15:00 CST,1786727700000,75.5,75.63,75.48,75.54,82903.73,36406.200000000004,649593855.1228169,728796.0462146997,-10091.329999999998,-4423659.0400000075,-6.847e-05
2026-08-15 01:30:00 CST,1786728600000,75.54,75.61,75.37,75.39,69636.32,18730.49,648964944.7157196,-407721.01872074604,-32175.340000000004,-4455834.380000007,-6.847e-05
2026-08-15 01:45:00 CST,1786729500000,75.4,75.45,75.11,75.24,234912.7,85387.98000000001,646940079.516,-1269608.9219999313,-64136.73999999999,-4519971.120000008,-6.847e-05
2026-08-15 02:00:00 CST,1786730400000,75.24,75.25,74.88,75.01,353073.86,132299.88,647003787.4752992,-700533.5159007311,-88474.1,-4608445.220000007,-6.847e-05
2026-08-15 02:15:00 CST,1786731300000,75.01,75.21,75.0,75.11,159347.7,73474.56,649529642.0305,2036493.8168377876,-12398.580000000002,-4620843.800000007,-6.847e-05
2026-08-15 02:30:00 CST,1786732200000,75.11,75.15,74.97,75.08,108030.97,45608.49,650849774.9866121,820730.716504097,-16813.990000000005,-4637657.7900000075,-6.847e-05
2026-08-15 02:45:00 CST,1786733100000,75.08,75.09,74.88,74.91,133167.05,65625.45,649607006.5055,-1034629.1075450182,-1916.1499999999978,-4639573.940000007,-6.847e-05
2026-08-15 03:00:00 CST,1786734000000,74.92,74.92,74.67,74.68,431126.43999999994,173519.25,649190840.7881374,-264962.62946259975,-84087.93999999997,-4723661.880000007,-6.847e-05
2026-08-15 03:15:00 CST,1786734900000,74.67,74.83,74.61,74.79,303060.47000000003,122745.75,652750678.0953,3577228.295300007,-57568.97,-4781230.850000007,-6.847e-05
2026-08-15 03:30:00 CST,1786735800000,74.78,75.02,74.73,75.0,148923.16999999998,97433.95,654108787.5391,786279.3800675869,45944.729999999996,-4735286.120000008,-6.847e-05
2026-08-15 03:45:00 CST,1786736700000,75.01,75.05,74.95,74.95,123574.3,55619.509999999995,656331648.7751402,-135101.35525977612,-12335.28000000001,-4747621.400000008,-6.847e-05
2026-08-15 04:00:00 CST,1786737600000,74.95,75.14,74.91,75.06,120262.71,63930.87999999999,655414738.5076067,117720.44609880447,7599.049999999999,-4740022.350000008,-6.847e-05
2026-08-15 04:15:00 CST,1786738500000,75.06,75.17,75.04,75.15,102083.5,56784.76,656369706.4245,1576796.2404999733,11486.019999999997,-4728536.3300000075,-6.847e-05
2026-08-15 04:30:00 CST,1786739400000,75.15,75.21,75.1,75.17,69280.31,39764.46,655951145.0206,-358041.9174000025,10248.609999999999,-4718287.720000008,-6.847e-05
2026-08-15 04:45:00 CST,1786740300000,75.18,75.2,75.07,75.11,66158.31,33833.87,655501733.0498,-1124792.4981999397,1509.4300000000003,-4716778.290000008,-6.847e-05
2026-08-15 05:00:00 CST,1786741200000,75.11,75.17,75.04,75.08,76156.57,32570.39,655458275.1549,178419.8219000101,-11015.790000000003,-4727794.080000008,-6.847e-05
2026-08-15 05:15:00 CST,1786742100000,75.09,75.2,75.08,75.16,37881.43,17429.27,655856379.8246,545630.6920999289,-3022.8900000000003,-4730816.970000009,-6.847e-05
2026-08-15 05:30:00 CST,1786743000000,75.16,75.18,75.09,75.09,35565.69,13828.130000000001,654424071.4489746,-779122.5602253675,-7909.43,-4738726.400000009,-6.847e-05
2026-08-15 05:45:00 CST,1786743900000,75.1,75.17,75.07,75.15,41704.51,17688.47,653482941.4948,-442699.37320005894,-6327.57,-4745053.970000008,-6.847e-05
2026-08-15 06:00:00 CST,1786744800000,75.14,75.24,75.08,75.11,107325.81000000001,40110.76,654950676.7024,1098325.438899994,-27104.29,-4772158.260000008,-6.847e-05
2026-08-15 06:15:00 CST,1786745700000,75.1,75.1,74.92,74.94,109854.0,44568.81,652242179.03,-1800340.1256228685,-20716.379999999997,-4792874.640000008,-6.847e-05
2026-08-15 06:30:00 CST,1786746600000,74.94,75.07,74.94,75.06,32133.629999999997,20099.04,652341156.7119917,968969.7784916162,8064.450000000001,-4784810.190000008,-6.847e-05
2026-08-15 06:45:00 CST,1786747500000,75.06,75.19,75.03,75.15,99270.90000000001,77417.0,652896634.6468534,674636.8870534897,55563.09999999999,-4729247.090000008,-6.847e-05
2026-08-15 07:00:00 CST,1786748400000,75.15,75.22,75.11,75.18,39746.310000000005,20825.46,652574869.5685291,-341282.62799561024,1904.6099999999988,-4727342.480000008,-6.847e-05
2026-08-15 07:15:00 CST,1786749300000,75.19,75.31,75.15,75.28,75066.93,50501.28,653480261.9731,411683.85247063637,25935.629999999994,-4701406.850000008,-6.847e-05
2026-08-15 07:30:00 CST,1786750200000,75.29,75.38,75.21,75.33,86158.89000000001,48509.979999999996,653636784.6085,478526.5192553997,10861.069999999992,-4690545.780000008,-6.847e-05
2026-08-15 07:45:00 CST,1786751100000,75.34,75.38,75.31,75.37,38940.92,16351.25,652529532.6932,-420136.52359998226,-6238.419999999997,-4696784.200000008,-6.847e-05
2026-08-15 08:00:00 CST,1786752000000,75.37,75.39,75.31,75.34,49083.579999999994,19656.33,652491020.4124806,-199591.13021945953,-9770.92,-4706555.120000008,-0.00010912
2026-08-15 08:15:00 CST,1786752900000,75.33,75.36,75.31,75.34,43271.37,19690.47,651819938.627,-285257.99134397507,-3890.4300000000003,-4710445.550000007,-0.00010912
2026-08-15 08:30:00 CST,1786753800000,75.34,75.39,75.32,75.35,38195.57,16127.61,651796502.3088,27949.36779999733,-5940.3499999999985,-4716385.900000007,-0.00010912
2026-08-15 08:45:00 CST,1786754700000,75.35,75.4,75.29,75.32,34405.31,19284.6,651454294.573952,-137358.86043322086,4163.89,-4712222.010000007,-0.00010912
2026-08-15 09:00:00 CST,1786755600000,75.32,75.38,75.25,75.36,56926.05,27354.21,650777899.134,-536490.5696001053,-2217.63,-4714439.640000007,-0.00010912
2026-08-15 09:15:00 CST,1786756500000,75.36,75.43,75.31,75.38,78603.84,39211.729999999996,652377909.2841456,1192484.5540776253,-180.37999999999738,-4714620.020000007,-0.00010912
2026-08-15 09:30:00 CST,1786757400000,75.38,75.42,75.35,75.4,56438.31,39489.12,652116258.0366,-10673.341329932213,22539.93,-4692080.090000007,-0.00010912
2026-08-15 09:45:00 CST,1786758300000,75.39,75.4,75.35,75.38,27015.27,12013.880000000001,652011065.1403415,-267783.36024463177,-2987.51,-4695067.600000007,-0.00010912
2026-08-15 10:00:00 CST,1786759200000,75.38,75.45,75.36,75.45,54133.659999999996,31872.39,652024233.2331,-173932.97589993477,9611.119999999999,-4685456.480000007,-0.00010912
2026-08-15 10:15:00 CST,1786760100000,75.45,75.59,75.45,75.53,143319.06,80323.09000000001,653565150.694,911738.3379304409,17327.119999999995,-4668129.360000007,-0.00010912
2026-08-15 10:30:00 CST,1786761000000,75.52,75.65,75.51,75.59,109332.8,68094.73000000001,653289620.8964,82247.70529997349,26856.66,-4641272.700000007,-0.00010912
2026-08-15 10:45:00 CST,1786761900000,75.6,75.63,75.53,75.63,59961.08,28668.19,653790098.0038,-301730.5738904476,-2624.7000000000025,-4643897.400000007,-0.00010912
2026-08-15 11:00:00 CST,1786762800000,75.63,75.68,75.6,75.65,75013.65,47417.600000000006,655572460.4006687,912536.1243525743,19821.549999999996,-4624075.850000007,-0.00010912
2026-08-15 11:15:00 CST,1786763700000,75.66,75.67,75.55,75.59,56431.42,19129.21,654531050.965,-880037.2939999104,-18173.0,-4642248.850000007,-0.00010912
2026-08-15 11:30:00 CST,1786764600000,75.58,75.62,75.45,75.47,83139.59,22419.57,652437331.5336,-1868546.6481000185,-38300.45,-4680549.300000008,-0.00010912
2026-08-15 11:45:00 CST,1786765500000,75.47,75.47,75.37,75.39,82013.68,23781.49,650911518.5005426,-1396200.5699849129,-34450.7,-4715000.000000008,-0.00010912
2026-08-15 12:00:00 CST,1786766400000,75.38,75.46,75.33,75.45,103359.47,56934.88,650361524.0883912,-23806.688608765602,10510.290000000005,-4704489.710000007,-0.00010912
2026-08-15 12:15:00 CST,1786767300000,75.45,75.57,75.44,75.54,48173.020000000004,32095.53,651802536.47176,391038.6423600912,16018.039999999997,-4688471.670000007,-0.00010912
2026-08-15 12:30:00 CST,1786768200000,75.54,75.57,75.5,75.56,35459.490000000005,14352.14,652031394.2291209,-348510.04021167755,-6755.210000000001,-4695226.880000007,-0.00010912
2026-08-15 12:45:00 CST,1786769100000,75.57,75.57,75.49,75.5,47103.009999999995,17155.71,652076031.8707062,-293655.19328546524,-12791.590000000002,-4708018.470000007,-0.00010912
2026-08-15 13:00:00 CST,1786770000000,75.49,75.56,75.44,75.52,99349.02,50062.17,651937746.4299,373995.0809481144,775.3200000000033,-4707243.150000007,-0.00010912
2026-08-15 13:15:00 CST,1786770900000,75.51,75.52,75.43,75.44,26546.980000000003,9266.64,651222111.7011,-675437.7353999615,-8013.700000000001,-4715256.850000006,-0.00010912
2026-08-15 13:30:00 CST,1786771800000,75.43,75.46,75.28,75.36,99075.63,41925.53,649310990.376,-1719608.2975999117,-15224.570000000003,-4730481.4200000055,-0.00010912
2026-08-15 13:45:00 CST,1786772700000,75.36,75.39,75.27,75.32,45645.47,18934.32,649977104.5785,-376339.70897364616,-7776.830000000003,-4738258.250000006,-0.00010912
2026-08-15 14:00:00 CST,1786773600000,75.31,75.37,75.24,75.24,58132.380000000005,29731.77,649640932.6772512,-25526.980348825455,1331.1600000000017,-4736927.090000005,-0.00010912
2026-08-15 14:15:00 CST,1786774500000,75.24,75.32,75.24,75.29,39258.73,20107.84,650275646.5090907,383313.46047496796,956.9499999999971,-4735970.140000006,-0.00010912
2026-08-15 14:30:00 CST,1786775400000,75.28,75.35,75.28,75.34,39780.340000000004,23118.73,650300700.3649813,207669.23668134212,6457.120000000001,-4729513.020000006,-0.00010912
2026-08-15 14:45:00 CST,1786776300000,75.33,75.46,75.33,75.39,40996.53,26412.9,651460853.0572,806057.5685999393,11829.269999999997,-4717683.7500000065,-0.00010912
2026-08-15 15:00:00 CST,1786777200000,75.4,75.4,75.31,75.37,52027.990000000005,21783.57,650960068.6482,-283584.07089293003,-8460.850000000006,-4726144.600000007,-0.00010912
2026-08-15 15:15:00 CST,1786778100000,75.37,75.38,75.26,75.29,59026.729999999996,24716.010000000002,650046439.0583677,-1240862.9765322208,-9594.709999999995,-4735739.310000007,-0.00010912
2026-08-15 15:30:00 CST,1786779000000,75.28,75.29,75.21,75.24,59124.93000000001,23606.84,649286184.1986,-542076.0924999714,-11911.250000000002,-4747650.560000006,-0.00010912
2026-08-15 15:45:00 CST,1786779900000,75.24,75.26,75.16,75.2,73166.47,23401.33,648361518.7914,-666020.6311000586,-26363.809999999994,-4774014.370000007,-0.00010912
2026-08-15 16:00:00 CST,1786780800000,75.19,75.21,75.12,75.2,68877.32,26213.129999999997,648523417.8940377,202800.9340376854,-16451.060000000005,-4790465.430000007,6.794e-05
2026-08-15 16:15:00 CST,1786781700000,75.19,75.27,75.19,75.22,42810.64,23418.969999999998,649019243.8625,335864.3585000038,4027.2999999999993,-4786438.130000007,6.794e-05
2026-08-15 16:30:00 CST,1786782600000,75.22,75.23,75.09,75.11,64878.770000000004,24954.31,647862908.7744,-1339982.1667779684,-14970.149999999998,-4801408.280000008,6.794e-05
2026-08-15 16:45:00 CST,1786783500000,75.11,75.15,75.03,75.05,81459.18,30383.93,647760930.5088,-120555.04600000381,-20691.32,-4822099.600000008,6.794e-05
2026-08-15 17:00:00 CST,1786784400000,75.04,75.1,75.0,75.06,98539.8,41696.29,648197543.7486,392908.0312355757,-15147.220000000005,-4837246.820000009,6.794e-05
2026-08-15 17:15:00 CST,1786785300000,75.06,75.15,75.06,75.13,42652.11,26398.450000000004,648128287.452,-97957.38904190063,10144.79,-4827102.030000009,6.794e-05
2026-08-15 17:30:00 CST,1786786200000,75.13,75.17,75.12,75.15,43456.259999999995,21875.269999999997,648414264.7916,240523.66676783562,294.27999999999884,-4826807.750000009,6.794e-05
2026-08-15 17:45:00 CST,1786787100000,75.15,75.21,75.15,75.19,32646.18,24351.77,649070230.8945,617211.0607304573,16057.359999999999,-4810750.39000001,6.794e-05
2026-08-15 18:00:00 CST,1786788000000,75.19,75.26,75.16,75.26,55343.159999999996,36175.05,648533472.816,-454697.937759161,17006.940000000002,-4793743.45000001,6.794e-05
2026-08-15 18:15:00 CST,1786788900000,75.26,75.31,75.24,75.27,45093.03999999999,23202.370000000003,649268377.5747,309547.4221999645,1311.7000000000044,-4792431.75000001,6.794e-05
2026-08-15 18:30:00 CST,1786789800000,75.26,75.3,75.22,75.23,42485.94,21164.31,649525470.1606,401510.55617022514,-157.3199999999988,-4792589.070000011,6.794e-05
2026-08-15 18:45:00 CST,1786790700000,75.22,75.27,75.21,75.24,23268.03,13812.39,649485772.7572424,198870.416310668,4356.749999999999,-4788232.320000011,6.794e-05
2026-08-15 19:00:00 CST,1786791600000,75.25,75.27,75.22,75.23,22312.74,11186.17,649798003.1025,123357.83809995651,59.599999999999454,-4788172.720000011,6.794e-05
2026-08-15 19:15:00 CST,1786792500000,75.22,75.27,75.21,75.22,34323.48,16757.31,649198852.0563581,-504768.4586418867,-808.8599999999997,-4788981.580000011,6.794e-05
2026-08-15 19:30:00 CST,1786793400000,75.22,75.25,75.21,75.25,20622.12,9772.73,649394950.248,281258.8591501713,-1076.6599999999985,-4790058.240000011,6.794e-05
2026-08-15 19:45:00 CST,1786794300000,75.25,75.26,75.17,75.2,24004.75,8091.2699999999995,649068033.7154758,-581622.5909923315,-7822.21,-4797880.450000011,6.794e-05
2026-08-15 20:00:00 CST,1786795200000,75.21,75.21,75.16,75.19,26982.03,11846.46,649140178.896,168935.78135430813,-3289.1099999999997,-4801169.560000011,6.794e-05
2026-08-15 20:15:00 CST,1786796100000,75.19,75.21,75.16,75.17,36337.2,16728.04,649185250.8569617,31787.898837327957,-2881.1199999999963,-4804050.680000011,6.794e-05
2026-08-15 20:30:00 CST,1786797000000,75.17,75.23,75.16,75.23,23456.22,14258.48,649556314.1512171,298177.1906051636,5060.74,-4798989.940000011,6.794e-05
2026-08-15 20:45:00 CST,1786797900000,75.22,75.38,75.2,75.37,56624.81,36996.979999999996,649579112.2698712,-31733.301896214485,17369.15,-4781620.79000001,6.794e-05
2026-08-15 21:00:00 CST,1786798800000,75.37,75.45,75.35,75.44,95685.47,60047.64,651669878.3427,918858.1713362932,24409.81,-4757210.980000011,6.794e-05
2026-08-15 21:15:00 CST,1786799700000,75.44,75.45,75.39,75.42,46511.479999999996,21240.629999999997,651910233.3166,-49292.779399991035,-4030.220000000003,-4761241.200000011,6.794e-05
2026-08-15 21:30:00 CST,1786800600000,75.42,75.53,75.41,75.52,106330.12,63862.67,651814991.3331,-6884.621100068092,21395.220000000005,-4739845.980000012,6.794e-05
2026-08-15 21:45:00 CST,1786801500000,75.52,75.53,75.48,75.53,64202.08,30638.26,651903302.5434,-309613.09934544563,-2925.5599999999995,-4742771.540000012,6.794e-05
2026-08-15 22:00:00 CST,1786802400000,75.53,75.53,75.49,75.53,45517.340000000004,19482.05,652476372.1344,144532.4415999651,-6553.240000000003,-4749324.780000012,6.794e-05
2026-08-15 22:15:00 CST,1786803300000,75.52,75.53,75.4,75.45,93999.66999999998,36443.64,651694402.0905,-898665.2174999714,-21112.389999999996,-4770437.170000012,6.794e-05
2026-08-15 22:30:00 CST,1786804200000,75.45,75.54,75.43,75.47,52905.490000000005,28605.4,651953510.0172,391986.78457558155,4305.310000000001,-4766131.860000012,6.794e-05
2026-08-15 22:45:00 CST,1786805100000,75.47,75.48,75.4,75.41,53325.17,20480.97,651589695.8831,-382460.0736999512,-12363.229999999996,-4778495.090000013,6.794e-05
2026-08-15 23:00:00 CST,1786806000000,75.4,75.44,75.38,75.42,70944.6,38667.52,650665332.8895735,-289178.49983251095,6390.4400000000005,-4772104.6500000125,6.794e-05
2026-08-15 23:15:00 CST,1786806900000,75.41,75.46,75.32,75.41,60746.93,28217.93,650283678.5656799,-402011.5640165806,-4311.069999999998,-4776415.720000013,6.794e-05
2026-08-15 23:30:00 CST,1786807800000,75.41,75.5,75.41,75.46,40170.24,21889.149999999998,652126230.9012,899844.8013000488,3608.0599999999986,-4772807.660000013,6.794e-05
2026-08-15 23:45:00 CST,1786808700000,75.46,75.49,75.45,75.49,32442.59,21186.18,652603581.756636,278097.14613604546,9929.77,-4762877.890000014,6.794e-05
2026-08-16 00:00:00 CST,1786809600000,75.49,75.5,75.39,75.4,42042.399999999994,14401.0,652545136.272,5816.870000004768,-13240.399999999998,-4776118.290000014,-9.423e-05
2026-08-16 00:15:00 CST,1786810500000,75.39,75.48,75.37,75.46,36347.14,18694.92,652209745.488,212174.62571418285,1042.699999999999,-4775075.590000014,-9.423e-05
2026-08-16 00:30:00 CST,1786811400000,75.46,75.48,75.39,75.4,38089.91,10250.4,652017996.162,-430812.4661000967,-17589.11,-4792664.700000014,-9.423e-05
2026-08-16 00:45:00 CST,1786812300000,75.4,75.45,75.4,75.45,17230.769999999997,8167.240000000001,652866185.106,575277.0496897697,-896.2899999999995,-4793560.990000014,-9.423e-05
2026-08-16 01:00:00 CST,1786813200000,75.45,75.55,75.44,75.53,46448.61,28819.22,653452978.4163,562558.7703000307,11189.829999999998,-4782371.160000014,-9.423e-05
2026-08-16 01:15:00 CST,1786814100000,75.53,75.62,75.49,75.52,130894.39000000001,78483.68,653283106.2515773,-178392.91162276268,26072.97,-4756298.190000014,-9.423e-05
2026-08-16 01:30:00 CST,1786815000000,75.51,75.61,75.51,75.59,45011.990000000005,25666.899999999998,653791249.6531553,630569.8308057785,6321.809999999996,-4749976.380000014,-9.423e-05
2026-08-16 01:45:00 CST,1786815900000,75.59,75.64,75.57,75.61,47467.0,27613.559999999998,653707177.704,37795.38337743282,7760.120000000001,-4742216.260000014,-9.423e-05
2026-08-16 02:00:00 CST,1786816800000,75.62,75.64,75.46,75.52,104640.69,36082.94,653522683.4496,-610628.0823999643,-32474.809999999998,-4774691.070000013,-9.423e-05
2026-08-16 02:15:00 CST,1786817700000,75.53,75.54,75.46,75.48,48454.71,18566.75,652483060.8103476,147738.13514757156,-11321.210000000003,-4786012.280000013,-9.423e-05
2026-08-16 02:30:00 CST,1786818600000,75.47,75.55,75.47,75.54,38259.92,19948.32,652506724.4332,251621.99919998646,1636.720000000003,-4784375.560000013,-9.423e-05
2026-08-16 02:45:00 CST,1786819500000,75.54,75.56,75.5,75.51,26416.579999999998,8414.13,652232819.4206263,-393357.55010426044,-9588.319999999996,-4793963.880000013,-9.423e-05
2026-08-16 03:00:00 CST,1786820400000,75.52,75.53,75.47,75.49,31187.29,15480.74,651853716.9573,-316164.80910003185,-225.80999999999858,-4794189.6900000125,-9.423e-05
2026-08-16 03:15:00 CST,1786821300000,75.49,75.51,75.48,75.49,14430.970000000001,7088.360000000001,652391386.3467,289709.6510999203,-254.25000000000045,-4794443.9400000125,-9.423e-05
2026-08-16 03:30:00 CST,1786822200000,75.49,75.51,75.48,75.49,19506.089999999997,11052.44,652629934.295,320850.83999991417,2598.790000000001,-4791845.1500000125,-9.423e-05
2026-08-16 03:45:00 CST,1786823100000,75.49,75.52,75.48,75.52,15767.64,9670.07,652652746.8444,132787.60780000687,3572.4999999999995,-4788272.6500000125,-9.423e-05
2026-08-16 04:00:00 CST,1786824000000,75.52,75.52,75.46,75.46,33216.94,8392.220000000001,651931771.7772,-851123.9539999962,-16432.5,-4804705.1500000125,-9.423e-05
2026-08-16 04:15:00 CST,1786824900000,75.46,75.48,75.37,75.42,86362.6,26800.26,650746890.4950227,-1137554.2277773619,-32762.08,-4837467.2300000135,-9.423e-05
2026-08-16 04:30:00 CST,1786825800000,75.42,75.47,75.4,75.47,23202.73,13695.240000000002,651046249.456,76292.28868079185,4187.750000000002,-4833279.480000014,-9.423e-05
2026-08-16 04:45:00 CST,1786826700000,75.47,75.53,75.44,75.49,63463.94,31347.910000000003,651032204.1024992,-361485.882704854,-768.1199999999944,-4834047.6000000145,-9.423e-05
2026-08-16 05:00:00 CST,1786827600000,75.49,75.54,75.48,75.53,22992.92,20440.57,652156140.2274,28842.980699896812,17888.219999999998,-4816159.380000015,-9.423e-05
2026-08-16 05:15:00 CST,1786828500000,75.53,75.63,75.53,75.63,33573.979999999996,23027.4,652605028.74,585205.84739995,12480.819999999998,-4803678.5600000145,-9.423e-05
2026-08-16 05:30:00 CST,1786829400000,75.63,75.7,75.59,75.68,77521.37,40709.84,652173356.4177,-445508.34689998627,3898.3100000000013,-4799780.250000014,-9.423e-05
2026-08-16 05:45:00 CST,1786830300000,75.68,75.7,75.58,75.58,37454.78,14676.77,651725424.9024467,-627324.8146305084,-8101.239999999999,-4807881.490000013,-9.423e-05
2026-08-16 06:00:00 CST,1786831200000,75.58,75.65,75.56,75.58,58190.98,31347.079999999998,651673848.7279,574723.1418907642,4503.18,-4803378.310000013,-9.423e-05
2026-08-16 06:15:00 CST,1786832100000,75.59,75.6,75.55,75.59,40828.12,17462.54,651601250.332105,140371.87790501118,-5903.040000000001,-4809281.350000013,-9.423e-05
2026-08-16 06:30:00 CST,1786833000000,75.58,75.61,75.51,75.58,51695.53,22479.72,651590107.9976,-57739.298000097275,-6736.089999999999,-4816017.440000013,-9.423e-05
2026-08-16 06:45:00 CST,1786833900000,75.58,75.62,75.54,75.54,22566.64,8016.64,651674175.4446,-254595.0041999817,-6533.360000000001,-4822550.800000014,-9.423e-05
2026-08-16 07:00:00 CST,1786834800000,75.54,75.54,75.28,75.4,157754.86,67555.38,650693331.4729553,-650540.8151123524,-22644.1,-4845194.900000014,-9.423e-05
2026-08-16 07:15:00 CST,1786835700000,75.39,75.41,75.29,75.32,76446.93,34026.19,648932742.2628378,-79842.23240470886,-8394.550000000003,-4853589.450000015,-9.423e-05
2026-08-16 07:30:00 CST,1786836600000,75.32,75.35,75.27,75.31,62973.29,30013.37,649048336.49,63120.85399997234,-2946.550000000001,-4856536.000000016,-9.423e-05
2026-08-16 07:45:00 CST,1786837500000,75.3,75.32,75.28,75.3,35621.16,15486.31,649151165.1639,346220.2955904007,-4648.54,-4861184.540000015,-9.423e-05
2026-08-16 08:00:00 CST,1786838400000,75.31,75.32,75.23,75.29,108001.29000000001,47381.62,649725294.5552,372532.05993044376,-13238.050000000003,-4874422.590000015,-4.786e-05
2026-08-16 08:15:00 CST,1786839300000,75.29,75.4,75.27,75.36,60852.58,30836.050000000003,649885033.3353859,126267.10658466816,819.5200000000023,-4873603.070000015,-4.786e-05
2026-08-16 08:30:00 CST,1786840200000,75.36,75.44,75.36,75.41,53490.090000000004,31288.77,650526709.2316791,41803.751433849335,9087.450000000003,-4864515.620000015,-4.786e-05
2026-08-16 08:45:00 CST,1786841100000,75.41,75.46,75.36,75.43,36064.87,17495.82,650537872.296,-216287.99759995937,-1073.2299999999987,-4865588.850000015,-4.786e-05
2026-08-16 09:00:00 CST,1786842000000,75.43,75.45,75.33,75.35,51026.51,17178.83,650618720.0234,-460533.6782000065,-16668.85,-4882257.700000015,-4.786e-05
2026-08-16 09:15:00 CST,1786842900000,75.36,75.39,75.32,75.32,32756.370000000003,16821.27,651003675.7875,341476.34663772583,886.1699999999992,-4881371.530000015,-4.786e-05
2026-08-16 09:30:00 CST,1786843800000,75.32,75.41,75.26,75.41,83001.9,50385.3,649989651.3258481,-482355.0116273165,17768.699999999997,-4863602.830000015,-4.786e-05
2026-08-16 09:45:00 CST,1786844700000,75.4,75.41,75.35,75.39,48021.130000000005,24782.64,651117024.316366,-127524.53965091705,1544.1500000000015,-4862058.680000015,-4.786e-05
2026-08-16 10:00:00 CST,1786845600000,75.39,75.41,75.28,75.28,32523.28,10892.63,651083975.2878968,-528421.9766032696,-10738.019999999999,-4872796.700000014,-4.786e-05
2026-08-16 10:15:00 CST,1786846500000,75.28,75.57,75.23,75.56,162414.11,97440.67000000001,651905369.628,1588644.836751461,32467.230000000003,-4840329.470000014,-4.786e-05
2026-08-16 10:30:00 CST,1786847400000,75.55,75.62,75.55,75.6,74555.0,43081.979999999996,653085106.641,-708373.8036681414,11608.959999999995,-4828720.510000014,-4.786e-05
2026-08-16 10:45:00 CST,1786848300000,75.6,75.61,75.48,75.54,58043.89,18836.38,651873102.2052972,-1212381.4421027899,-20371.129999999997,-4849091.640000014,-4.786e-05
2026-08-16 11:00:00 CST,1786849200000,75.54,75.62,75.52,75.58,72046.41,32571.66,652516310.9866492,443626.0787088871,-6903.089999999995,-4855994.7300000135,-4.786e-05
2026-08-16 11:15:00 CST,1786850100000,75.57,75.62,75.54,75.54,45921.21,15489.34,651791178.9580168,-385469.7051832676,-14942.53,-4870937.260000014,-4.786e-05
2026-08-16 11:30:00 CST,1786851000000,75.54,75.58,75.54,75.55,26743.04,10302.63,651522790.2463613,69298.63188695908,-6137.780000000001,-4877075.040000014,-4.786e-05
2026-08-16 11:45:00 CST,1786851900000,75.55,75.57,75.53,75.53,23327.27,8882.77,650701223.0916,-299415.7303278446,-5561.729999999999,-4882636.7700000135,-4.786e-05
2026-08-16 12:00:00 CST,1786852800000,75.53,75.57,75.5,75.51,29600.67,8378.330000000002,650313411.956574,-276020.24442601204,-12844.009999999998,-4895480.780000013,-4.786e-05
2026-08-16 12:15:00 CST,1786853700000,75.51,75.56,75.47,75.54,49419.42999999999,25825.26,650453699.6628,403083.43619036674,2231.09,-4893249.690000013,-4.786e-05
2026-08-16 12:30:00 CST,1786854600000,75.55,75.55,75.46,75.49,27969.32,12289.68,649920860.1417927,-697557.7548468113,-3389.96,-4896639.650000013,-4.786e-05
2026-08-16 12:45:00 CST,1786855500000,75.49,75.5,75.39,75.41,38073.25,10036.12,649716767.4589,-215198.30369997025,-18001.01,-4914640.660000013,-4.786e-05
2026-08-16 13:00:00 CST,1786856400000,75.41,75.48,75.37,75.47,73976.79999999999,55233.18,649499542.5946938,164089.39239382744,36489.56,-4878151.100000013,-4.786e-05
2026-08-16 13:15:00 CST,1786857300000,75.48,75.48,75.32,75.33,54917.56,19674.559999999998,648760613.340044,-899255.7251559496,-15568.44,-4893719.540000012,-4.786e-05
2026-08-16 13:30:00 CST,1786858200000,75.33,75.4,75.31,75.32,59869.28,34137.869999999995,648228150.306,40415.85539996624,8406.460000000003,-4885313.080000012,-4.786e-05
2026-08-16 13:45:00 CST,1786859100000,75.32,75.35,75.3,75.31,41123.509999999995,21413.04,647991061.4686685,-91265.5625770092,1702.5699999999997,-4883610.510000012,-4.786e-05
2026-08-16 14:00:00 CST,1786860000000,75.31,75.34,75.26,75.29,68635.14,28647.129999999997,648390953.8708,349384.6491293907,-11340.880000000001,-4894951.390000012,-4.786e-05
2026-08-16 14:15:00 CST,1786860900000,75.3,75.32,75.24,75.32,79512.42000000001,31841.85,649239598.6048986,258564.5458985567,-15828.719999999998,-4910780.1100000115,-4.786e-05
2026-08-16 14:30:00 CST,1786861800000,75.31,75.39,75.29,75.38,58538.869999999995,36600.75,650694086.7101904,836072.4753904343,14662.63,-4896117.480000012,-4.786e-05
2026-08-16 14:45:00 CST,1786862700000,75.39,75.49,75.33,75.33,88310.7,47067.71,651704828.845776,385841.92227602005,5824.720000000001,-4890292.760000012,-4.786e-05
2026-08-16 15:00:00 CST,1786863600000,75.34,75.4,75.3,75.39,39213.25,24324.58,651832385.6935,273114.4352070093,9435.909999999998,-4880856.850000012,-4.786e-05
2026-08-16 15:15:00 CST,1786864500000,75.39,75.43,75.38,75.39,24291.46,11879.89,652394917.2750455,126182.20954549313,-531.6800000000017,-4881388.530000011,-4.786e-05
2026-08-16 15:30:00 CST,1786865400000,75.39,75.4,75.37,75.37,10653.35,4446.780000000001,652643874.974,135719.2459999323,-1759.79,-4883148.3200000115,-4.786e-05
2026-08-16 15:45:00 CST,1786866300000,75.37,75.44,75.37,75.43,20675.75,13811.78,652580775.0294,-10550.64559996128,6947.810000000001,-4876200.510000011,-4.786e-05
2026-08-16 16:00:00 CST,1786867200000,75.43,75.44,75.36,75.36,23668.719999999998,7203.75,652592240.0344,-410224.93928825855,-9261.220000000001,-4885461.730000011,-2.592e-05
2026-08-16 16:15:00 CST,1786868100000,75.37,75.42,75.36,75.39,19754.96,10238.64,652757953.3974748,418533.6456748247,722.3199999999988,-4884739.41000001,-2.592e-05
2026-08-16 16:30:00 CST,1786869000000,75.39,75.45,75.39,75.4,19998.86,8180.110000000001,652553044.0845577,-70281.45244562626,-3638.6400000000003,-4888378.050000011,-2.592e-05
2026-08-16 16:45:00 CST,1786869900000,75.41,75.44,75.39,75.43,26133.239999999998,14229.07,652806688.4294312,333904.13883399963,2324.8999999999996,-4886053.150000011,-2.592e-05
2026-08-16 17:00:00 CST,1786870800000,75.42,75.44,75.38,75.41,23790.100000000002,9132.07,652329780.7250879,-608587.9028483629,-5525.96,-4891579.1100000115,-2.592e-05
2026-08-16 17:15:00 CST,1786871700000,75.4,75.41,75.36,75.38,31114.65,12682.61,652359466.8897828,-122194.07011723518,-5749.43,-4897328.540000011,-2.592e-05
2026-08-16 17:30:00 CST,1786872600000,75.38,75.41,75.22,75.28,134058.1,44525.03,652724305.763045,386997.6422213316,-45008.04,-4942336.58000001,-2.592e-05
2026-08-16 17:45:00 CST,1786873500000,75.28,75.33,75.21,75.27,65136.32,27534.89,653802864.0105522,689375.4961521626,-10066.54,-4952403.12000001,-2.592e-05
2026-08-16 18:00:00 CST,1786874400000,75.27,75.28,75.16,75.17,76096.89000000001,25977.28,653963110.4877,208869.17460429668,-24142.33,-4976545.450000011,-2.592e-05
2026-08-16 18:15:00 CST,1786875300000,75.17,75.19,75.13,75.17,81946.98999999999,37231.22,654012665.4096519,395367.4662518501,-7484.550000000005,-4984030.000000011,-2.592e-05
2026-08-16 18:30:00 CST,1786876200000,75.17,75.2,75.12,75.18,71002.39,33611.13,655441010.176,903008.6689784527,-3780.130000000001,-4987810.130000011,-2.592e-05
2026-08-16 18:45:00 CST,1786877100000,75.18,75.26,75.17,75.22,31703.070000000003,22921.28,655594756.3062,619252.3776868582,14139.489999999998,-4973670.640000011,-2.592e-05
2026-08-16 19:00:00 CST,1786878000000,75.23,75.24,75.2,75.24,24179.820000000003,16128.1,655714095.4413962,-83488.27096259594,8076.380000000001,-4965594.26000001,-2.592e-05
2026-08-16 19:15:00 CST,1786878900000,75.24,75.28,75.22,75.25,41176.270000000004,20722.46,656039921.328,49586.16959989071,268.6499999999987,-4965325.61000001,-2.592e-05
2026-08-16 19:30:00 CST,1786879800000,75.25,75.26,75.2,75.21,24080.59,9695.04,655982115.2804381,-91277.37434637547,-4690.510000000002,-4970016.12000001,-2.592e-05
2026-08-16 19:45:00 CST,1786880700000,75.21,75.25,75.18,75.25,27164.71,16875.42,655484845.7666428,-338314.6963573694,6586.130000000001,-4963429.9900000105,-2.592e-05
2026-08-16 20:00:00 CST,1786881600000,75.25,75.25,75.19,75.2,28152.28,12390.470000000001,655751330.123,-150631.66199994087,-3371.3399999999992,-4966801.330000011,-2.592e-05
2026-08-16 20:15:00 CST,1786882500000,75.19,75.25,75.17,75.25,33787.68,23104.57,655851190.7046372,291694.6566371918,12421.460000000003,-4954379.870000011,-2.592e-05
2026-08-16 20:30:00 CST,1786883400000,75.25,75.25,75.16,75.18,31510.58,13438.16,656527954.2389,219284.26389992237,-4634.2599999999975,-4959014.130000012,-2.592e-05
2026-08-16 20:45:00 CST,1786884300000,75.18,75.19,75.16,75.18,22681.050000000003,9827.73,656378425.5336,213207.3756159544,-3025.590000000001,-4962039.720000012,-2.592e-05
2026-08-16 21:00:00 CST,1786885200000,75.17,75.31,75.17,75.26,50601.86,31271.089999999997,657764690.0162959,1322723.9932457209,11940.32,-4950099.4000000125,-2.592e-05
2026-08-16 21:15:00 CST,1786886100000,75.27,75.37,75.26,75.36,43567.92,26881.22,657892377.8244463,253862.59204638004,10194.52,-4939904.880000012,-2.592e-05
2026-08-16 21:30:00 CST,1786887000000,75.36,75.37,75.29,75.36,46716.88,28162.889999999996,659196009.5232,945056.6016000509,9608.9,-4930295.980000012,-2.592e-05
2026-08-16 21:45:00 CST,1786887900000,75.35,75.36,75.26,75.27,28750.160000000003,7358.96,658343426.9458624,-789096.8601243496,-14032.239999999998,-4944328.220000011,-2.592e-05
2026-08-16 22:00:00 CST,1786888800000,75.27,75.29,75.2,75.23,35939.729999999996,18572.940000000002,657975390.1904,-271480.51569998264,1206.1500000000033,-4943122.070000011,-2.592e-05
2026-08-16 22:15:00 CST,1786889700000,75.23,75.35,75.23,75.26,66278.39,32420.53,659053584.0047623,670190.9879622459,-1437.3300000000054,-4944559.400000011,-2.592e-05
2026-08-16 22:30:00 CST,1786890600000,75.26,75.37,75.25,75.33,44500.2,28350.789999999997,659120784.4176,1134224.6799440384,12201.38,-4932358.020000011,-2.592e-05
2026-08-16 22:45:00 CST,1786891500000,75.33,75.37,75.31,75.36,32061.23,13729.56,659411955.8953,378034.71010005474,-4602.110000000001,-4936960.130000011,-2.592e-05
2026-08-16 23:00:00 CST,1786892400000,75.36,75.42,75.34,75.39,52392.54,25524.99,659029760.7768,-158534.30041372776,-1342.5599999999977,-4938302.690000011,-2.592e-05
2026-08-16 23:15:00 CST,1786893300000,75.4,75.55,75.39,75.55,138082.43,84999.79000000001,658863874.4937984,-322676.3862016201,31917.14999999999,-4906385.54000001,-2.592e-05
2026-08-16 23:30:00 CST,1786894200000,75.54,75.55,75.47,75.49,81591.39,34316.619999999995,657489951.5244,-1123829.3867794275,-12958.150000000001,-4919343.69000001,-2.592e-05
2026-08-16 23:45:00 CST,1786895100000,75.49,75.61,75.49,75.54,147590.65,96384.49999999999,656010616.2878076,-1071193.8350924253,45178.35,-4874165.34000001,-2.592e-05
2026-08-17 00:00:00 CST,1786896000000,75.53,75.56,75.47,75.49,80922.31,31721.710000000003,655997465.1951122,-347348.2748878002,-17478.889999999992,-4891644.230000011,-1.428e-05
2026-08-17 00:15:00 CST,1786896900000,75.49,75.59,75.47,75.58,101397.84,57783.62,657373602.3527004,1328734.948200345,14169.399999999998,-4877474.830000011,-1.428e-05
2026-08-17 00:30:00 CST,1786897800000,75.58,75.69,75.52,75.53,145967.84000000003,88104.51,657643835.863317,-593296.6724475622,30241.18,-4847233.650000011,-1.428e-05
2026-08-17 00:45:00 CST,1786898700000,75.52,75.57,75.46,75.52,52481.15,28586.070000000003,657285471.3211198,-45475.815380215645,4690.990000000001,-4842542.660000009,-1.428e-05
2026-08-17 01:00:00 CST,1786899600000,75.52,75.57,75.5,75.51,63213.03,29172.79,657443921.2254,239251.9506469965,-4867.449999999997,-4847410.11000001,-1.428e-05
2026-08-17 01:15:00 CST,1786900500000,75.51,75.52,75.37,75.42,84329.59,39805.64,655709169.9853,-1176519.3409690857,-4718.310000000003,-4852128.42000001,-1.428e-05
2026-08-17 01:30:00 CST,1786901400000,75.42,75.43,75.29,75.29,108872.45,55617.04,654692952.0256666,-367330.51453340054,2361.6300000000083,-4849766.79000001,-1.428e-05
2026-08-17 01:45:00 CST,1786902300000,75.3,75.32,75.23,75.23,110160.69,51679.530000000006,653408107.1952,-363039.9797999859,-6801.629999999994,-4856568.420000011,-1.428e-05
2026-08-17 02:00:00 CST,1786903200000,75.24,75.26,75.0,75.11,272883.41000000003,101915.9,653253042.8112315,139108.02981317043,-69051.61000000003,-4925620.030000011,-1.428e-05
2026-08-17 02:15:00 CST,1786904100000,75.11,75.19,75.09,75.14,116220.53,65380.009999999995,653152139.6013924,606758.3658872843,14539.490000000002,-4911080.540000011,-1.428e-05
2026-08-17 02:30:00 CST,1786905000000,75.15,75.15,75.09,75.15,49082.02,21190.44,654400178.2305,849280.6710000038,-6701.139999999996,-4917781.680000012,-1.428e-05
2026-08-17 02:45:00 CST,1786905900000,75.15,75.2,75.13,75.14,54110.59,28813.809999999998,654638002.3834507,269258.1571210623,3517.029999999997,-4914264.650000012,-1.428e-05
2026-08-17 03:00:00 CST,1786906800000,75.15,75.24,75.14,75.22,58126.85,43423.46,656196792.8016,1088930.2181921005,28720.070000000003,-4885544.580000011,-1.428e-05
2026-08-17 03:15:00 CST,1786907700000,75.22,75.32,75.22,75.32,53058.15,35112.92,656782580.7559,365312.4160000086,17167.690000000002,-4868376.890000011,-1.428e-05
2026-08-17 03:30:00 CST,1786908600000,75.32,75.33,75.23,75.23,65908.75,22919.229999999996,656667768.4952,-319829.8095999956,-20070.29,-4888447.180000011,-1.428e-05
2026-08-17 03:45:00 CST,1786909500000,75.23,75.25,75.15,75.19,63508.9,28827.770000000004,654919631.9767,-483262.57540380955,-5853.360000000001,-4894300.540000011,-1.428e-05
2026-08-17 04:00:00 CST,1786910400000,75.19,75.29,75.16,75.24,100480.83,59573.32,655242778.0620313,294123.53012132645,18665.81000000001,-4875634.730000012,-1.428e-05
2026-08-17 04:15:00 CST,1786911300000,75.23,75.25,75.18,75.21,43392.65,13743.07,655340482.4507233,42550.01382994652,-15906.510000000002,-4891541.240000011,-1.428e-05
2026-08-17 04:30:00 CST,1786912200000,75.21,75.23,75.0,75.1,155635.16999999998,64239.82000000001,655870801.8294551,159201.16665518284,-27155.529999999995,-4918696.770000012,-1.428e-05
2026-08-17 04:45:00 CST,1786913100000,75.1,75.11,74.92,74.98,126518.47,44880.9,655266661.192,-960852.0018405914,-36756.67,-4955453.440000011,-1.428e-05
2026-08-17 05:00:00 CST,1786914000000,74.98,75.04,74.85,74.99,121675.94,53717.82000000001,654174933.8166,-751751.230700016,-14240.299999999992,-4969693.7400000105,-1.428e-05
2026-08-17 05:15:00 CST,1786914900000,74.99,75.05,74.9,74.93,49375.92,25391.02,653395486.99756,-831596.6825734377,1406.1199999999972,-4968287.62000001,-1.428e-05
2026-08-17 05:30:00 CST,1786915800000,74.94,74.99,74.0,74.54,881430.6000000001,310525.65,650703369.9753,-2579951.7528669834,-260379.3,-5228666.92000001,-1.428e-05
2026-08-17 05:45:00 CST,1786916700000,74.54,74.54,74.07,74.3,469900.72000000003,182453.21,651095088.3579122,7782868.27383399,-104994.30000000002,-5333661.220000011,-1.428e-05
2026-08-17 06:00:00 CST,1786917600000,74.29,74.49,74.12,74.41,310326.65,132441.57,657319153.448307,5346918.978307009,-45443.509999999995,-5379104.730000012,-1.428e-05
2026-08-17 06:15:00 CST,1786918500000,74.4,74.46,74.29,74.33,114228.78,56238.14,658047298.3288212,186537.2968212366,-1752.5,-5380857.230000012,-1.428e-05
2026-08-17 06:30:00 CST,1786919400000,74.33,74.38,74.2,74.32,160600.35,65891.18,658410718.9847274,418105.63161826134,-28817.990000000005,-5409675.220000011,-1.428e-05
2026-08-17 06:45:00 CST,1786920300000,74.31,74.47,74.28,74.47,96047.14000000001,68331.55,658438963.1248,-330834.9677000046,40615.96,-5369059.260000011,-1.428e-05
2026-08-17 07:00:00 CST,1786921200000,74.47,74.55,74.41,74.41,108871.85,51895.619999999995,660371578.151174,746931.2787739038,-5080.610000000008,-5374139.870000011,-1.428e-05
2026-08-17 07:15:00 CST,1786922100000,74.42,74.54,74.41,74.49,75876.77,43647.28,660812337.4398,1132804.6596550941,11417.789999999999,-5362722.080000011,-1.428e-05
2026-08-17 07:30:00 CST,1786923000000,74.49,74.56,74.47,74.54,121390.62,63804.77,662224386.8147787,1508769.42567873,6218.919999999998,-5356503.160000011,-1.428e-05
2026-08-17 07:45:00 CST,1786923900000,74.54,74.62,74.52,74.57,79668.0,44225.299999999996,664147514.4612,1044345.1375999451,8782.600000000002,-5347720.560000012,-1.428e-05
2026-08-17 08:00:00 CST,1786924800000,74.58,74.6,74.52,74.58,119538.73999999999,56008.85,663544420.7370534,-431542.2589466572,-7521.039999999997,-5355241.600000013,-4.738e-05
2026-08-17 08:15:00 CST,1786925700000,74.58,74.6,74.38,74.6,116829.84,58127.42,662282875.696,-1502464.1150000095,-575.0000000000073,-5355816.600000013,-4.738e-05
2026-08-17 08:30:00 CST,1786926600000,74.6,74.7,74.38,74.7,153479.41999999998,92315.84,663215974.585,-409523.00499999523,31152.25999999999,-5324664.340000013,-4.738e-05
2026-08-17 08:45:00 CST,1786927500000,74.7,74.7,74.49,74.58,124892.39,69474.7,662887164.9346,-986310.2975517511,14057.009999999991,-5310607.330000013,-4.738e-05
2026-08-17 09:00:00 CST,1786928400000,74.57,75.1,74.53,74.88,390817.88,215693.77,662883128.5861332,13934.715733289719,40569.66,-5270037.670000013,-4.738e-05
2026-08-17 09:15:00 CST,1786929300000,74.88,75.25,74.85,75.19,384628.79000000004,246204.65000000002,658215485.05,-3255200.1316589117,107780.50999999998,-5162257.160000013,-4.738e-05
2026-08-17 09:30:00 CST,1786930200000,75.2,75.32,75.1,75.25,226981.35,96555.83,656984214.5243453,-906303.2631061077,-33869.68999999999,-5196126.850000014,-4.738e-05
2026-08-17 09:45:00 CST,1786931100000,75.24,75.25,75.05,75.06,84276.59,33932.46,656489087.8589132,-1817124.2185868025,-16411.67,-5212538.5200000135,-4.738e-05
2026-08-17 10:00:00 CST,1786932000000,75.06,75.13,75.01,75.06,87088.24,35748.88,655565900.8339916,-248873.8498083353,-15590.480000000009,-5228129.000000014,-4.738e-05
2026-08-17 10:15:00 CST,1786932900000,75.06,75.2,75.01,75.16,59414.35,25895.269999999997,654771928.8697,-691617.5561000109,-7623.809999999998,-5235752.810000014,-4.738e-05
2026-08-17 10:30:00 CST,1786933800000,75.15,75.41,75.09,75.33,284511.05,164522.89,655810759.0309783,528989.7513782978,44534.73000000001,-5191218.080000013,-4.738e-05
2026-08-17 10:45:00 CST,1786934700000,75.32,75.55,75.29,75.45,309550.68,157853.36,654072123.4666,-1360911.5417000055,6156.0400000000045,-5185062.040000013,-4.738e-05
2026-08-17 11:00:00 CST,1786935600000,75.45,75.51,75.43,75.5,130578.34,64720.20999999999,654664627.8719,-454010.7508096695,-1137.9199999999983,-5186199.960000013,-4.738e-05
2026-08-17 11:15:00 CST,1786936500000,75.5,75.55,75.41,75.45,176247.55,82407.04000000001,651462609.0676,-2756120.802399993,-11433.470000000001,-5197633.430000014,-4.738e-05
2026-08-17 11:30:00 CST,1786937400000,75.44,75.51,75.42,75.48,114035.11,70237.24,649670160.7632,-1491589.9802999496,26439.370000000003,-5171194.060000014,-4.738e-05
2026-08-17 11:45:00 CST,1786938300000,75.48,75.55,75.42,75.48,106130.98,44044.38,650306384.8278388,502986.6151820421,-18042.22,-5189236.280000014,-4.738e-05
2026-08-17 12:00:00 CST,1786939200000,75.48,75.59,75.46,75.57,122054.29999999999,62983.42999999999,647155208.9833037,-1326199.1446963549,3912.5599999999977,-5185323.720000015,-4.738e-05
2026-08-17 12:15:00 CST,1786940100000,75.57,75.57,75.49,75.51,58181.71,23755.33,646965156.1959,-371072.271600008,-10671.049999999996,-5195994.770000015,-4.738e-05
2026-08-17 12:30:00 CST,1786941000000,75.5,75.53,75.45,75.47,76399.22,27500.760000000002,646961521.7865784,-59230.6084215641,-21397.7,-5217392.470000015,-4.738e-05
2026-08-17 12:45:00 CST,1786941900000,75.47,75.53,75.45,75.52,73317.31999999999,24574.47,646265485.8692,-703885.2942999601,-24168.379999999997,-5241560.8500000145,-4.738e-05
2026-08-17 13:00:00 CST,1786942800000,75.52,75.54,75.41,75.48,144205.00999999998,50754.92,645059673.936636,-1598116.54859066,-42695.17,-5284256.020000014,-4.738e-05
2026-08-17 13:15:00 CST,1786943700000,75.47,75.58,75.45,75.46,65442.69,34875.29,646573115.2965,940800.9117000103,4307.889999999994,-5279948.130000015,-4.738e-05
2026-08-17 13:30:00 CST,1786944600000,75.45,75.47,75.42,75.43,46151.44,16369.330000000002,645305046.9636,-420032.7745999098,-13412.779999999997,-5293360.910000014,-4.738e-05
2026-08-17 13:45:00 CST,1786945500000,75.42,75.46,75.36,75.38,143295.18,35688.61,643893422.7086858,-1334016.0979117155,-71917.95999999999,-5365278.870000013,-4.738e-05
2026-08-17 14:00:00 CST,1786946400000,75.38,75.46,75.32,75.44,134040.8,70588.79999999999,643242215.987,240166.01156818867,7136.799999999996,-5358142.070000013,-4.738e-05
2026-08-17 14:15:00 CST,1786947300000,75.43,75.56,75.41,75.45,140230.4,76696.7,644102718.6624,993499.8900279999,13162.999999999996,-5344979.070000012,-4.738e-05
2026-08-17 14:30:00 CST,1786948200000,75.44,75.6,75.43,75.6,95907.54999999999,56990.14,643973391.95,128181.61922383308,18072.73,-5326906.340000013,-4.738e-05
2026-08-17 14:45:00 CST,1786949100000,75.59,75.99,75.59,75.8,518337.51999999996,351906.36,644095169.1448003,-1082691.9422997236,185475.2,-5141431.140000014,-4.738e-05
2026-08-17 15:00:00 CST,1786950000000,75.81,75.94,75.76,75.78,195158.84999999998,101980.36,646194492.898,1271267.8675587177,8801.869999999999,-5132629.2700000135,-4.738e-05
2026-08-17 15:15:00 CST,1786950900000,75.78,75.84,75.71,75.84,120500.59,63806.08,645280789.844,-618479.1995999813,7111.57,-5125517.700000013,-4.738e-05
2026-08-17 15:30:00 CST,1786951800000,75.84,75.86,75.78,75.78,87387.21,38333.39,645579356.1894,-242155.92900002003,-10720.43,-5136238.130000014,-4.738e-05
2026-08-17 15:45:00 CST,1786952700000,75.78,75.8,75.7,75.74,86329.67000000001,30485.600000000002,644024575.2989,-1266283.3018233776,-25358.47,-5161596.600000014,-4.738e-05
2026-08-17 16:00:00 CST,1786953600000,75.74,75.78,75.45,75.51,183818.9,65308.08000000001,641537931.07,-2612170.962499976,-53202.73999999999,-5214799.340000013,4.746e-05
2026-08-17 16:15:00 CST,1786954500000,75.52,75.53,75.28,75.36,304462.57999999996,151732.88,638551693.39,-2733254.3988000154,-996.820000000007,-5215796.160000012,4.746e-05
2026-08-17 16:30:00 CST,1786955400000,75.36,75.43,75.26,75.28,140666.02,71421.28,640694014.0804,-318965.62430000305,2176.5400000000045,-5213619.620000012,4.746e-05
2026-08-17 16:45:00 CST,1786956300000,75.27,75.3,75.13,75.2,190665.68,92705.9,639769386.089,-962903.2062000036,-5253.879999999997,-5218873.500000011,4.746e-05
2026-08-17 17:00:00 CST,1786957200000,75.2,75.37,75.18,75.35,108675.85,67079.77,641789911.7609451,1312164.4969450235,25483.690000000002,-5193389.810000011,4.746e-05
2026-08-17 17:15:00 CST,1786958100000,75.36,75.39,75.23,75.34,63627.87,28937.87,641350027.0164,-1347322.7532000542,-5752.130000000003,-5199141.940000012,4.746e-05
2026-08-17 17:30:00 CST,1786959000000,75.34,75.35,75.26,75.27,48700.22,15356.309999999998,641683106.4368675,-330876.624132514,-17987.600000000002,-5217129.540000011,4.746e-05
2026-08-17 17:45:00 CST,1786959900000,75.27,75.34,75.21,75.31,71229.51000000001,39250.79000000001,642093267.9028,650158.4995999336,7272.0700000000015,-5209857.470000012,4.746e-05
2026-08-17 18:00:00 CST,1786960800000,75.3,75.36,75.28,75.34,81486.94,57355.17,641124182.9096,-891851.5429887772,33223.399999999994,-5176634.070000012,4.746e-05
2026-08-17 18:15:00 CST,1786961700000,75.34,75.48,75.26,75.48,105765.45,52504.53,641786972.826,-221390.63199996948,-756.390000000003,-5177390.460000012,4.746e-05
2026-08-17 18:30:00 CST,1786962600000,75.49,75.75,75.45,75.73,281790.61,158725.96,645591362.0202166,2584652.6422365904,35661.31,-5141729.1500000125,4.746e-05
2026-08-17 18:45:00 CST,1786963500000,75.74,75.78,75.67,75.74,145360.4,57862.25,647472530.5389,-129250.3100411892,-29635.899999999994,-5171365.050000013,4.746e-05
2026-08-17 19:00:00 CST,1786964400000,75.73,75.77,75.7,75.71,101591.1,45208.29,648901730.1,858669.311800003,-11174.520000000002,-5182539.570000013,4.746e-05
2026-08-17 19:15:00 CST,1786965300000,75.7,75.75,75.65,75.73,106454.65,50131.94,649151263.1180003,707183.9714607,-6190.77,-5188730.340000013,4.746e-05
2026-08-17 19:30:00 CST,1786966200000,75.74,75.83,75.71,75.78,111512.13999999998,66792.91,649575583.3392,444448.52760005,22073.680000000015,-5166656.660000012,4.746e-05
2026-08-17 19:45:00 CST,1786967100000,75.78,75.89,75.63,75.65,185098.3,96282.92,648698236.1733891,-612796.2681108713,7467.540000000001,-5159189.120000012,4.746e-05
2026-08-17 20:00:00 CST,1786968000000,75.66,75.67,75.5,75.58,154995.26,93203.0,647304314.7116,-2322794.063199997,31410.740000000013,-5127778.380000012,4.746e-05
2026-08-17 20:15:00 CST,1786968900000,75.58,75.59,75.36,75.36,187175.44,85832.66,649624208.5648322,739199.202132225,-15510.119999999995,-5143288.500000012,4.746e-05
2026-08-17 20:30:00 CST,1786969800000,75.36,75.47,75.29,75.36,109071.70000000001,59470.69,647879743.8120549,-751262.411145091,9869.679999999993,-5133418.820000012,4.746e-05
2026-08-17 20:45:00 CST,1786970700000,75.36,75.43,75.33,75.39,95068.51000000001,58753.09,648474234.2337,350280.195299983,22437.669999999995,-5110981.150000012,4.746e-05
2026-08-17 21:00:00 CST,1786971600000,75.4,75.41,75.27,75.36,146591.27,58180.08,646690276.397,-1903101.2549413443,-30231.110000000004,-5141212.260000011,4.746e-05
2026-08-17 21:15:00 CST,1786972500000,75.36,75.37,75.25,75.27,88277.17000000001,41654.33,646326415.389,-729346.5286999941,-4968.510000000002,-5146180.770000011,4.746e-05
2026-08-17 21:30:00 CST,1786973400000,75.27,75.75,75.25,75.6,322501.54,169184.18,651032910.4713,4476425.13530004,15866.820000000014,-5130313.950000011,4.746e-05
2026-08-17 21:45:00 CST,1786974300000,75.59,75.71,75.52,75.58,240459.0,96513.42000000001,647747246.8962,-2933027.1498305798,-47432.16000000001,-5177746.110000012,4.746e-05
2026-08-17 22:00:00 CST,1786975200000,75.59,75.65,75.45,75.61,124587.68,61148.91,647021116.434,-341532.2497999668,-2289.859999999997,-5180035.970000013,4.746e-05
2026-08-17 22:15:00 CST,1786976100000,75.62,75.68,75.5,75.59,92796.58,37660.59,647509388.2942,-109739.6686000824,-17475.40000000001,-5197511.370000013,4.746e-05
2026-08-17 22:30:00 CST,1786977000000,75.59,75.7,75.54,75.64,85169.63,42947.56,646759449.5546,-280102.9894000292,725.489999999998,-5196785.880000014,4.746e-05
2026-08-17 22:45:00 CST,1786977900000,75.64,76.0,75.56,75.94,365287.77,233458.63,650377923.1968,3070462.022372246,101629.49000000002,-5095156.390000014,4.746e-05
2026-08-17 23:00:00 CST,1786978800000,75.94,75.99,75.81,75.84,190375.47999999998,85999.35,652665745.4953,-389037.6359523535,-18376.78,-5113533.170000013,4.746e-05
2026-08-17 23:15:00 CST,1786979700000,75.83,75.95,75.75,75.9,149968.97000000003,76437.93,652970682.5113,-153074.1478999853,2906.8899999999885,-5110626.280000013,4.746e-05
2026-08-17 23:30:00 CST,1786980600000,75.9,76.06,75.82,76.01,192945.95,119876.08,654430901.718,931745.1359131336,46806.21000000001,-5063820.070000013,4.746e-05
2026-08-17 23:45:00 CST,1786981500000,76.01,76.2,75.99,76.06,283941.95999999996,147273.57,656890789.3709404,1411841.9529361725,10605.180000000015,-5053214.890000014,4.746e-05
2026-08-18 00:00:00 CST,1786982400000,76.06,76.09,75.94,75.96,180130.68,78724.07,655781580.498,-549973.7875823975,-22682.539999999986,-5075897.430000014,-1.69e-05
2026-08-18 00:15:00 CST,1786983300000,75.95,76.02,75.88,75.93,99668.36,38524.979999999996,656137142.6398,-370365.41900002956,-22618.399999999994,-5098515.830000014,-1.69e-05
2026-08-18 00:30:00 CST,1786984200000,75.93,76.08,75.93,75.96,111536.86,53549.35,657695358.8065,1494834.1395999193,-4438.159999999996,-5102953.990000014,-1.69e-05
2026-08-18 00:45:00 CST,1786985100000,75.97,76.08,75.91,75.96,91359.83,36467.42,657406687.1787891,396728.78678917885,-18424.989999999998,-5121378.980000014,-1.69e-05
2026-08-18 01:00:00 CST,1786986000000,75.97,75.99,75.75,75.75,94005.36,30766.4,656364944.3727536,-1082472.148146391,-32472.559999999998,-5153851.540000015,-1.69e-05
2026-08-18 01:15:00 CST,1786986900000,75.75,76.08,75.73,75.86,158456.2,84664.17,657169581.7004712,1948621.778995037,10872.14,-5142979.400000016,-1.69e-05
2026-08-18 01:30:00 CST,1786987800000,75.85,75.9,75.65,75.83,145620.64,75479.31,655278207.1128592,-802416.2567408085,5337.98,-5137641.420000017,-1.69e-05
2026-08-18 01:45:00 CST,1786988700000,75.83,75.92,75.83,75.87,70194.44,43330.549999999996,655698461.6753,511932.64079999924,16466.66,-5121174.7600000175,-1.69e-05
2026-08-18 02:00:00 CST,1786989600000,75.87,75.91,75.81,75.88,117830.24,61110.14,655834598.7692,316225.02119994164,4390.039999999994,-5116784.720000018,-1.69e-05
2026-08-18 02:15:00 CST,1786990500000,75.87,76.14,75.87,75.99,199739.3,129591.3,660396851.9688,3958625.1971999407,59443.3,-5057341.420000018,-1.69e-05
2026-08-18 02:30:00 CST,1786991400000,75.99,76.0,75.86,75.94,94955.47,51721.91,659161195.5630379,-686637.2270864248,8488.349999999999,-5048853.070000017,-1.69e-05
2026-08-18 02:45:00 CST,1786992300000,75.94,75.95,75.84,75.86,73431.81,35474.81,658513237.0932,-917049.7496423721,-2482.1900000000023,-5051335.260000017,-1.69e-05
2026-08-18 03:00:00 CST,1786993200000,75.86,75.87,75.74,75.75,64666.59,19595.03,658292007.7427031,-27230.63087117672,-25476.53,-5076811.790000017,-1.69e-05
2026-08-18 03:15:00 CST,1786994100000,75.74,75.86,75.73,75.81,48606.939999999995,26147.38,658448927.7807,685150.2877172232,3687.819999999998,-5073123.970000017,-1.69e-05
2026-08-18 03:30:00 CST,1786995000000,75.82,75.92,75.72,75.88,67958.98000000001,40141.91,658344481.774327,-219005.819272995,12324.84,-5060799.130000018,-1.69e-05
2026-08-18 03:45:00 CST,1786995900000,75.87,75.87,75.7,75.77,65811.29000000001,30529.12,658447760.7316,-1132554.5114744902,-4753.050000000001,-5065552.180000017,-1.69e-05
2026-08-18 04:00:00 CST,1786996800000,75.77,75.77,75.64,75.67,83943.56,40045.11,657757331.2108718,-638767.5775282383,-3853.3399999999965,-5069405.520000018,-1.69e-05
2026-08-18 04:15:00 CST,1786997700000,75.67,75.79,75.59,75.77,120583.94,64014.340000000004,656968056.0957,332061.152821064,7444.740000000002,-5061960.780000018,-1.69e-05
2026-08-18 04:30:00 CST,1786998600000,75.77,76.02,75.73,76.02,146517.15,97363.76999999999,658110866.4652731,771138.5547094345,48210.39000000001,-5013750.390000017,-1.69e-05
2026-08-18 04:45:00 CST,1786999500000,76.01,76.07,75.88,75.96,95935.78000000001,36479.479999999996,658125199.1915987,-1634350.3848013878,-22976.820000000003,-5036727.210000017,-1.69e-05
2026-08-18 05:00:00 CST,1787000400000,75.95,76.02,75.85,75.91,61526.2,25261.600000000002,658386714.5537,109772.96563982964,-11002.999999999998,-5047730.210000017,-1.69e-05
2026-08-18 05:15:00 CST,1787001300000,75.9,75.96,75.87,75.87,27838.04,13774.31,657010301.5276,-382718.1074999571,-289.4200000000005,-5048019.630000018,-1.69e-05
2026-08-18 05:30:00 CST,1787002200000,75.87,75.94,75.84,75.92,46630.0,27241.27,657017786.0381434,70904.38910639286,7852.540000000001,-5040167.090000018,-1.69e-05
2026-08-18 05:45:00 CST,1787003100000,75.91,75.94,75.9,75.91,20854.3,9533.98,656969692.3381,-10769.893731951714,-1786.3400000000001,-5041953.430000017,-1.69e-05
2026-08-18 06:00:00 CST,1787004000000,75.91,76.0,75.82,75.84,61764.52,26933.640000000003,657684680.9736,530555.1051946878,-7897.239999999998,-5049850.670000017,-1.69e-05
2026-08-18 06:15:00 CST,1787004900000,75.84,75.86,75.76,75.76,42007.490000000005,18426.41,657865593.2475868,539483.7915868759,-5154.670000000002,-5055005.340000017,-1.69e-05
2026-08-18 06:30:00 CST,1787005800000,75.77,75.79,75.71,75.72,45750.130000000005,20696.11,657098292.7818,-94027.76664578915,-4357.91,-5059363.250000016,-1.69e-05
2026-08-18 06:45:00 CST,1787006700000,75.72,75.74,75.68,75.71,31830.36,14888.25,656484178.914,-212303.34329998493,-2053.8599999999997,-5061417.110000016,-1.69e-05
2026-08-18 07:00:00 CST,1787007600000,75.7,75.83,75.67,75.8,76390.09,41394.49,657301741.6212,713261.0249999762,6398.889999999996,-5055018.2200000165,-1.69e-05
2026-08-18 07:15:00 CST,1787008500000,75.8,75.95,75.79,75.95,65933.31,37316.55,657348698.952175,247531.8302435875,8699.790000000005,-5046318.4300000165,-1.69e-05
2026-08-18 07:30:00 CST,1787009400000,75.94,76.09,75.9,75.93,126782.73,66449.34,658137914.2523857,-68858.85961425304,6115.950000000003,-5040202.480000016,-1.69e-05
2026-08-18 07:45:00 CST,1787010300000,75.93,76.01,75.9,75.99,74804.84,42286.79,658665640.6938614,776419.6960490942,9768.740000000002,-5030433.740000016,-1.69e-05
2026-08-18 08:00:00 CST,1787011200000,75.98,76.02,75.89,75.97,106129.64,55033.41,657352609.3888,-899652.0736999512,3937.180000000002,-5026496.560000016,3.077e-05
2026-08-18 08:15:00 CST,1787012100000,75.97,76.05,75.95,75.96,92829.76,39325.99,658204530.5363326,40146.13292443752,-14177.779999999995,-5040674.340000017,3.077e-05
2026-08-18 08:30:00 CST,1787013000000,75.96,75.96,75.82,75.86,95835.8,46084.69,656312051.6504123,-1674330.6366223097,-3666.420000000002,-5044340.760000017,3.077e-05
2026-08-18 08:45:00 CST,1787013900000,75.86,76.02,75.83,76.01,64811.979999999996,39601.94,657275976.6634326,1201156.7792025805,14391.900000000001,-5029948.860000016,3.077e-05
2026-08-18 09:00:00 CST,1787014800000,76.01,76.02,75.85,75.92,94389.12,39069.56,657433418.6336,-791041.8874000311,-16249.999999999998,-5046198.860000016,3.077e-05
2026-08-18 09:15:00 CST,1787015700000,75.91,75.93,75.81,75.82,49945.21000000001,20803.399999999998,657050163.508205,-462445.7621949911,-8338.41,-5054537.270000016,3.077e-05
2026-08-18 09:30:00 CST,1787016600000,75.82,75.84,75.72,75.73,65048.130000000005,29696.39,655688151.1860801,-602242.7414199114,-5655.349999999999,-5060192.620000017,3.077e-05
2026-08-18 09:45:00 CST,1787017500000,75.74,75.74,75.53,75.58,278406.68,105178.62,651975230.844,-2784738.7933875322,-68049.44,-5128242.060000016,3.077e-05
2026-08-18 10:00:00 CST,1787018400000,75.57,75.62,75.43,75.45,174728.41999999998,74398.3,649446822.211,-695599.8217999935,-25931.820000000007,-5154173.880000016,3.077e-05
2026-08-18 10:15:00 CST,1787019300000,75.44,75.53,75.37,75.37,136668.39,66552.5,648603342.7002,-92384.09298539162,-3563.390000000014,-5157737.270000015,3.077e-05
2026-08-18 10:30:00 CST,1787020200000,75.37,75.45,75.3,75.33,186464.16,93579.01000000001,648431246.9896492,862893.3144863844,693.8600000000006,-5157043.410000015,3.077e-05
2026-08-18 10:45:00 CST,1787021100000,75.33,75.39,75.16,75.24,323760.29000000004,132939.21,646947502.106316,-896999.879083991,-57881.869999999995,-5214925.280000016,3.077e-05
2026-08-18 11:00:00 CST,1787022000000,75.24,75.36,75.21,75.3,105895.5,57646.310000000005,646162461.1755,-282778.07410776615,9397.12,-5205528.160000017,3.077e-05
2026-08-18 11:15:00 CST,1787022900000,75.29,75.41,75.28,75.36,129221.26,72765.98000000001,647471250.2574775,1877891.7933593988,16310.699999999997,-5189217.460000017,3.077e-05
2026-08-18 11:30:00 CST,1787023800000,75.36,75.5,75.27,75.48,111116.06999999999,63604.57,649336776.0089,1508362.5562149286,16093.069999999996,-5173124.390000016,3.077e-05
2026-08-18 11:45:00 CST,1787024700000,75.48,75.49,75.41,75.45,66433.20000000001,36074.979999999996,648956745.1123126,-573163.929887414,5716.759999999998,-5167407.630000016,3.077e-05
2026-08-18 12:00:00 CST,1787025600000,75.46,75.64,75.36,75.63,140788.97999999998,83502.73999999999,650377182.6486,1445355.4548133612,26216.499999999993,-5141191.130000016,3.077e-05
2026-08-18 12:15:00 CST,1787026500000,75.63,75.68,75.56,75.67,73580.13,33237.42,649285072.4613,-847567.2294000387,-7105.2900000000045,-5148296.420000016,3.077e-05
2026-08-18 12:30:00 CST,1787027400000,75.66,75.77,75.66,75.75,85808.81999999999,45262.45,651207875.348203,783601.9087029696,4716.080000000005,-5143580.340000016,3.077e-05
2026-08-18 12:45:00 CST,1787028300000,75.74,75.8,75.73,75.8,57934.17,33424.46,652084980.2554419,499325.1364454031,8914.75,-5134665.590000016,3.077e-05
2026-08-18 13:00:00 CST,1787029200000,75.8,75.93,75.72,75.88,154607.03,79723.91,653278928.4712,1323509.9202777147,4840.789999999994,-5129824.800000016,3.077e-05
2026-08-18 13:15:00 CST,1787030100000,75.89,75.9,75.73,75.74,97273.79999999999,31201.11,653905423.754,-655970.8614045382,-34871.58,-5164696.380000017,3.077e-05
2026-08-18 13:30:00 CST,1787031000000,75.73,75.79,75.53,75.78,189528.89,92091.49,650237224.8179767,-2925142.84947443,-5345.91,-5170042.290000018,3.077e-05
2026-08-18 13:45:00 CST,1787031900000,75.77,75.78,75.68,75.69,54487.229999999996,19527.699999999997,651544963.4207599,134085.34022939205,-15431.830000000002,-5185474.120000018,3.077e-05
2026-08-18 14:00:00 CST,1787032800000,75.69,75.77,75.6,75.73,83482.44,34799.33,651327428.9196191,234931.77067124844,-13883.78,-5199357.900000018,3.077e-05
2026-08-18 14:15:00 CST,1787033700000,75.73,75.95,75.72,75.92,171999.90000000002,111341.47,652786866.7544,825612.5191999674,50683.03999999999,-5148674.860000017,3.077e-05
2026-08-18 14:30:00 CST,1787034600000,75.92,76.01,75.89,75.99,145080.47999999998,89436.33,653826252.7337272,-376460.1494728327,33792.18,-5114882.680000017,3.077e-05
2026-08-18 14:45:00 CST,1787035500000,76.0,76.01,75.85,75.98,117764.54000000001,67675.79000000001,653557281.2316,-1055273.6083999872,17587.039999999994,-5097295.640000017,3.077e-05
2026-08-18 15:00:00 CST,1787036400000,75.98,76.14,75.96,76.14,156157.49,80649.41,656502544.1352,1473384.902099967,5141.330000000002,-5092154.310000018,3.077e-05
2026-08-18 15:15:00 CST,1787037300000,76.14,76.24,75.97,75.98,248537.72,121370.13999999998,658682211.1398,776182.2630000114,-5797.440000000006,-5097951.750000018,3.077e-05
2026-08-18 15:30:00 CST,1787038200000,75.97,76.11,75.95,76.01,123995.76999999999,57610.549999999996,660086500.4053313,1975174.6675976515,-8774.670000000006,-5106726.420000017,3.077e-05
2026-08-18 15:45:00 CST,1787039100000,76.01,76.06,75.9,76.06,151339.30000000002,81073.22,658886682.975,-781798.8500999212,10807.14,-5095919.280000017,3.077e-05
2026-08-18 16:00:00 CST,1787040000000,76.06,76.09,75.8,75.86,235750.78000000003,107383.3,659408885.478,-704412.0555999279,-20984.179999999993,-5116903.460000017,-4.037e-05
2026-08-18 16:15:00 CST,1787040900000,75.85,75.96,75.83,75.88,83178.02,44122.149999999994,660959021.5278403,1207775.6346638203,5066.279999999993,-5111837.180000017,-4.037e-05
2026-08-18 16:30:00 CST,1787041800000,75.87,76.07,75.84,75.99,104921.41,69018.54,661886377.2396,913834.8359999657,33115.67,-5078721.510000017,-4.037e-05
2026-08-18 16:45:00 CST,1787042700000,75.99,76.15,75.9,76.13,127286.94,66888.93,662838348.977,858654.1507999897,6490.919999999998,-5072230.590000018,-4.037e-05
2026-08-18 17:00:00 CST,1787043600000,76.12,76.12,76.01,76.07,67044.95999999999,30190.62,662185287.331595,-1041717.8517050743,-6663.7199999999975,-5078894.310000017,-4.037e-05
2026-08-18 17:15:00 CST,1787044500000,76.06,76.07,75.86,75.87,76392.74,33892.03,661017947.9978637,-1320100.595336318,-8608.680000000004,-5087502.990000017,-4.037e-05
2026-08-18 17:30:00 CST,1787045400000,75.87,75.96,75.84,75.89,75697.16,37505.520000000004,661854025.6445469,848484.8471468687,-686.119999999999,-5088189.110000017,-4.037e-05
2026-08-18 17:45:00 CST,1787046300000,75.89,75.93,75.84,75.9,41711.63,17588.239999999998,660900759.248,-267871.8408999443,-6535.150000000001,-5094724.2600000175,-4.037e-05
2026-08-18 18:00:00 CST,1787047200000,75.9,75.95,75.84,75.88,61015.64,33106.42,660091679.9052,-568236.225646019,5197.199999999999,-5089527.060000017,-4.037e-05
2026-08-18 18:15:00 CST,1787048100000,75.88,75.91,75.77,75.79,61371.43,32775.630000000005,659006828.194,-942926.1720000505,4179.830000000002,-5085347.230000017,-4.037e-05
2026-08-18 18:30:00 CST,1787049000000,75.79,75.87,75.78,75.84,52406.64,25087.739999999998,658553930.2368,-66428.99554204941,-2231.1600000000017,-5087578.390000017,-4.037e-05
2026-08-18 18:45:00 CST,1787049900000,75.84,75.86,75.8,75.8,37479.86,21714.11,657725419.1256,-582687.1272000074,5948.359999999999,-5081630.030000017,-4.037e-05
2026-08-18 19:00:00 CST,1787050800000,75.81,76.04,75.78,76.04,122305.17,73637.87,658818890.2311,1323169.9644241333,24970.570000000003,-5056659.460000017,-4.037e-05
2026-08-18 19:15:00 CST,1787051700000,76.04,76.43,76.02,76.23,420564.80999999994,255305.92,663554071.1043,3684340.059100032,90047.03000000003,-4966612.4300000165,-4.037e-05
2026-08-18 19:30:00 CST,1787052600000,76.24,76.42,76.2,76.35,185924.63,97785.36,664877058.874765,2098195.1030347347,9646.089999999997,-4956966.340000017,-4.037e-05
2026-08-18 19:45:00 CST,1787053500000,76.35,76.38,76.26,76.28,72540.98,32502.78,664757134.79,336760.30760002136,-7535.419999999998,-4964501.7600000175,-4.037e-05
2026-08-18 20:00:00 CST,1787054400000,76.29,76.49,76.29,76.34,264263.9,152531.8,668492306.4430546,3772869.7255518436,40799.700000000004,-4923702.060000018,-4.037e-05
2026-08-18 20:15:00 CST,1787055300000,76.34,76.36,76.2,76.27,77628.2,35440.32,668104063.9824681,-1665612.1080431938,-6747.559999999998,-4930449.620000019,-4.037e-05
2026-08-18 20:30:00 CST,1787056200000,76.27,76.3,76.21,76.24,76825.07,36021.32,668999535.3783886,470603.18418860435,-4782.43,-4935232.050000019,-4.037e-05
2026-08-18 20:45:00 CST,1787057100000,76.23,76.36,76.21,76.21,104584.16999999998,46235.18,670201510.3652253,1153643.1692253351,-12113.809999999994,-4947345.86000002,-4.037e-05
2026-08-18 21:00:00 CST,1787058000000,76.22,76.22,76.1,76.12,121607.79000000001,49792.22,668003101.9884,-1500518.195691824,-22023.350000000002,-4969369.2100000195,-4.037e-05
2026-08-18 21:15:00 CST,1787058900000,76.12,76.15,76.05,76.07,93387.22,40101.82,667071761.6118115,-576397.397688508,-13183.580000000005,-4982552.79000002,-4.037e-05
2026-08-18 21:30:00 CST,1787059800000,76.06,76.26,76.01,76.1,218954.33,108456.06000000001,668025774.3618,1688112.0751595497,-2042.2099999999846,-4984595.0000000205,-4.037e-05
2026-08-18 21:45:00 CST,1787060700000,76.1,76.21,76.01,76.18,133217.58,67122.58,665442107.9499,-1295008.298385501,1027.5800000000017,-4983567.42000002,-4.037e-05
2026-08-18 22:00:00 CST,1787061600000,76.18,76.32,76.09,76.14,145184.14,82034.5,668469068.4572555,1358035.6607391834,18884.859999999997,-4964682.56000002,-4.037e-05
2026-08-18 22:15:00 CST,1787062500000,76.15,77.05,76.14,76.98,854588.77,522626.13,672579475.1031284,5231460.355528474,190663.49000000008,-4774019.07000002,-4.037e-05
2026-08-18 22:30:00 CST,1787063400000,76.98,77.32,76.75,76.79,761144.87,401733.36000000004,686462504.5577,7151839.690994978,42321.84999999998,-4731697.22000002,-4.037e-05
2026-08-18 22:45:00 CST,1787064300000,76.78,76.94,76.73,76.76,194713.77999999997,100133.84,688147675.7946045,1124271.2932033539,5553.9000000000015,-4726143.320000021,-4.037e-05
2026-08-18 23:00:00 CST,1787065200000,76.77,77.02,76.76,76.91,215048.21,118445.24,689540317.7442,1634228.922600031,21842.27000000001,-4704301.05000002,-4.037e-05
2026-08-18 23:15:00 CST,1787066100000,76.91,77.02,76.83,77.0,198375.21,105043.25,689260498.4772,-534760.2365000248,11711.290000000015,-4692589.760000021,-4.037e-05
2026-08-18 23:30:00 CST,1787067000000,77.0,77.09,76.96,77.04,150688.45,74020.17,690565173.3106,505931.9006000757,-2648.1100000000006,-4695237.8700000215,-4.037e-05
2026-08-18 23:45:00 CST,1787067900000,77.04,77.23,76.99,77.17,195324.22999999998,92974.32,691970912.27,1385260.352415681,-9375.589999999997,-4704613.460000021,-4.037e-05
2026-08-19 00:00:00 CST,1787068800000,77.17,77.3,77.02,77.04,269471.07,115403.92,694310531.4938,1652610.2088831663,-38663.23000000001,-4743276.690000022,0.0001
2026-08-19 00:15:00 CST,1787069700000,77.04,77.05,76.82,76.86,195274.44999999998,74747.03,694661944.3134,-588548.5290999413,-45780.39,-4789057.0800000215,0.0001
2026-08-19 00:30:00 CST,1787070600000,76.86,77.09,76.82,76.99,120752.20000000001,74109.38,695033628.787,927421.4413999319,27466.559999999994,-4761590.520000022,0.0001
2026-08-19 00:45:00 CST,1787071500000,76.98,77.14,76.94,77.05,82526.47,43281.83,694415330.8992,-552540.9700000286,4037.1899999999987,-4757553.3300000215,0.0001
2026-08-19 01:00:00 CST,1787072400000,77.05,77.06,76.89,76.93,68124.68,26944.92,694090874.8674,-815031.6563555002,-14234.840000000002,-4771788.170000022,0.0001
2026-08-19 01:15:00 CST,1787073300000,76.94,76.97,76.85,76.91,71507.54000000001,24905.99,694189485.5463413,74606.9377412796,-21695.56,-4793483.730000022,0.0001
2026-08-19 01:30:00 CST,1787074200000,76.91,77.0,76.85,76.96,117945.85,61837.600000000006,695847310.5612317,1609523.3629775047,5729.3499999999985,-4787754.380000021,0.0001
2026-08-19 01:45:00 CST,1787075100000,76.97,77.0,76.86,76.86,74633.49,23274.120000000003,695630700.0790365,7516.312836527824,-28085.250000000004,-4815839.630000021,0.0001
2026-08-19 02:00:00 CST,1787076000000,76.87,77.08,76.84,77.08,77060.35,40669.22,696811716.37,1647303.6160000563,4278.089999999993,-4811561.540000021,0.0001
2026-08-19 02:15:00 CST,1787076900000,77.08,77.27,77.07,77.22,117886.14,70135.37000000001,700838824.3493,3204739.8274999857,22384.600000000002,-4789176.940000022,0.0001
2026-08-19 02:30:00 CST,1787077800000,77.23,77.28,77.09,77.11,136042.79,56586.119999999995,701475603.1825911,103622.82579112053,-22870.55000000001,-4812047.490000023,0.0001
2026-08-19 02:45:00 CST,1787078700000,77.1,77.26,77.09,77.24,75061.62,43665.25,701296243.4851067,448128.27550673485,12268.880000000001,-4799778.610000023,0.0001
2026-08-19 03:00:00 CST,1787079600000,77.24,77.26,77.14,77.19,100269.62,42668.77,701273796.2558225,-328748.9837434292,-14932.079999999996,-4814710.690000024,0.0001
2026-08-19 03:15:00 CST,1787080500000,77.19,77.39,77.15,77.33,160606.7,101535.49,702008293.033763,252097.28366303444,42464.28,-4772246.410000023,0.0001
2026-08-19 03:30:00 CST,1787081400000,77.32,77.34,77.15,77.16,82055.98000000001,30646.53,701372618.8026402,-1934372.7207597494,-20762.920000000002,-4793009.330000024,0.0001
2026-08-19 03:45:00 CST,1787082300000,77.16,77.19,77.04,77.14,101971.23000000001,50829.06,699063584.8495,-1841662.4045000076,-313.1100000000042,-4793322.440000024,0.0001
2026-08-19 04:00:00 CST,1787083200000,77.15,77.2,77.02,77.17,87970.85,49390.270000000004,699998979.8544,-17756.309099912643,10809.690000000006,-4782512.750000023,0.0001
2026-08-19 04:15:00 CST,1787084100000,77.18,77.18,76.9,76.97,122310.99,54257.020000000004,698070351.6038183,-2772116.87198174,-13796.95,-4796309.700000024,0.0001
2026-08-19 04:30:00 CST,1787085000000,76.96,77.1,76.87,76.88,140579.83,69087.31,698050398.43,527718.9451999664,-2405.2100000000028,-4798714.910000024,0.0001
2026-08-19 04:45:00 CST,1787085900000,76.87,76.92,76.69,76.84,276980.55,140027.94,693688069.2004,-2441651.2660000324,3075.329999999998,-4795639.580000024,0.0001
2026-08-19 05:00:00 CST,1787086800000,76.85,77.09,76.84,76.97,131284.36,88017.41,694496213.2322295,948976.3488270044,44750.46,-4750889.120000024,0.0001
2026-08-19 05:15:00 CST,1787087700000,76.97,77.01,76.9,76.92,43539.47,23740.56,694377702.4266582,65129.207458138466,3941.6500000000005,-4746947.470000024,0.0001
2026-08-19 05:30:00 CST,1787088600000,76.92,76.99,76.89,76.91,68873.56,43632.09,693287531.8012,-171777.64277410507,18390.619999999995,-4728556.850000024,0.0001
2026-08-19 05:45:00 CST,1787089500000,76.9,76.98,76.87,76.97,42337.34,18771.36,693031242.3216,176377.60537397861,-4794.620000000002,-4733351.470000023,0.0001
2026-08-19 06:00:00 CST,1787090400000,76.97,77.14,76.91,77.06,117070.17000000001,69477.97,694117827.48,817759.1811000109,21885.770000000004,-4711465.700000023,0.0001
2026-08-19 06:15:00 CST,1787091300000,77.06,77.09,76.96,77.03,93406.56,47549.19,695944559.6824313,-43999.470168709755,1691.8199999999997,-4709773.880000023,0.0001
2026-08-19 06:30:00 CST,1787092200000,77.03,77.19,77.0,77.02,138736.24000000002,79561.59,697834324.2208,907673.146400094,20386.939999999995,-4689386.940000024,0.0001
2026-08-19 06:45:00 CST,1787093100000,77.02,77.02,76.85,76.92,77154.41,38655.840000000004,695293480.8497175,-1651941.4580825567,157.27000000000044,-4689229.670000024,0.0001
2026-08-19 07:00:00 CST,1787094000000,76.93,77.13,76.91,77.06,100187.14000000001,55680.689999999995,697799904.6465,1471599.7611695528,11174.240000000003,-4678055.430000024,0.0001
2026-08-19 07:15:00 CST,1787094900000,77.07,77.14,77.03,77.07,62527.28,40528.270000000004,698371683.5732,108350.77820003033,18529.260000000002,-4659526.170000024,0.0001
2026-08-19 07:30:00 CST,1787095800000,77.07,77.21,77.07,77.13,114581.36,63371.799999999996,698497774.6098444,209675.0144507885,12162.23999999999,-4647363.930000025,0.0001
2026-08-19 07:45:00 CST,1787096700000,77.13,77.17,77.0,77.03,47200.0,22911.34,698480983.8699,-766994.9832999706,-1377.3200000000015,-4648741.250000025,0.0001
2026-08-19 08:00:00 CST,1787097600000,77.03,77.07,76.85,76.86,146392.81999999998,69219.65,697164472.5620704,-872610.639729619,-7953.5199999999895,-4656694.770000026,0.0001
2026-08-19 08:15:00 CST,1787098500000,76.85,77.01,76.78,76.93,100756.98,57112.869999999995,696891315.7541704,441955.5382980108,13468.759999999991,-4643226.010000025,0.0001
2026-08-19 08:30:00 CST,1787099400000,76.93,77.02,76.91,76.94,53696.229999999996,27267.43,696876434.6895804,495754.10798048973,838.6299999999974,-4642387.380000025,0.0001
2026-08-19 08:45:00 CST,1787100300000,76.95,77.06,76.87,76.88,109112.04999999999,54433.27,697877835.7687346,1683983.9437345266,-245.51000000000568,-4642632.890000025,0.0001
2026-08-19 09:00:00 CST,1787101200000,76.87,77.04,76.81,76.93,220594.87,118530.41,698330372.6295,2225477.8833096027,16465.949999999997,-4626166.940000025,0.0001
2026-08-19 09:15:00 CST,1787102100000,76.93,76.95,76.67,76.81,234617.12,109376.9,696484579.6068,-1932185.9149608612,-15863.319999999992,-4642030.260000025,0.0001
2026-08-19 09:30:00 CST,1787103000000,76.81,76.81,76.68,76.71,122229.5,60162.18000000001,695034130.8003668,-921483.878341794,-1905.1399999999994,-4643935.4000000255,0.0001
2026-08-19 09:45:00 CST,1787103900000,76.71,76.81,76.67,76.77,142156.32,93918.0,693187942.556,-1855031.859637618,45679.67999999998,-4598255.720000026,0.0001
2026-08-19 10:00:00 CST,1787104800000,76.77,76.81,76.68,76.77,92477.49,47420.93,692203858.905,-613091.6528999805,2364.369999999999,-4595891.350000026,0.0001
2026-08-19 10:15:00 CST,1787105700000,76.77,76.86,76.66,76.85,99072.5,64738.4,691655788.0865061,-1265100.4414938688,30404.3,-4565487.050000025,0.0001
2026-08-19 10:30:00 CST,1787106600000,76.85,76.89,76.77,76.78,58706.62,25464.28,692469760.7452645,317219.38276457787,-7778.060000000001,-4573265.110000025,0.0001
2026-08-19 10:45:00 CST,1787107500000,76.78,76.84,76.71,76.78,51817.06,25610.62,691661621.2236,183486.48059999943,-595.8200000000006,-4573860.930000025,0.0001
2026-08-19 11:00:00 CST,1787108400000,76.78,76.89,76.67,76.89,88347.94,42261.07,690725908.4874,-1220569.6674000025,-3825.800000000003,-4577686.730000025,0.0001
2026-08-19 11:15:00 CST,1787109300000,76.88,77.08,76.88,76.98,113845.55,60175.83,693417077.4336,1343738.2147562504,6506.109999999997,-4571180.620000024,0.0001
2026-08-19 11:30:00 CST,1787110200000,76.97,77.06,76.92,77.01,71620.23999999999,31761.840000000004,693739535.6275252,187831.86398363113,-8096.559999999998,-4579277.180000025,0.0001
2026-08-19 11:45:00 CST,1787111100000,77.01,77.06,76.94,76.96,51891.52,18520.96,694283491.900529,-182077.41687095165,-14849.599999999999,-4594126.780000025,0.0001
2026-08-19 12:00:00 CST,1787112000000,76.96,77.0,76.92,76.97,45920.42,21577.050000000003,694470488.0619402,324855.4518569708,-2766.319999999996,-4596893.100000026,0.0001
2026-08-19 12:15:00 CST,1787112900000,76.97,77.11,76.96,77.04,69314.07,36483.43,695234290.5970881,654307.4106880426,3652.7899999999972,-4593240.310000026,0.0001
2026-08-19 12:30:00 CST,1787113800000,77.04,77.06,76.86,76.9,66574.29000000001,31281.059999999998,693917098.1834,-771206.265119791,-4012.1700000000037,-4597252.480000026,0.0001
2026-08-19 12:45:00 CST,1787114700000,76.9,76.92,76.76,76.83,131613.31,63265.380000000005,691552972.0927,-1332252.168200016,-5082.549999999996,-4602335.030000026,0.0001
2026-08-19 13:00:00 CST,1787115600000,76.83,77.04,76.82,76.97,126822.85999999999,69848.22,692709249.4382,1291995.5638722181,12873.579999999998,-4589461.450000027,0.0001
2026-08-19 13:15:00 CST,1787116500000,76.97,76.99,76.8,76.92,78678.66,31289.76,691664016.8402662,-1448846.6415337324,-16099.139999999998,-4605560.590000027,0.0001
2026-08-19 13:30:00 CST,1787117400000,76.92,76.94,76.84,76.86,39325.53,16242.93,691164964.5759,-862797.8217000961,-6839.670000000002,-4612400.260000027,0.0001
2026-08-19 13:45:00 CST,1787118300000,76.85,76.86,76.73,76.77,97449.65,34983.369999999995,690817283.4311,-173293.13890004158,-27482.910000000003,-4639883.170000027,0.0001
2026-08-19 14:00:00 CST,1787119200000,76.77,76.8,76.59,76.62,142617.9,59961.5,687877521.5696,-2543133.2791000605,-22694.90000000001,-4662578.070000026,0.0001
2026-08-19 14:15:00 CST,1787120100000,76.62,76.93,76.61,76.83,174448.46,98428.40000000001,690490372.3572,3453879.299960971,22408.340000000015,-4640169.7300000265,0.0001
2026-08-19 14:30:00 CST,1787121000000,76.82,76.92,76.71,76.91,146711.08,76770.37000000001,690745348.825,717473.0548920631,6829.660000000018,-4633340.070000027,0.0001
2026-08-19 14:45:00 CST,1787121900000,76.92,77.15,76.91,77.05,211458.34000000003,109737.34,694684167.7308422,3030822.6636422873,8016.339999999989,-4625323.730000028,0.0001
2026-08-19 15:00:00 CST,1787122800000,77.05,77.07,76.91,77.06,92028.45,49160.45,693781270.8843,-1191885.0837000608,6292.450000000001,-4619031.280000029,0.0001
2026-08-19 15:15:00 CST,1787123700000,77.06,77.06,76.92,76.96,50141.869999999995,28498.74,694035154.8899,-625695.9103000164,6855.610000000004,-4612175.670000029,0.0001
2026-08-19 15:30:00 CST,1787124600000,76.96,77.04,76.94,76.95,50964.8,33426.869999999995,695151281.4582,743872.7397999763,15888.94,-4596286.730000029,0.0001
2026-08-19 15:45:00 CST,1787125500000,76.94,77.06,76.91,76.92,82628.17,34920.83,696092506.3825392,960910.8719781637,-12786.509999999993,-4609073.240000029,0.0001
2026-08-19 16:00:00 CST,1787126400000,76.92,77.08,76.87,77.02,158347.13,88679.68000000001,696124513.0282,406023.3712904453,19012.23,-4590061.010000029,9.206e-05
2026-08-19 16:15:00 CST,1787127300000,77.01,77.19,76.99,77.16,147672.7,84359.17,696295989.2553,1043300.3588513136,21045.639999999992,-4569015.370000029,9.206e-05
2026-08-19 16:30:00 CST,1787128200000,77.15,77.65,77.11,77.43,578559.17,348760.74,702634414.4573871,6116941.6421871185,118962.30999999997,-4450053.060000028,9.206e-05
2026-08-19 16:45:00 CST,1787129100000,77.43,77.51,77.34,77.35,410452.13,139319.82,703610852.3136,1284918.6948190928,-131812.49,-4581865.550000029,9.206e-05
2026-08-19 17:00:00 CST,1787130000000,77.35,77.46,77.31,77.35,132475.35,72830.15,701291820.5656993,-872565.6407914162,13184.950000000012,-4568680.6000000285,9.206e-05
2026-08-19 17:15:00 CST,1787130900000,77.36,77.41,77.27,77.28,91409.52,48740.09,701039313.8564,-851335.1715999842,6070.66,-4562609.940000028,9.206e-05
2026-08-19 17:30:00 CST,1787131800000,77.29,77.32,77.18,77.22,94146.62,44982.89,700438347.93,-317729.1036000252,-4180.8399999999965,-4566790.780000028,9.206e-05
2026-08-19 17:45:00 CST,1787132700000,77.22,77.3,77.19,77.27,60523.17,36148.81,700283746.1018,-470548.7150000334,11774.449999999997,-4555016.330000029,9.206e-05
2026-08-19 18:00:00 CST,1787133600000,77.27,77.28,77.19,77.23,50131.72,23074.370000000003,698713044.4556714,-1463050.5820689201,-3982.9799999999987,-4558999.310000028,9.206e-05
2026-08-19 18:15:00 CST,1787134500000,77.23,77.29,77.18,77.22,50074.92999999999,30465.42,698608972.074,-195451.33752048016,10855.910000000003,-4548143.400000027,9.206e-05
2026-08-19 18:30:00 CST,1787135400000,77.22,77.35,77.19,77.32,40884.57,23245.34,699097884.3796,414591.5597000122,5606.110000000002,-4542537.290000027,9.206e-05
2026-08-19 18:45:00 CST,1787136300000,77.32,77.35,77.24,77.34,60170.740000000005,28190.010000000002,699533021.546,-95392.50760960579,-3790.720000000003,-4546328.010000027,9.206e-05
2026-08-19 19:00:00 CST,1787137200000,77.35,77.57,77.33,77.52,178478.49,107093.98000000001,702099840.4854,1494192.7433999777,35709.47000000001,-4510618.540000026,9.206e-05
2026-08-19 19:15:00 CST,1787138100000,77.53,77.59,77.46,77.55,167354.19,84534.55,704332511.2434659,917843.4562659264,1714.9100000000035,-4508903.630000025,9.206e-05
2026-08-19 19:30:00 CST,1787139000000,77.56,77.57,77.43,77.43,169651.12,24453.85,701525188.5775,-2495250.5259159803,-120743.41999999998,-4629647.050000025,9.206e-05
2026-08-19 19:45:00 CST,1787139900000,77.44,77.54,77.43,77.5,66420.76999999999,36471.97,702480222.165,965991.7768988609,6523.170000000002,-4623123.880000025,9.206e-05
2026-08-19 20:00:00 CST,1787140800000,77.51,77.53,77.39,77.42,99214.42000000001,49887.89,701740773.4212319,-728973.1679483652,561.3599999999933,-4622562.520000026,9.206e-05
2026-08-19 20:15:00 CST,1787141700000,77.42,77.5,77.39,77.47,59367.62000000001,36724.33,702148176.4555,638870.2156807184,14081.039999999997,-4608481.480000025,9.206e-05
2026-08-19 20:30:00 CST,1787142600000,77.48,78.08,77.47,78.04,631612.87,396910.66000000003,705528911.0028868,2954164.7164868116,162208.45,-4446273.030000024,9.206e-05
2026-08-19 20:45:00 CST,1787143500000,78.04,78.76,77.97,78.37,1100011.46,584513.6300000001,714302095.2772,3683876.8425791264,69015.80000000003,-4377257.230000024,9.206e-05
2026-08-19 21:00:00 CST,1787144400000,78.37,78.38,78.13,78.27,345274.77,187111.24,718313217.2298498,1677726.390549779,28947.709999999992,-4348309.520000024,9.206e-05
2026-08-19 21:15:00 CST,1787145300000,78.26,78.53,78.26,78.47,233459.94,126127.5,720851868.2482057,2700133.044105649,18795.05999999999,-4329514.460000024,9.206e-05
2026-08-19 21:30:00 CST,1787146200000,78.47,78.66,78.27,78.46,526295.61,242881.2,721874533.2571,-274708.35762536526,-40533.20999999999,-4370047.670000024,9.206e-05
2026-08-19 21:45:00 CST,1787147100000,78.46,78.56,78.29,78.36,362379.75,143231.8,724270822.2439421,762479.2814928293,-75916.15000000001,-4445963.8200000245,9.206e-05
2026-08-19 22:00:00 CST,1787148000000,78.37,78.65,78.31,78.58,277754.01,128674.74,732045842.0432,1606506.2694000006,-20404.53,-4466368.350000025,9.206e-05
2026-08-19 22:15:00 CST,1787148900000,78.58,78.75,78.45,78.49,264457.15,106636.81,731686097.237,-434008.7116999626,-51183.53000000001,-4517551.880000024,9.206e-05
2026-08-19 22:30:00 CST,1787149800000,78.49,79.06,78.41,78.99,536585.6799999999,329269.39,732097485.4084,1223029.4031653404,121953.10000000003,-4395598.780000024,9.206e-05
2026-08-19 22:45:00 CST,1787150700000,78.98,80.97,78.95,80.84,2322358.41,1380297.43,737784651.9264,3312759.4247072935,438236.44999999995,-3957362.3300000234,9.206e-05
2026-08-19 23:00:00 CST,1787151600000,80.84,82.1,80.63,81.34,2170416.23,1149874.23,743051052.9211456,4717083.896091223,129332.22999999998,-3828030.100000024,9.206e-05
2026-08-19 23:15:00 CST,1787152500000,81.34,83.04,80.84,81.97,2373550.75,1250212.59,737433738.8139265,-2354897.6530735493,126874.43000000017,-3701155.670000023,9.206e-05
2026-08-19 23:30:00 CST,1787153400000,81.97,82.58,81.5,82.27,1245073.8800000001,620946.37,740865361.8971099,5418644.887409925,-3181.140000000014,-3704336.8100000233,9.206e-05
2026-08-19 23:45:00 CST,1787154300000,82.27,82.33,81.55,81.8,783533.0800000001,320871.49,738107855.1929282,-4125777.5268718004,-141790.10000000003,-3846126.9100000234,9.206e-05
2026-08-20 00:00:00 CST,1787155200000,81.8,82.38,81.63,81.86,580499.93,275594.47,747547952.9,7248739.352940202,-29310.989999999976,-3875437.9000000237,4.058e-05
2026-08-20 00:15:00 CST,1787156100000,81.86,82.14,81.75,82.07,349831.28,179716.59999999998,746969892.6373,868621.0695607662,9601.919999999984,-3865835.9800000237,4.058e-05
2026-08-20 00:30:00 CST,1787157000000,82.06,82.07,81.74,81.85,334915.54000000004,150186.31,748331330.9580444,-831834.0388555527,-34542.92000000002,-3900378.9000000237,4.058e-05
2026-08-20 00:45:00 CST,1787157900000,81.84,81.95,81.52,81.56,357186.39,168648.36,746019467.48,-350997.28515934944,-19889.669999999984,-3920268.5700000236,4.058e-05
2026-08-20 01:00:00 CST,1787158800000,81.55,81.62,81.32,81.35,314270.56000000006,131987.74,741546158.3560817,-1349585.3505624533,-50295.08,-3970563.6500000237,4.058e-05
2026-08-20 01:15:00 CST,1787159700000,81.34,81.38,81.02,81.24,326434.03,143197.53999999998,739197452.3456414,-1502172.334358573,-40038.950000000026,-4010602.600000024,4.058e-05
2026-08-20 01:30:00 CST,1787160600000,81.24,81.43,80.96,81.42,208116.67,122185.79999999999,740745687.5,130070.86313068867,36254.92999999999,-3974347.670000024,4.058e-05
2026-08-20 01:45:00 CST,1787161500000,81.43,81.73,81.41,81.63,255421.77999999997,153471.57,743488221.5051609,605074.0675609112,51521.360000000015,-3922826.3100000243,4.058e-05
2026-08-20 02:00:00 CST,1787162400000,81.63,81.69,81.22,81.49,201568.57,97496.99,740635285.6562,-2560436.3806991577,-6574.589999999982,-3929400.9000000246,4.058e-05
2026-08-20 02:15:00 CST,1787163300000,81.48,81.99,81.45,81.95,242281.95,156893.19,742999090.9571649,1007321.199264884,71504.43,-3857896.470000025,4.058e-05
2026-08-20 02:30:00 CST,1787164200000,81.95,82.18,81.89,82.13,296761.82,175026.71,744688347.7434,-1262618.048939705,53291.600000000006,-3804604.870000025,4.058e-05
2026-08-20 02:45:00 CST,1787165100000,82.12,82.28,82.04,82.25,182382.30000000002,97691.06,747850991.0736763,520817.5916763544,12999.82,-3791605.050000025,4.058e-05
2026-08-20 03:00:00 CST,1787166000000,82.26,82.41,81.98,82.02,268335.29,131767.4,748243336.414,-1268206.1449706554,-4800.489999999991,-3796405.540000025,4.058e-05
2026-08-20 03:15:00 CST,1787166900000,82.03,82.5,82.02,82.17,296940.93,148717.1,747910246.862788,1358864.6838778257,493.26999999998225,-3795912.270000025,4.058e-05
2026-08-20 03:30:00 CST,1787167800000,82.17,82.31,82.06,82.26,170148.61,82761.8,748202765.9687198,1541764.6487197876,-4625.010000000009,-3800537.280000025,4.058e-05
2026-08-20 03:45:00 CST,1787168700000,82.27,82.42,82.19,82.34,175367.65000000002,91599.34999999999,747769555.3896,-445918.79709994793,7831.049999999996,-3792706.2300000247,4.058e-05
2026-08-20 04:00:00 CST,1787169600000,82.34,82.48,82.25,82.4,176373.4,93427.87,748293419.9895,100750.6971000433,10482.34,-3782223.8900000253,4.058e-05
2026-08-20 04:15:00 CST,1787170500000,82.39,82.54,82.29,82.49,201958.25,119429.35999999999,749318161.6696405,1323907.1852405071,36900.469999999994,-3745323.4200000255,4.058e-05
2026-08-20 04:30:00 CST,1787171400000,82.49,82.65,82.43,82.58,165000.14,90590.21,748670372.3389494,19562.517449498177,16180.280000000013,-3729143.1400000257,4.058e-05
2026-08-20 04:45:00 CST,1787172300000,82.59,84.4,82.53,83.71,2037044.56,1162909.31,749381269.6477197,1003096.103243351,288774.05999999994,-3440369.0800000257,4.058e-05
2026-08-20 05:00:00 CST,1787173200000,83.71,87.3,83.7,86.1,2863725.16,1599970.4900000002,754565151.792061,8949989.45106101,336215.81999999995,-3104153.260000026,4.058e-05
2026-08-20 05:15:00 CST,1787174100000,86.1,87.2,85.89,86.99,706731.6699999999,340623.86,747915349.7344,669546.2738535404,-25483.95000000001,-3129637.210000026,4.058e-05
2026-08-20 05:30:00 CST,1787175000000,86.99,87.2,86.2,86.62,440035.57999999996,199418.88,744193783.9098,-7730700.010199904,-41197.81999999996,-3170835.030000026,4.058e-05
2026-08-20 05:45:00 CST,1787175900000,86.62,87.22,86.41,86.63,364595.44999999995,167979.68,748930880.1146,2064300.8602999449,-28636.089999999982,-3199471.1200000257,4.058e-05
2026-08-20 06:00:00 CST,1787176800000,86.63,86.84,85.56,85.74,882189.1,423640.44,744363301.5975,-4618713.516900063,-34908.22000000003,-3234379.3400000255,4.058e-05
2026-08-20 06:15:00 CST,1787177700000,85.74,86.06,85.31,85.34,460401.25,212903.67,744928813.767,1528196.197099924,-34593.91,-3268973.2500000256,4.058e-05
2026-08-20 06:30:00 CST,1787178600000,85.34,85.97,84.9,85.67,593258.51,289837.0,747437928.8455912,6036398.022214651,-13584.510000000053,-3282557.7600000254,4.058e-05
2026-08-20 06:45:00 CST,1787179500000,85.66,85.67,85.09,85.48,434900.17,203865.18,742360897.8613191,-3915707.8156934977,-27169.809999999983,-3309727.5700000254,4.058e-05
2026-08-20 07:00:00 CST,1787180400000,85.48,85.58,85.31,85.36,251078.66,104463.56999999999,745194888.965191,26070.793300628662,-42151.520000000004,-3351879.090000025,4.058e-05
2026-08-20 07:15:00 CST,1787181300000,85.35,85.53,85.26,85.43,194686.40999999997,102174.81,744888387.3778156,-359688.3437844515,9663.210000000014,-3342215.880000025,4.058e-05
2026-08-20 07:30:00 CST,1787182200000,85.43,85.76,85.13,85.61,302772.74,153141.18,745550581.5258579,-546747.0394480228,3509.6199999999953,-3338706.260000025,4.058e-05
2026-08-20 07:45:00 CST,1787183100000,85.6,85.62,85.02,85.37,201549.46000000002,99627.33,743417805.8175,-3472900.849767685,-2294.7999999999884,-3341001.060000025,4.058e-05
2026-08-20 08:00:00 CST,1787184000000,85.37,85.68,85.29,85.48,280605.01,135874.00999999998,746144065.671803,1811751.948802948,-8856.99000000002,-3349858.050000025,0.0001
2026-08-20 08:15:00 CST,1787184900000,85.49,85.78,85.4,85.62,213296.12,115334.79999999999,746076284.92,1795239.251399994,17373.479999999996,-3332484.5700000245,0.0001
2026-08-20 08:30:00 CST,1787185800000,85.61,85.7,85.37,85.48,216676.66000000003,98836.42,746496866.8258091,191559.830209136,-19003.820000000007,-3351488.3900000243,0.0001
2026-08-20 08:45:00 CST,1787186700000,85.49,85.67,84.89,84.99,393922.12,183453.2,739871863.3548,-4667195.055832624,-27015.72,-3378504.110000024,0.0001
2026-08-20 09:00:00 CST,1787187600000,85.0,85.13,84.63,84.8,326339.27,154055.69,737641730.6398,-2820742.878200054,-18227.889999999978,-3396732.000000024,0.0001
2026-08-20 09:15:00 CST,1787188500000,84.81,84.98,84.66,84.76,237406.90999999997,96466.31,740817340.16,1881243.8377668858,-44474.29,-3441206.2900000243,0.0001
2026-08-20 09:30:00 CST,1787189400000,84.75,85.06,84.69,85.06,132794.69,75925.85,740895677.0358,2251221.71299994,19057.010000000002,-3422149.2800000245,0.0001
2026-08-20 09:45:00 CST,1787190300000,85.06,85.4,85.05,85.36,168431.06,107070.99999999999,742072423.134,748921.4984999895,45710.93999999999,-3376438.3400000245,0.0001
2026-08-20 10:00:00 CST,1787191200000,85.36,85.44,85.15,85.29,125319.39,66832.88,741073724.6420307,-1607101.5115692616,8346.369999999992,-3368091.9700000244,0.0001
2026-08-20 10:15:00 CST,1787192100000,85.29,85.35,85.05,85.06,101099.07,45033.61,739858685.2013841,-1612310.20738101,-11031.849999999999,-3379123.820000024,0.0001
2026-08-20 10:30:00 CST,1787193000000,85.07,85.11,84.85,84.86,91715.68,30998.71,737859719.0324,-1340160.512161374,-29718.26,-3408842.0800000243,0.0001
2026-08-20 10:45:00 CST,1787193900000,84.85,84.87,84.68,84.76,150889.19,77699.0,735564050.94,-1170008.4653999805,4508.809999999998,-3404333.2700000242,0.0001
2026-08-20 11:00:00 CST,1787194800000,84.76,84.78,83.97,84.22,523043.24,214155.72999999998,724848781.5591,-11345014.75089991,-94731.78000000003,-3499065.0500000245,0.0001
2026-08-20 11:15:00 CST,1787195700000,84.23,84.61,84.22,84.27,187691.15,94878.81,725273434.893756,1516896.734556079,2066.470000000001,-3496998.5800000248,0.0001
2026-08-20 11:30:00 CST,1787196600000,84.27,84.57,84.26,84.52,108854.73,53770.97,725844886.6284517,1448219.5750516653,-1312.7900000000009,-3498311.370000025,0.0001
2026-08-20 11:45:00 CST,1787197500000,84.51,84.69,84.47,84.48,109874.92000000001,51035.869999999995,727582683.7066,761537.4540582895,-7803.179999999997,-3506114.5500000245,0.0001
2026-08-20 12:00:00 CST,1787198400000,84.48,84.72,84.46,84.61,111618.0,54544.61,728757129.5718,1602403.1210106611,-2528.779999999999,-3508643.3300000243,0.0001
2026-08-20 12:15:00 CST,1787199300000,84.62,84.7,84.48,84.53,122929.79,53421.45,727008501.5064,-1011594.6874258518,-16086.89,-3524730.2200000244,0.0001
2026-08-20 12:30:00 CST,1787200200000,84.54,84.62,84.41,84.59,122612.6,59459.18,726414857.0540141,-113074.59318590164,-3694.2400000000016,-3528424.460000024,0.0001
2026-08-20 12:45:00 CST,1787201100000,84.6,84.96,84.59,84.82,172719.98,104950.76999999999,730285945.0589782,2408474.6783782244,37181.56000000001,-3491242.900000024,0.0001
2026-08-20 13:00:00 CST,1787202000000,84.83,84.98,84.8,84.85,118943.36000000002,70844.91,730737331.4164,695712.0573495626,22746.460000000003,-3468496.4400000246,0.0001
2026-08-20 13:15:00 CST,1787202900000,84.85,85.07,84.84,84.89,104048.23999999999,54502.70999999999,732116655.443,2163247.219456911,4957.180000000004,-3463539.2600000245,0.0001
2026-08-20 13:30:00 CST,1787203800000,84.9,85.03,84.87,84.99,65842.95,37498.03,729901393.3341469,-21331.449088573456,9153.109999999999,-3454386.1500000246,0.0001
2026-08-20 13:45:00 CST,1787204700000,84.99,84.99,84.79,84.94,113586.3,58809.81999999999,727724625.2717,-2852507.9310022593,4033.3399999999965,-3450352.8100000247,0.0001
2026-08-20 14:00:00 CST,1787205600000,84.94,84.96,84.69,84.79,243528.07,103046.72,723663720.0287104,-4394281.492802024,-37434.63,-3487787.440000025,0.0001
2026-08-20 14:15:00 CST,1787206500000,84.8,85.48,84.76,85.44,501141.03,320285.36,723433166.581887,93088.24351406097,139429.68999999997,-3348357.750000025,0.0001
2026-08-20 14:30:00 CST,1787207400000,85.44,85.82,85.27,85.77,447840.49,279039.38,725524026.6180104,-1150511.9356496334,110238.26999999999,-3238119.480000025,0.0001
2026-08-20 14:45:00 CST,1787208300000,85.77,85.92,85.7,85.91,233608.79000000004,134481.5,724490833.99813,-2280128.837870002,35354.20999999999,-3202765.270000025,0.0001
2026-08-20 15:00:00 CST,1787209200000,85.9,86.02,85.79,85.91,248901.90000000002,152360.35,723565523.1610266,-827438.7645734549,55818.79999999999,-3146946.470000025,0.0001
2026-08-20 15:15:00 CST,1787210100000,85.91,86.08,85.77,86.01,171726.14,92275.41,720771349.295,-2050797.501758933,12824.68,-3134121.7900000247,0.0001
2026-08-20 15:30:00 CST,1787211000000,86.0,86.15,85.78,85.86,193166.35,106188.76999999999,720487037.2572081,-1661926.7068873644,19211.190000000017,-3114910.600000025,0.0001
2026-08-20 15:45:00 CST,1787211900000,85.86,86.19,85.8,86.16,177809.02,95962.36,721375597.1656873,1433466.9974139929,14115.700000000004,-3100794.9000000246,0.0001
2026-08-20 16:00:00 CST,1787212800000,86.16,87.53,86.03,87.44,829239.48,520696.85,723554598.2008024,2352490.137931466,212154.21999999997,-2888640.680000025,0.0001
2026-08-20 16:15:00 CST,1787213700000,87.43,87.66,87.01,87.55,844927.3999999999,479541.99,724857484.1266929,-3462197.3895756006,114156.57999999996,-2774484.1000000243,0.0001
2026-08-20 16:30:00 CST,1787214600000,87.55,87.91,87.36,87.9,695799.62,355763.53,729186468.7714949,137227.40509486198,15727.440000000002,-2758756.660000025,0.0001
2026-08-20 16:45:00 CST,1787215500000,87.89,87.99,87.48,87.51,491634.82999999996,257435.65000000002,726500724.8410822,-1455776.7435780764,23236.469999999987,-2735520.1900000246,0.0001
2026-08-20 17:00:00 CST,1787216400000,87.52,87.68,87.27,87.66,501980.74999999994,277822.19,721779711.5725816,-1512231.9178183079,53663.630000000034,-2681856.5600000247,0.0001
2026-08-20 17:15:00 CST,1787217300000,87.66,87.82,87.52,87.52,367027.88,191041.0,726991971.3861234,2398750.7923853397,15054.11999999998,-2666802.4400000246,0.0001
2026-08-20 17:30:00 CST,1787218200000,87.52,87.73,87.34,87.56,296013.56,125745.78,724636779.4409182,-143532.32282292843,-44522.0,-2711324.440000024,0.0001
2026-08-20 17:45:00 CST,1787219100000,87.56,87.61,87.08,87.33,282785.85,120187.25,721803522.8093531,-3249606.521584511,-42411.350000000006,-2753735.790000024,0.0001
2026-08-20 18:00:00 CST,1787220000000,87.33,87.57,87.2,87.54,188589.54,108264.28,725455683.8018869,1645865.8998869658,27939.020000000004,-2725796.770000024,0.0001
2026-08-20 18:15:00 CST,1787220900000,87.54,87.81,87.33,87.42,277293.94,143773.4,724891847.3867495,-565067.3188505173,10252.86,-2715543.9100000234,0.0001
2026-08-20 18:30:00 CST,1787221800000,87.43,87.45,87.07,87.11,179483.24,75568.43,722207078.0938028,-985932.2837971449,-28346.379999999997,-2743890.290000024,0.0001
2026-08-20 18:45:00 CST,1787222700000,87.11,87.49,86.98,87.45,221845.32,109172.85,723025924.6132982,2612226.1932982206,-3499.6200000000026,-2747389.910000024,0.0001
2026-08-20 19:00:00 CST,1787223600000,87.45,87.45,87.07,87.14,216017.58000000002,92346.63,723489556.5715303,-2820273.929788232,-31324.319999999992,-2778714.2300000237,0.0001
2026-08-20 19:15:00 CST,1787224500000,87.14,87.34,87.08,87.16,133952.28,61057.42,723158682.7901456,1026288.2093154192,-11837.439999999999,-2790551.6700000237,0.0001
2026-08-20 19:30:00 CST,1787225400000,87.16,88.12,87.12,87.72,563343.54,321975.78,729686199.2467477,6767309.576088309,80608.02000000002,-2709943.6500000237,0.0001
2026-08-20 19:45:00 CST,1787226300000,87.71,87.87,87.17,87.18,322713.07,128564.20000000001,723691159.5768,-2395734.5679018497,-65584.66999999998,-2775528.3200000236,0.0001
2026-08-20 20:00:00 CST,1787227200000,87.18,87.4,86.57,86.83,569957.02,252128.90000000002,713377803.2661,-7245877.957831264,-65699.21999999999,-2841227.540000024,0.0001
2026-08-20 20:15:00 CST,1787228100000,86.82,87.0,86.72,86.92,188963.43000000002,97072.89,715669005.6152,1860794.312605381,5182.3499999999985,-2836045.1900000237,0.0001
2026-08-20 20:30:00 CST,1787229000000,86.93,87.06,86.65,86.71,287651.36,126337.12,714520662.7532799,-747641.8107200861,-34977.12000000002,-2871022.310000024,0.0001
2026-08-20 20:45:00 CST,1787229900000,86.72,87.12,86.51,87.05,275760.95,149592.5,717270514.0736,3912427.129600048,23424.049999999996,-2847598.260000024,0.0001
2026-08-20 21:00:00 CST,1787230800000,87.06,87.34,87.0,87.27,223855.94999999998,108655.76999999999,720470579.2768358,3042628.939335823,-6544.409999999989,-2854142.6700000237,0.0001
2026-08-20 21:15:00 CST,1787231700000,87.28,87.48,86.94,87.03,293764.76,121385.95000000001,720578727.0773443,434173.8539839983,-50992.85999999999,-2905135.530000024,0.0001
2026-08-20 21:30:00 CST,1787232600000,87.03,87.03,86.16,86.76,766502.28,377177.57999999996,708666225.564,-10748156.792120695,-12147.120000000083,-2917282.650000024,0.0001
2026-08-20 21:45:00 CST,1787233500000,86.75,86.82,86.34,86.54,359263.58,141226.89,712247692.72,-550566.1458982229,-76809.79999999999,-2994092.4500000244,0.0001
2026-08-20 22:00:00 CST,1787234400000,86.55,86.86,86.42,86.57,238825.0,118129.47,712281556.4292864,1284187.008686304,-2566.059999999983,-2996658.5100000245,0.0001
2026-08-20 22:15:00 CST,1787235300000,86.57,86.59,86.18,86.29,297329.63,133986.65999999997,711682068.3311,-591339.5361075401,-29356.310000000012,-3026014.8200000245,0.0001
2026-08-20 22:30:00 CST,1787236200000,86.28,86.58,86.26,86.36,194074.77,109497.06,711466624.224,2013342.5795999765,24919.35,-3001095.4700000244,0.0001
2026-08-20 22:45:00 CST,1787237100000,86.37,86.6,86.13,86.6,240189.56,120424.81999999999,711543751.3275,1125789.0342652798,660.0799999999945,-3000435.3900000243,0.0001
2026-08-20 23:00:00 CST,1787238000000,86.59,87.34,86.54,87.01,464084.95,224739.57,716851799.1701697,3568347.9341697693,-14605.809999999983,-3015041.2000000244,0.0001
2026-08-20 23:15:00 CST,1787238900000,87.02,87.13,86.64,87.03,323510.52,163479.74,715764253.0176,-3529755.039796114,3448.9600000000064,-3011592.240000024,0.0001
2026-08-20 23:30:00 CST,1787239800000,87.03,87.33,86.71,86.82,305965.35000000003,136349.56,714367205.5734013,-3979568.7717986107,-33266.23,-3044858.470000024,0.0001
2026-08-20 23:45:00 CST,1787240700000,86.83,87.47,86.75,87.35,361310.4,206394.2,717892715.3443024,3991763.656281233,51478.000000000015,-2993380.470000024,0.0001
2026-08-21 00:00:00 CST,1787241600000,87.35,87.35,87.03,87.12,285454.74,139812.77000000002,717080294.3988434,-3276785.02265656,-5829.200000000012,-2999209.670000024,0.0001
2026-08-21 00:15:00 CST,1787242500000,87.13,87.22,86.84,87.1,225153.98,84717.23999999999,712411861.3084307,-2050696.2962499857,-55719.50000000001,-3054929.1700000237,0.0001
2026-08-21 00:30:00 CST,1787243400000,87.09,87.7,86.91,87.49,331763.75,176890.81,714821207.0947932,1023339.8577932119,22017.870000000024,-3032911.300000024,0.0001
2026-08-21 00:45:00 CST,1787244300000,87.48,87.85,87.36,87.74,333974.88,172732.69,716402156.9571209,150469.5821208954,11490.500000000007,-3021420.800000024,0.0001
2026-08-21 01:00:00 CST,1787245200000,87.73,87.86,87.32,87.38,268213.11,92339.33,716448864.4432,-3608097.2915745974,-83534.45000000001,-3104955.250000024,0.0001
2026-08-21 01:15:00 CST,1787246100000,87.38,87.66,87.26,87.58,154967.65,78023.66,715611474.6795,992472.6345000267,1079.6700000000055,-3103875.5800000243,0.0001
2026-08-21 01:30:00 CST,1787247000000,87.58,87.79,87.45,87.5,152689.37,75354.61,715610388.3358941,486705.1939100027,-1980.1499999999942,-3105855.7300000247,0.0001
2026-08-21 01:45:00 CST,1787247900000,87.5,87.92,87.45,87.47,188562.94,94485.76999999999,715899692.2886,1976028.1908346415,408.59999999999127,-3105447.130000025,0.0001
2026-08-21 02:00:00 CST,1787248800000,87.48,87.64,86.89,86.99,573672.63,227712.75999999998,707255771.43,-6381600.414000034,-118247.11000000002,-3223694.2400000254,0.0001
2026-08-21 02:15:00 CST,1787249700000,86.98,87.34,86.75,87.16,259672.34,126430.70999999999,709421703.3682631,2406588.8157861233,-6810.919999999995,-3230505.1600000253,0.0001
2026-08-21 02:30:00 CST,1787250600000,87.16,87.22,86.63,86.83,276222.43,106587.1,703054914.0004232,-4858150.158872843,-63048.229999999996,-3293553.3900000253,0.0001
2026-08-21 02:45:00 CST,1787251500000,86.83,87.09,86.81,86.82,142360.05,66986.17,705811396.2872,1947731.2273999453,-8387.709999999992,-3301941.1000000252,0.0001
2026-08-21 03:00:00 CST,1787252400000,86.83,87.37,86.81,87.14,226570.71,97367.78,706812806.1789081,2481333.9940080643,-31835.14999999999,-3333776.250000025,0.0001
2026-08-21 03:15:00 CST,1787253300000,87.15,87.45,87.12,87.27,147773.18,71456.31,708505160.3025,2459966.046000004,-4860.559999999998,-3338636.810000025,0.0001
2026-08-21 03:30:00 CST,1787254200000,87.26,87.5,87.09,87.4,185795.68,96792.65,708564878.745,940193.7021840811,7789.619999999988,-3330847.1900000256,0.0001
2026-08-21 03:45:00 CST,1787255100000,87.4,87.45,87.06,87.3,245401.54,130409.66,707831447.5292,-1540014.9457013607,15417.779999999999,-3315429.4100000258,0.0001
2026-08-21 04:00:00 CST,1787256000000,87.3,87.46,87.22,87.36,131007.01999999999,52072.22,708509288.0788733,1452225.3520733118,-26862.58,-3342291.9900000254,0.0001
2026-08-21 04:15:00 CST,1787256900000,87.36,87.46,87.24,87.41,219531.87,95157.45000000001,707925048.3225,-232968.97905182838,-29216.969999999994,-3371508.960000025,0.0001
2026-08-21 04:30:00 CST,1787257800000,87.41,87.68,87.4,87.51,213574.38999999998,102346.11,708975083.1908387,1408400.0548386574,-8882.169999999984,-3380391.130000025,0.0001
2026-08-21 04:45:00 CST,1787258700000,87.51,87.58,87.41,87.58,129758.71,47452.25,706693874.9145,-2492597.70630002,-34854.21000000001,-3415245.3400000255,0.0001
2026-08-21 05:00:00 CST,1787259600000,87.57,87.87,87.56,87.69,189038.76,75948.04999999999,707935747.3856,419401.93400001526,-37142.66,-3452388.0000000256,0.0001
2026-08-21 05:15:00 CST,1787260500000,87.69,87.81,87.4,87.44,122256.3,50011.42999999999,702847531.8232,-3070717.091899991,-22233.440000000002,-3474621.4400000256,0.0001
2026-08-21 05:30:00 CST,1787261400000,87.44,87.71,87.43,87.52,79187.81,42964.270000000004,702886031.3792342,31323.363820314407,6740.730000000003,-3467880.7100000256,0.0001
2026-08-21 05:45:00 CST,1787262300000,87.52,87.59,87.43,87.49,67804.24,29467.980000000003,702367585.244,-795472.4918068647,-8868.28,-3476748.9900000254,0.0001
2026-08-21 06:00:00 CST,1787263200000,87.49,87.5,87.23,87.37,204062.92,91552.16,703092198.843,453798.4986000061,-20958.600000000006,-3497707.5900000255,0.0001
2026-08-21 06:15:00 CST,1787264100000,87.37,87.59,87.24,87.45,145507.1,88159.27,705723922.5202367,2699097.6196495295,30811.440000000002,-3466896.1500000255,0.0001
2026-08-21 06:30:00 CST,1787265000000,87.45,87.48,87.21,87.23,105848.53,52436.130000000005,703333355.6588,-1731633.5796999931,-976.2700000000041,-3467872.420000026,0.0001
2026-08-21 06:45:00 CST,1787265900000,87.22,87.43,87.18,87.22,84794.73999999999,40706.22,703278228.4158427,1066851.3629426956,-3382.3000000000065,-3471254.720000026,0.0001
2026-08-21 07:00:00 CST,1787266800000,87.22,87.44,87.19,87.44,53099.92999999999,29779.870000000003,703274903.7146596,1711045.8862595558,6459.810000000001,-3464794.9100000258,0.0001
2026-08-21 07:15:00 CST,1787267700000,87.43,87.92,87.36,87.82,255413.65999999997,154974.15,704312233.6872,307942.36479997635,54534.64000000001,-3410260.2700000256,0.0001
2026-08-21 07:30:00 CST,1787268600000,87.83,87.99,87.53,87.6,176311.47,78808.93,704960514.9702609,-1718017.33893919,-18693.610000000008,-3428953.880000026,0.0001
2026-08-21 07:45:00 CST,1787269500000,87.6,87.72,87.55,87.63,125069.57999999999,60434.67,705075639.7766498,1319298.2924244404,-4200.239999999998,-3433154.120000026,0.0001
2026-08-21 08:00:00 CST,1787270400000,87.64,87.95,87.55,87.93,202933.9,124215.23,703829026.6048,-601233.7852189541,45496.560000000005,-3387657.5600000266,0.0001
2026-08-21 08:15:00 CST,1787271300000,87.93,88.79,87.75,88.38,756105.68,388377.9,715894189.3052335,8749841.244233489,20650.11999999998,-3367007.4400000265,0.0001
2026-08-21 08:30:00 CST,1787272200000,88.38,88.66,87.79,87.92,422899.86999999994,229828.18,710428368.152,-1924959.109448433,36756.490000000005,-3330250.9500000263,0.0001
2026-08-21 08:45:00 CST,1787273100000,87.92,88.43,87.79,88.21,252789.99,143019.93,712238029.4741577,3363569.8803499937,33249.869999999995,-3297001.080000026,0.0001
2026-08-21 09:00:00 CST,1787274000000,88.21,88.44,88.1,88.36,173393.62,83824.9,712943897.4581,850996.772300005,-5743.82,-3302744.900000026,0.0001
2026-08-21 09:15:00 CST,1787274900000,88.36,89.1,88.19,88.37,682520.6599999999,347331.63,711955672.7484,-1362743.4261000156,12142.599999999962,-3290602.300000026,0.0001
2026-08-21 09:30:00 CST,1787275800000,88.37,88.71,88.24,88.47,258125.54,142845.02,711832033.5014,-538222.6835000515,27564.500000000007,-3263037.800000026,0.0001
2026-08-21 09:45:00 CST,1787276700000,88.47,89.49,88.41,88.99,775364.24,407949.88,719888996.5908,7494784.725559711,40535.51999999999,-3222502.280000026,0.0001
2026-08-21 10:00:00 CST,1787277600000,89.0,89.79,88.48,89.18,768023.9500000001,408420.79,723818157.3853344,3824696.2553343773,48817.62999999995,-3173684.6500000255,0.0001
2026-08-21 10:15:00 CST,1787278500000,89.17,89.43,88.87,89.39,350326.05,187732.61,723195515.7735,751029.8080669641,25139.169999999984,-3148545.4800000256,0.0001
2026-08-21 10:30:00 CST,1787279400000,89.4,90.2,88.91,89.72,894787.56,483172.89,737351292.1189158,11021107.591858268,71558.22000000004,-3076987.2600000254,0.0001
2026-08-21 10:45:00 CST,1787280300000,89.72,89.73,89.12,89.25,390809.28,193634.94,732730415.368,-3567007.1342077255,-3539.399999999994,-3080526.6600000253,0.0001
2026-08-21 11:00:00 CST,1787281200000,89.25,89.38,88.73,89.11,335953.92,152622.11,728547425.0809737,-4231953.256626248,-30709.70000000001,-3111236.360000025,0.0001
2026-08-21 11:15:00 CST,1787282100000,89.11,89.4,88.9,89.36,194955.96000000002,91932.48999999999,731019740.876,1116146.542980671,-11090.98000000001,-3122327.340000025,0.0001
2026-08-21 11:30:00 CST,1787283000000,89.35,89.47,89.1,89.17,146076.37,73201.22,731329813.806367,-240107.20663297176,326.0699999999997,-3122001.270000025,0.0001
2026-08-21 11:45:00 CST,1787283900000,89.18,89.55,89.09,89.1,154977.46000000002,72914.52,732389481.4365015,1455947.80426538,-9148.419999999995,-3131149.690000025,0.0001
2026-08-21 12:00:00 CST,1787284800000,89.1,89.46,89.02,89.05,181153.88,85630.26999999999,733365515.5059928,1910448.0309927464,-9893.34,-3141043.030000025,0.0001
2026-08-21 12:15:00 CST,1787285700000,89.06,89.36,88.86,88.93,217478.45,93836.03,733012320.114838,1408304.225638032,-29806.389999999992,-3170849.420000025,0.0001
2026-08-21 12:30:00 CST,1787286600000,88.94,89.23,88.87,89.13,152622.82,78678.56,731977355.2423121,1178197.8751120567,4734.299999999999,-3166115.1200000253,0.0001
2026-08-21 12:45:00 CST,1787287500000,89.14,89.49,89.08,89.46,183058.83000000002,102929.83,737110676.7898879,4387342.125031352,22800.829999999994,-3143314.290000025,0.0001
2026-08-21 13:00:00 CST,1787288400000,89.47,89.68,89.17,89.61,170884.55,88504.54999999999,736944778.5350846,-705454.9646390676,6124.549999999996,-3137189.7400000254,0.0001
2026-08-21 13:15:00 CST,1787289300000,89.62,89.99,89.42,89.62,322938.36,165003.44,737185022.652,-915955.160400033,7068.5199999999895,-3130121.2200000254,0.0001
2026-08-21 13:30:00 CST,1787290200000,89.62,90.14,89.54,90.14,281025.98,165865.01,740258679.9179904,3543579.415127635,50704.04000000001,-3079417.1800000253,0.0001
2026-08-21 13:45:00 CST,1787291100000,90.14,90.73,90.1,90.41,592383.81,314223.66,742892106.7423937,2929777.333078623,36063.50999999995,-3043353.6700000255,0.0001
2026-08-21 14:00:00 CST,1787292000000,90.42,91.33,90.31,90.72,599912.1900000001,310368.27,746383202.425,3919962.3482162952,20824.34999999999,-3022529.3200000254,0.0001
2026-08-21 14:15:00 CST,1787292900000,90.72,90.85,90.0,90.05,369911.37,171693.26,736233752.581533,-8000653.625324845,-26524.85000000002,-3049054.1700000255,0.0001
2026-08-21 14:30:00 CST,1787293800000,90.05,90.45,90.02,90.04,286681.43,151186.13,738866339.11243,3122263.9594299793,15690.829999999987,-3033363.3400000255,0.0001
2026-08-21 14:45:00 CST,1787294700000,90.05,90.45,89.72,90.21,474441.07000000007,236030.84,735243748.8871826,-150364.93334329128,-2379.3899999999994,-3035742.730000025,0.0001
2026-08-21 15:00:00 CST,1787295600000,90.22,90.79,90.16,90.78,259958.24,138993.64,741737615.8508563,4777794.6235586405,18029.040000000008,-3017713.690000025,0.0001
2026-08-21 15:15:00 CST,1787296500000,90.78,91.19,90.16,90.27,649105.63,299205.67000000004,737558758.7665274,-5368538.046572566,-50694.29000000001,-3068407.980000025,0.0001
2026-08-21 15:30:00 CST,1787297400000,90.27,90.74,89.92,90.56,408171.24000000005,230159.88,735893418.368,-11051.86879992485,52148.51999999999,-3016259.4600000256,0.0001
2026-08-21 15:45:00 CST,1787298300000,90.56,90.71,90.3,90.41,206670.03000000003,106850.93000000001,735193360.9069163,-2598261.288783312,7031.8299999999945,-3009227.6300000255,0.0001
2026-08-21 16:00:00 CST,1787299200000,90.41,91.02,90.35,90.73,263720.86,144316.06,739509049.0990828,3462305.94234097,24911.259999999995,-2984316.3700000253,0.0001
2026-08-21 16:15:00 CST,1787300100000,90.74,91.56,90.7,91.37,709209.57,374183.77999999997,747523391.8815956,7600726.599595666,39157.99000000002,-2945158.3800000255,0.0001
2026-08-21 16:30:00 CST,1787301000000,91.38,92.19,91.24,92.14,755281.11,393764.49,753723492.3702,5283546.241091967,32247.869999999937,-2912910.510000026,0.0001
2026-08-21 16:45:00 CST,1787301900000,92.13,93.42,92.11,93.29,1139709.19,701732.17,763272092.9850627,7949523.630462766,263755.15,-2649155.360000026,0.0001
2026-08-21 17:00:00 CST,1787302800000,93.28,93.34,90.29,91.39,2035814.6800000002,897391.36,737161216.2797252,-29740070.01709199,-241031.96000000008,-2890187.320000026,0.0001
2026-08-21 17:15:00 CST,1787303700000,91.38,91.59,90.84,91.18,732245.9299999999,316690.26,731419984.9871528,-5047143.031847239,-98865.41,-2989052.730000026,0.0001
2026-08-21 17:30:00 CST,1787304600000,91.18,91.96,91.0,91.86,456125.0,240126.34,736646258.127,4902946.261010051,24127.679999999993,-2964925.0500000264,0.0001
2026-08-21 17:45:00 CST,1787305500000,91.87,92.18,91.26,91.66,536371.92,259213.30000000002,748018503.3636,7547934.903354287,-17945.319999999978,-2982870.370000026,0.0001
2026-08-21 18:00:00 CST,1787306400000,91.67,91.75,91.13,91.27,315201.17,148615.7,739739300.1386569,-4011324.6503902674,-17969.770000000004,-3000840.140000026,0.0001
2026-08-21 18:15:00 CST,1787307300000,91.26,91.71,90.84,91.27,352028.18,161065.2,743135024.8426596,1412624.0774482489,-29897.779999999984,-3030737.920000026,0.0001
2026-08-21 18:30:00 CST,1787308200000,91.26,91.38,90.85,91.36,205429.12,99179.70999999999,742276683.2964,-792072.3941918612,-7069.700000000004,-3037807.6200000257,0.0001
2026-08-21 18:45:00 CST,1787309100000,91.37,91.68,91.37,91.48,137664.84,70972.60999999999,746045170.5969,1366922.5394425392,4280.379999999997,-3033527.2400000254,0.0001
2026-08-21 19:00:00 CST,1787310000000,91.47,91.62,90.46,91.12,578204.39,242252.62,746135151.1204422,-19808.854221105576,-93699.14999999998,-3127226.3900000253,0.0001
2026-08-21 19:15:00 CST,1787310900000,91.13,91.16,90.66,91.0,380727.33,202048.47,739973154.69,1908893.6886776686,23369.61,-3103856.780000025,0.0001
2026-08-21 19:30:00 CST,1787311800000,91.0,91.03,89.8,90.47,864402.42,382928.78,732653773.5890279,-7891341.720972061,-98544.85999999999,-3202401.6400000253,0.0001
2026-08-21 19:45:00 CST,1787312700000,90.47,90.65,90.1,90.31,312941.66,147380.09999999998,732856073.3520558,778572.8508790731,-18181.460000000006,-3220583.1000000252,0.0001
2026-08-21 20:00:00 CST,1787313600000,90.31,90.52,90.02,90.48,389887.87,168216.78,731133070.2606587,1098788.7913842201,-53454.30999999997,-3274037.4100000253,0.0001
2026-08-21 20:15:00 CST,1787314500000,90.49,90.49,90.2,90.33,163146.88,82108.64,730817566.7537177,-963709.7178823948,1070.4000000000087,-3272967.010000025,0.0001
2026-08-21 20:30:00 CST,1787315400000,90.32,91.15,90.25,91.08,402449.18,264422.55000000005,734016352.3028,4059015.145200014,126395.92000000004,-3146571.090000025,0.0001
2026-08-21 20:45:00 CST,1787316300000,91.09,91.16,90.81,90.87,217542.5,100888.25,735898481.9001878,-94317.68881213665,-15766.000000000007,-3162337.090000025,0.0001
2026-08-21 21:00:00 CST,1787317200000,90.88,91.0,90.69,90.87,180180.92,88055.99,735395690.2971,-1153790.901001215,-4068.9400000000023,-3166406.030000025,0.0001
2026-08-21 21:15:00 CST,1787318100000,90.87,90.88,90.4,90.75,160054.03,63222.85,730298887.7335894,-4358255.818410635,-33608.33000000001,-3200014.3600000245,0.0001
2026-08-21 21:30:00 CST,1787319000000,90.75,91.06,89.74,90.99,684653.6499999999,330656.94999999995,728318853.9907409,-4288340.060014129,-23339.74999999997,-3223354.1100000245,0.0001
2026-08-21 21:45:00 CST,1787319900000,90.99,91.38,90.82,91.04,392526.30000000005,187862.15,737339591.3015,2368000.641790509,-16802.0,-3240156.1100000245,0.0001
2026-08-21 22:00:00 CST,1787320800000,91.05,91.1,90.55,90.94,309966.15,152192.09,739941344.2256343,-769941.5267548561,-5581.970000000016,-3245738.0800000243,0.0001
2026-08-21 22:15:00 CST,1787321700000,90.94,91.38,90.76,91.32,320763.14,160832.21000000002,742291391.1321759,1359100.5743427277,901.2799999999988,-3244836.800000024,0.0001
2026-08-21 22:30:00 CST,1787322600000,91.32,91.72,91.12,91.51,390766.45,187701.55000000002,746016687.3475,2121131.0012037754,-15363.349999999962,-3260200.150000024,0.0001
2026-08-21 22:45:00 CST,1787323500000,91.5,91.97,91.47,91.86,272844.58999999997,134564.77,752790867.8135,2894170.5335000753,-3715.0499999999956,-3263915.200000024,0.0001
2026-08-21 23:00:00 CST,1787324400000,91.87,92.17,91.62,91.88,382860.8,192865.0,755609836.9294,1319453.7154304981,2869.2000000000116,-3261046.0000000237,0.0001
2026-08-21 23:15:00 CST,1787325300000,91.87,92.02,91.47,91.55,243237.46,105152.22,751502038.7505263,-2136155.9943004847,-32933.020000000004,-3293979.020000024,0.0001
2026-08-21 23:30:00 CST,1787326200000,91.55,91.8,91.34,91.58,212704.0,77938.58,750646717.9641963,-367431.380017519,-56826.840000000004,-3350805.860000024,0.0001
2026-08-21 23:45:00 CST,1787327100000,91.59,91.7,91.22,91.36,193836.32,90009.65,746741338.4619734,-2751155.395167351,-13817.020000000011,-3364622.880000024,0.0001
2026-08-22 00:00:00 CST,1787328000000,91.36,91.51,90.77,90.79,337710.93,151862.32,742041609.3054,-4999871.526319385,-33986.29000000002,-3398609.170000024,0.0001
2026-08-22 00:15:00 CST,1787328900000,90.78,91.53,90.75,91.51,187124.06,112075.39,744438814.3756641,3885866.3800867796,37026.72,-3361582.450000024,0.0001
2026-08-22 00:30:00 CST,1787329800000,91.51,91.6,91.31,91.38,140747.18,66052.1,746263829.5998,525560.0373555422,-8642.979999999996,-3370225.430000024,0.0001
2026-08-22 00:45:00 CST,1787330700000,91.38,91.93,91.35,91.6,218662.38000000003,99099.12,748469750.7657,3730168.7238241434,-20464.140000000007,-3390689.570000024,0.0001
2026-08-22 01:00:00 CST,1787331600000,91.61,91.93,91.5,91.72,177873.62,91708.26,749825570.319,2053450.1255999804,5542.899999999987,-3385146.670000024,0.0001
2026-08-22 01:15:00 CST,1787332500000,91.72,91.75,91.17,91.56,281984.62,147458.36000000002,750464375.4885674,381688.9249674082,12932.100000000013,-3372214.570000024,0.0001
2026-08-22 01:30:00 CST,1787333400000,91.57,92.0,91.36,91.59,476898.60000000003,145980.88,756247672.8463538,2706896.565956831,-184936.84000000003,-3557151.410000024,0.0001
2026-08-22 01:45:00 CST,1787334300000,91.59,91.93,91.51,91.8,138674.41,73618.5,744859741.4600968,-244407.35170316696,8562.590000000004,-3548588.820000024,0.0001
2026-08-22 02:00:00 CST,1787335200000,91.8,92.06,91.74,91.84,193760.37,105833.07,747470734.4874667,2676710.4567667246,17905.770000000004,-3530683.050000024,0.0001
2026-08-22 02:15:00 CST,1787336100000,91.84,92.08,91.64,91.9,155099.69,89889.43,748744999.2262287,1825328.1835478544,24679.17,-3506003.8800000236,0.0001
2026-08-22 02:30:00 CST,1787337000000,91.9,92.01,91.29,91.42,481707.51,113907.44,760524051.2640095,12585400.932409525,-253892.63,-3759896.510000024,0.0001
2026-08-22 02:45:00 CST,1787337900000,91.42,91.62,91.07,91.56,271629.69,137104.78,755592969.8981974,-24226.405002593994,2579.8700000000026,-3757316.640000024,0.0001
2026-08-22 03:00:00 CST,1787338800000,91.57,91.63,90.84,91.32,342595.33,132557.08,750466126.9096,-7107160.202702522,-77481.16999999998,-3834797.810000024,0.0001
2026-08-22 03:15:00 CST,1787339700000,91.31,91.41,90.9,91.31,205727.47999999998,127696.49,745373823.534,-5515609.800135851,49665.500000000015,-3785132.3100000233,0.0001
2026-08-22 03:30:00 CST,1787340600000,91.32,91.37,90.78,90.84,142504.97,61923.03999999999,746032737.5564,-825413.5330144167,-18658.890000000007,-3803791.2000000235,0.0001
2026-08-22 03:45:00 CST,1787341500000,90.85,91.08,90.76,90.96,109441.66,61733.03999999999,745251662.5124475,1692542.7044475079,14024.419999999995,-3789766.780000023,0.0001
2026-08-22 04:00:00 CST,1787342400000,90.97,91.34,90.43,91.22,397538.46,180806.34,743444129.8753,-1535065.6207265854,-35925.780000000035,-3825692.5600000233,0.0001
2026-08-22 04:15:00 CST,1787343300000,91.21,91.98,91.21,91.81,286683.85,142634.63,749030751.444,5372041.5239549875,-1414.5899999999892,-3827107.1500000237,0.0001
2026-08-22 04:30:00 CST,1787344200000,91.82,91.95,91.66,91.85,175965.97,68129.14,752779108.5531824,1961108.0289509296,-39707.689999999995,-3866814.840000024,0.0001
2026-08-22 04:45:00 CST,1787345100000,91.85,91.87,91.54,91.86,106236.23,53669.079999999994,752400548.838,-1401676.5065562725,1101.929999999993,-3865712.910000024,0.0001
2026-08-22 05:00:00 CST,1787346000000,91.87,92.45,91.66,92.28,329198.32,205335.52,751568025.0515639,-1168386.8148361444,81472.71999999999,-3784240.190000024,0.0001
2026-08-22 05:15:00 CST,1787346900000,92.29,93.0,92.17,92.8,470899.6699999999,258904.92,757003524.222787,2242717.7829185724,46910.17000000003,-3737330.020000024,0.0001
2026-08-22 05:30:00 CST,1787347800000,92.8,93.11,92.61,93.06,281025.92,131398.47,756095849.1275,-82945.82229995728,-18228.979999999996,-3755559.0000000233,0.0001
2026-08-22 05:45:00 CST,1787348700000,93.06,93.88,93.05,93.75,638422.9700000001,306799.6,773061217.8744626,13907415.65271306,-24823.770000000033,-3780382.7700000233,0.0001
2026-08-22 06:00:00 CST,1787349600000,93.75,94.42,93.57,94.12,719947.38,378003.99,778858587.3874878,3985224.3634877205,36060.59999999998,-3744322.170000023,0.0001
2026-08-22 06:15:00 CST,1787350500000,94.11,94.19,93.44,94.19,550613.27,286089.32999999996,773934939.6552,-4777857.276890278,21565.389999999985,-3722756.780000023,0.0001
2026-08-22 06:30:00 CST,1787351400000,94.18,94.53,93.31,94.37,540926.16,271366.29,773219090.3844,-2611096.188140869,1806.4199999999546,-3720950.360000023,0.0001
2026-08-22 06:45:00 CST,1787352300000,94.36,94.65,93.59,94.3,639958.99,280845.82999999996,771793956.8033819,-3830108.5308424234,-78267.33000000002,-3799217.6900000228,0.0001
2026-08-22 07:00:00 CST,1787353200000,94.29,94.35,93.87,94.08,328043.68,159892.06,768127336.3348904,-390779.36120963097,-8259.559999999998,-3807477.250000023,0.0001
2026-08-22 07:15:00 CST,1787354100000,94.07,95.04,94.06,94.43,494487.07999999996,247537.31,773769844.1250869,6970534.11548686,587.5400000000227,-3806889.710000023,0.0001
2026-08-22 07:30:00 CST,1787355000000,94.43,94.49,93.56,93.96,455042.12000000005,195994.76,758785404.384,-7602224.7852,-63052.600000000006,-3869942.310000023,0.0001
2026-08-22 07:45:00 CST,1787355900000,93.95,94.01,93.37,93.72,241079.43,129442.27,759253806.8684446,-1828557.8166453838,17805.110000000008,-3852137.200000023,0.0001
2026-08-22 08:00:00 CST,1787356800000,93.73,93.99,92.84,93.57,600368.37,251158.79,753002435.5206388,-5854430.613269806,-98050.78999999998,-3950187.990000023,0.0001
2026-08-22 08:15:00 CST,1787357700000,93.58,94.44,93.41,93.65,396325.86000000004,209823.56999999998,765478188.698,6456091.103577614,23321.279999999984,-3926866.710000023,0.0001
2026-08-22 08:30:00 CST,1787358600000,93.66,93.9,93.39,93.54,243679.88,102548.14,760441553.4528,740456.2713000774,-38583.59999999999,-3965450.3100000224,0.0001
2026-08-22 08:45:00 CST,1787359500000,93.54,93.96,93.39,93.88,194333.85,89774.04999999999,762333914.1687,3131712.837299943,-14785.75,-3980236.0600000224,0.0001
2026-08-22 09:00:00 CST,1787360400000,93.89,94.25,93.73,94.01,213019.72000000003,114263.76,766741662.4629031,1861254.0206907988,15507.799999999996,-3964728.2600000226,0.0001
2026-08-22 09:15:00 CST,1787361300000,94.02,94.31,93.75,94.03,170908.57,75241.82,765231304.3589712,-1405330.0144287348,-20424.930000000008,-3985153.1900000228,0.0001
2026-08-22 09:30:00 CST,1787362200000,94.02,94.45,93.62,93.73,289560.68,125079.37,767858102.876769,1551410.4843689203,-39401.94000000001,-4024555.130000023,0.0001
2026-08-22 09:45:00 CST,1787363100000,93.73,94.05,93.46,93.67,202171.49,120719.84999999999,763377929.356192,-396749.4676218033,39268.20999999999,-3985286.920000023,0.0001
2026-08-22 10:00:00 CST,1787364000000,93.68,94.32,93.67,94.24,180690.78999999998,94977.2,768028586.0917708,4736366.259649038,9263.61,-3976023.310000023,0.0001
2026-08-22 10:15:00 CST,1787364900000,94.25,95.09,94.21,94.84,400824.56,236513.00999999998,777954218.724,8053980.562399983,72201.45999999999,-3903821.850000023,0.0001
2026-08-22 10:30:00 CST,1787365800000,94.84,95.86,94.64,95.71,674874.54,353205.47,779573905.4801012,2587583.1468153,31536.400000000023,-3872285.4500000225,0.0001
2026-08-22 10:45:00 CST,1787366700000,95.71,95.73,95.25,95.65,465423.1,226491.05,788414568.4002068,1083341.0038195848,-12441.000000000015,-3884726.4500000225,0.0001
2026-08-22 11:00:00 CST,1787367600000,95.66,96.52,95.5,96.01,652320.04,388114.48000000004,805651022.4252,12302727.21720004,123908.92000000004,-3760817.5300000226,0.0001
2026-08-22 11:15:00 CST,1787368500000,96.02,97.2,96.01,96.86,620509.08,330524.14999999997,808787249.3126831,5677136.77128315,40539.22,-3720278.310000023,0.0001
2026-08-22 11:30:00 CST,1787369400000,96.86,97.63,96.42,96.74,648823.66,322118.16000000003,809680969.5404,144314.56461942196,-4587.3399999999965,-3724865.6500000227,0.0001
2026-08-22 11:45:00 CST,1787370300000,96.73,97.37,96.61,96.81,445024.83,255339.22999999998,813274202.5125135,7953945.385113478,65653.62999999998,-3659212.0200000224,0.0001
2026-08-22 12:00:00 CST,1787371200000,96.82,97.25,96.2,97.22,451973.22,215236.91,810232372.0205,-772174.4827001095,-21499.40000000001,-3680711.4200000223,0.0001
2026-08-22 12:15:00 CST,1787372100000,97.22,98.05,96.66,98.0,496998.75,282357.72,814169100.7224933,-618133.4601186514,67716.68999999996,-3612994.7300000223,0.0001
2026-08-22 12:30:00 CST,1787373000000,97.99,102.84,97.87,102.28,2505880.0199999996,1372241.71,848057946.4292296,27701799.825229645,238603.40000000002,-3374391.3300000224,0.0001
2026-08-22 12:45:00 CST,1787373900000,102.27,102.31,97.87,99.14,3705091.3899999997,1327628.19,808322290.673,-59141312.89450002,-1049835.0100000002,-4424226.340000022,0.0001
2026-08-22 13:00:00 CST,1787374800000,99.14,100.02,87.0,93.33,3584928.4299999997,1439354.0,800568221.001291,-24937104.21984887,-706220.4299999999,-5130446.770000022,0.0001
2026-08-22 13:15:00 CST,1787375700000,93.33,94.59,90.61,94.07,2591782.7700000005,1232105.78,743822200.9916587,-13849710.070942283,-127571.21000000002,-5258017.980000022,0.0001
2026-08-22 13:30:00 CST,1787376600000,94.07,94.8,92.87,93.64,1000634.42,470928.2,753533361.7453218,-1413046.8705837727,-58778.02000000005,-5316796.000000021,0.0001
2026-08-22 13:45:00 CST,1787377500000,93.63,94.89,93.4,94.21,640879.84,279036.2,756193098.1680136,2481643.980013609,-82807.44,-5399603.440000022,0.0001
2026-08-22 14:00:00 CST,1787378400000,94.21,94.5,93.4,93.58,591036.54,233656.27,755968435.6224,-2395857.2021632195,-123724.00000000001,-5523327.440000021,0.0001
2026-08-22 14:15:00 CST,1787379300000,93.58,94.36,93.57,93.91,376396.02,182019.05,754445370.1348351,4208939.138812065,-12357.919999999998,-5535685.36000002,0.0001
2026-08-22 14:30:00 CST,1787380200000,93.91,95.16,93.06,94.59,642981.24,335985.06,762069786.684,8526468.88380003,28988.879999999976,-5506696.48000002,0.0001
2026-08-22 14:45:00 CST,1787381100000,94.59,94.87,94.09,94.32,394703.0800000001,169836.75,760669407.1709428,-1735738.395837307,-55029.580000000016,-5561726.06000002,0.0001
2026-08-22 15:00:00 CST,1787382000000,94.32,95.2,94.14,94.44,459913.36,198107.96,767430642.8976,6087196.721700072,-63697.44,-5625423.5000000205,0.0001
2026-08-22 15:15:00 CST,1787382900000,94.44,95.06,94.05,95.03,274494.86,139968.88999999998,767077494.3768096,1783400.4626725912,5442.919999999998,-5619980.58000002,0.0001
2026-08-22 15:30:00 CST,1787383800000,95.02,95.55,94.41,94.85,367656.08999999997,179738.43,767562094.351534,-574038.3668059111,-8179.229999999996,-5628159.810000019,0.0001
2026-08-22 15:45:00 CST,1787384700000,94.85,94.94,94.38,94.46,223187.45,94264.42000000001,769884795.775463,1306432.3950980902,-34658.61000000001,-5662818.4200000195,0.0001
2026-08-22 16:00:00 CST,1787385600000,94.46,94.97,94.06,94.92,270355.69999999995,141831.84999999998,767034022.8753964,388328.8509963751,13308.0,-5649510.4200000195,0.0001
2026-08-22 16:15:00 CST,1787386500000,94.93,95.02,93.66,93.8,370633.10000000003,167300.26,764291034.975,-5212940.034231424,-36032.58000000003,-5685543.0000000205,0.0001
2026-08-22 16:30:00 CST,1787387400000,93.81,93.84,93.01,93.64,802175.12,355344.17000000004,755760358.4346412,-4985747.084106803,-91486.78,-5777029.780000021,0.0001
2026-08-22 16:45:00 CST,1787388300000,93.64,94.13,93.24,94.1,247154.90000000002,107981.98000000001,758600322.1351527,692215.8548526764,-31190.940000000002,-5808220.72000002,0.0001
2026-08-22 17:00:00 CST,1787389200000,94.1,94.23,92.96,94.23,432402.47000000003,194990.66999999998,760902501.1648,-742211.4842880964,-42421.13000000002,-5850641.85000002,0.0001
2026-08-22 17:15:00 CST,1787390100000,94.23,94.58,93.94,94.3,257390.4,125428.74999999999,763763385.3575,799404.3668811321,-6532.900000000023,-5857174.7500000205,0.0001
2026-08-22 17:30:00 CST,1787391000000,94.3,94.43,94.05,94.29,152301.91,79069.92000000001,762510532.816,-886238.4906425476,5837.93,-5851336.82000002,0.0001
2026-08-22 17:45:00 CST,1787391900000,94.28,94.31,93.63,93.91,232385.24000000002,106909.94999999998,760111221.3702028,-4301351.625522494,-18565.340000000004,-5869902.160000019,0.0001
2026-08-22 18:00:00 CST,1787392800000,93.92,94.0,92.09,92.18,1031424.95,407221.99,751149916.92,-10784859.08249867,-216980.9699999999,-6086883.1300000185,0.0001
2026-08-22 18:15:00 CST,1787393700000,92.17,92.49,91.31,92.47,866473.75,391043.32999999996,739485200.2870268,-3963179.3895732164,-84387.09000000003,-6171270.220000018,0.0001
2026-08-22 18:30:00 CST,1787394600000,92.48,93.39,92.31,93.28,396951.21,214916.64,749335603.9631,3238315.8562999964,32882.06999999999,-6138388.150000018,0.0001
2026-08-22 18:45:00 CST,1787395500000,93.27,93.35,92.69,92.89,290221.86,131549.37,749416710.6334975,-736676.3541483879,-27123.120000000017,-6165511.270000019,0.0001
2026-08-22 19:00:00 CST,1787396400000,92.9,93.25,92.6,92.82,229701.63,111511.01999999999,750362200.1016,561461.688272953,-6679.590000000011,-6172190.860000019,0.0001
2026-08-22 19:15:00 CST,1787397300000,92.81,93.12,92.6,93.02,191267.05,94035.28,752712674.805,276286.2727320194,-3196.4899999999907,-6175387.350000018,0.0001
2026-08-22 19:30:00 CST,1787398200000,93.01,93.52,92.91,93.48,207235.69,118563.48,757549298.4177705,2990978.454711318,29891.26999999999,-6145496.080000019,0.0001
2026-08-22 19:45:00 CST,1787399100000,93.47,93.56,93.17,93.34,119560.91,60374.12,755845385.1737956,-2391184.8210043907,1187.3300000000017,-6144308.750000019,0.0001
2026-08-22 20:00:00 CST,1787400000000,93.34,93.97,93.17,93.92,277284.2,138640.49,758664403.4689561,2224912.219510913,-3.220000000001164,-6144311.970000018,0.0001
2026-08-22 20:15:00 CST,1787400900000,93.92,94.38,93.86,94.24,358401.75,183576.55,762062496.630756,3906628.0583560467,8751.349999999984,-6135560.620000018,0.0001
2026-08-22 20:30:00 CST,1787401800000,94.23,94.26,93.85,94.23,121036.95000000001,61706.58,759045775.8373405,-2492627.0951657295,2376.2100000000028,-6133184.410000018,0.0001
2026-08-22 20:45:00 CST,1787402700000,94.23,94.32,93.84,93.84,103128.95,46132.77,758919002.564002,-2399256.296056986,-10863.410000000003,-6144047.820000018,0.0001
2026-08-22 21:00:00 CST,1787403600000,93.84,94.02,93.56,93.93,148650.11,69615.87999999999,759148174.7056965,2045767.1705716848,-9418.350000000006,-6153466.170000018,0.0001
2026-08-22 21:15:00 CST,1787404500000,93.94,94.21,93.63,93.88,137777.31,73360.79000000001,758289518.8533,-565319.4664918184,8944.270000000008,-6144521.900000017,0.0001
2026-08-22 21:30:00 CST,1787405400000,93.87,94.0,93.59,93.83,102081.87000000001,48196.3,756551823.584443,-1666912.6058740616,-5689.27,-6150211.170000017,0.0001
2026-08-22 21:45:00 CST,1787406300000,93.83,94.26,93.75,94.15,158761.09999999998,82376.75,760104666.7982033,1787544.0228750706,5992.400000000016,-6144218.770000016,0.0001
2026-08-22 22:00:00 CST,1787407200000,94.15,94.32,93.63,93.84,170498.66,77243.41,759514345.2206914,-1410505.1897085905,-16011.840000000004,-6160230.610000016,0.0001
2026-08-22 22:15:00 CST,1787408100000,93.83,93.96,93.47,93.88,203935.63999999998,104516.37999999999,758842285.0064,45963.71540784836,5097.119999999999,-6155133.490000016,0.0001
2026-08-22 22:30:00 CST,1787409000000,93.87,94.06,93.29,93.29,169755.12,68707.26000000001,759282455.4801036,-1580030.6861964464,-32340.6,-6187474.090000017,0.0001
2026-08-22 22:45:00 CST,1787409900000,93.3,93.49,92.89,93.26,340200.18999999994,141111.62,751259831.4104736,-5376668.958202124,-57976.95,-6245451.040000017,0.0001
2026-08-22 23:00:00 CST,1787410800000,93.27,93.53,92.94,92.94,160507.50999999998,76714.93,753880315.7478902,-850807.3295097351,-7077.649999999994,-6252528.690000016,0.0001
2026-08-22 23:15:00 CST,1787411700000,92.94,93.38,92.81,93.27,130581.37,63476.36,755876314.9778568,2052434.4379050732,-3628.649999999994,-6256157.340000016,0.0001
2026-08-22 23:30:00 CST,1787412600000,93.27,93.61,93.2,93.3,143363.85,67682.64,757199934.9785377,218597.46173763275,-7998.569999999996,-6264155.910000016,0.0001
2026-08-22 23:45:00 CST,1787413500000,93.31,93.4,93.0,93.09,158990.53999999998,60922.869999999995,754358988.5001192,-3441913.2278808355,-37144.8,-6301300.710000016,0.0001
2026-08-23 00:00:00 CST,1787414400000,93.09,93.55,93.09,93.44,116464.99,62021.79,753733921.076642,1846445.1157573462,7578.5899999999965,-6293722.120000016,0.0001
2026-08-23 00:15:00 CST,1787415300000,93.44,94.1,93.44,93.91,201518.01,100591.09,759422797.2045,4769417.26699996,-335.83000000000175,-6294057.950000015,0.0001
2026-08-23 00:30:00 CST,1787416200000,93.91,94.69,93.89,94.53,269075.72,150611.15000000002,760798995.7491,2675283.83889997,32146.580000000016,-6261911.370000015,0.0001
2026-08-23 00:45:00 CST,1787417100000,94.53,94.69,94.31,94.33,180520.65,73537.1,760058768.978951,-2346503.144149065,-33446.44999999999,-6295357.820000015,0.0001
2026-08-23 01:00:00 CST,1787418000000,94.33,94.58,94.09,94.26,238087.13999999998,106591.33,760199266.2521108,398414.4235268831,-24904.47999999999,-6320262.300000015,0.0001
2026-08-23 01:15:00 CST,1787418900000,94.25,94.43,93.77,93.85,200242.43,79101.75,760211518.9005052,-452764.47964048386,-42038.92999999999,-6362301.230000014,0.0001
2026-08-23 01:30:00 CST,1787419800000,93.86,94.33,93.86,94.3,98975.13,58465.06,759394141.3661933,2679621.0255907774,17954.99,-6344346.240000015,0.0001
2026-08-23 01:45:00 CST,1787420700000,94.3,94.59,94.24,94.28,77401.45999999999,41142.38,762101416.4607022,880800.6562846899,4883.300000000003,-6339462.940000014,0.0001
2026-08-23 02:00:00 CST,1787421600000,94.29,94.4,94.06,94.16,58171.44,30133.26,759918022.2823774,-1374930.6400226355,2095.08,-6337367.860000014,0.0001
2026-08-23 02:15:00 CST,1787422500000,94.16,94.56,94.16,94.41,94584.14,57821.99,762722899.1757911,2737370.2521466017,21059.840000000004,-6316308.0200000135,0.0001
2026-08-23 02:30:00 CST,1787423400000,94.41,94.54,94.18,94.21,74812.27,31330.93,762431968.5403981,-688829.1080126762,-12150.41,-6328458.430000015,0.0001
2026-08-23 02:45:00 CST,1787424300000,94.2,94.51,94.04,94.47,121514.45,60100.05,760516580.7069502,-195995.71227681637,-1314.3500000000022,-6329772.780000014,0.0001
2026-08-23 03:00:00 CST,1787425200000,94.48,94.66,94.27,94.58,96844.29000000001,55152.97,761924533.2369555,-604942.7062444687,13461.649999999994,-6316311.130000015,0.0001
2026-08-23 03:15:00 CST,1787426100000,94.59,94.73,94.32,94.43,116461.51000000001,53173.479999999996,761479840.4306691,-1979175.1681308746,-10114.55,-6326425.680000015,0.0001
2026-08-23 03:30:00 CST,1787427000000,94.42,94.83,94.42,94.76,88125.2,43424.1,762133520.184,579710.0233113766,-1277.0000000000018,-6327702.680000015,0.0001
2026-08-23 03:45:00 CST,1787427900000,94.76,94.81,94.47,94.49,110464.01,60517.45,763275129.2314,241470.1211155653,10570.889999999996,-6317131.790000014,0.0001
2026-08-23 04:00:00 CST,1787428800000,94.5,94.79,94.4,94.68,72974.39,39274.71,762219350.5112,466049.1020998955,5575.029999999999,-6311556.760000015,0.0001
2026-08-23 04:15:00 CST,1787429700000,94.68,94.77,94.39,94.48,70569.55,32686.45,760652739.5477378,-2012616.6322575808,-5196.6500000000015,-6316753.410000015,0.0001
2026-08-23 04:30:00 CST,1787430600000,94.48,94.66,94.32,94.5,64296.41,31456.96,761254671.9348605,502383.1891232729,-1382.4900000000016,-6318135.900000015,0.0001
2026-08-23 04:45:00 CST,1787431500000,94.51,94.56,94.31,94.39,58949.630000000005,25755.59,760668227.6084363,209571.1334363222,-7438.450000000003,-6325574.350000015,0.0001
2026-08-23 05:00:00 CST,1787432400000,94.4,94.4,93.48,93.52,326022.38,123144.45999999999,752135435.1937475,-7792559.122198582,-79733.45999999998,-6405307.810000016,0.0001
2026-08-23 05:15:00 CST,1787433300000,93.53,93.95,93.53,93.83,111488.15,60905.05,751268448.6864253,1939971.4287253618,10321.95,-6394985.860000016,0.0001
2026-08-23 05:30:00 CST,1787434200000,93.84,93.86,93.05,93.36,230213.37,99674.87,744334602.6499151,-7238501.044684887,-30863.629999999997,-6425849.490000017,0.0001
2026-08-23 05:45:00 CST,1787435100000,93.35,93.36,92.72,92.83,193410.09,72207.1,741591282.7056,-3643801.765531659,-48995.88999999999,-6474845.380000017,0.0001
2026-08-23 06:00:00 CST,1787436000000,92.83,93.71,92.58,93.59,388037.83,219812.53,751430732.5936354,8932780.648720026,51587.229999999996,-6423258.150000017,0.0001
2026-08-23 06:15:00 CST,1787436900000,93.59,93.99,93.5,93.92,165300.22,95660.43000000001,754949574.5872706,2461759.1707413197,26020.640000000007,-6397237.510000017,0.0001
2026-08-23 06:30:00 CST,1787437800000,93.92,94.03,93.54,93.76,175907.40999999997,70874.29,754602789.0093,-1041875.2964372635,-34158.83,-6431396.340000017,0.0001
2026-08-23 06:45:00 CST,1787438700000,93.77,93.99,93.58,93.62,134008.9,63257.62000000001,754264808.118571,762095.5681710243,-7493.659999999996,-6438890.000000016,0.0001
2026-08-23 07:00:00 CST,1787439600000,93.62,93.82,93.36,93.65,99277.23999999999,42912.95,752645275.1859049,573257.8901866674,-13451.339999999997,-6452341.340000016,0.0001
2026-08-23 07:15:00 CST,1787440500000,93.65,93.8,93.57,93.62,57559.759999999995,30948.269999999997,753491019.8438531,1479178.6384230852,4336.779999999999,-6448004.560000015,0.0001
2026-08-23 07:30:00 CST,1787441400000,93.62,93.75,93.37,93.68,68290.59,33014.81,752106333.4895693,-416332.7576442957,-2260.9699999999975,-6450265.530000015,0.0001
2026-08-23 07:45:00 CST,1787442300000,93.67,94.02,93.66,93.83,73536.22,40566.05,755598945.337642,2935668.387280464,7595.880000000001,-6442669.650000014,0.0001
2026-08-23 08:00:00 CST,1787443200000,93.84,94.04,93.58,93.77,132647.9,58579.24,754409547.5316,-603931.817999959,-15489.420000000002,-6458159.070000014,0.0001
2026-08-23 08:15:00 CST,1787444100000,93.78,94.34,93.73,94.31,155593.16999999998,89459.98,755260310.0328,2147428.2941132784,23326.79,-6434832.280000014,0.0001
2026-08-23 08:30:00 CST,1787445000000,94.3,100.54,94.29,96.35,2168006.6999999997,1290966.1199999999,752746512.177,-3156125.879999995,413925.54000000004,-6024529.350000014,0.0001
2026-08-23 08:45:00 CST,1787445900000,96.35,97.28,96.1,96.38,731788.3099999999,359549.54000000004,749609088.8251,490278.86319994926,-12689.229999999981,-6038104.640000015,0.0001
2026-08-23 09:00:00 CST,1787446800000,96.39,96.41,95.8,96.3,430100.60000000003,209531.97,743472567.2962,-3696393.1451399326,-11036.660000000018,-6049141.300000015,0.0001
2026-08-23 09:15:00 CST,1787447700000,96.3,96.3,95.82,96.1,187674.63,97100.33,742571300.1693,-2381254.519976139,6526.029999999999,-6042615.270000014,0.0001
2026-08-23 09:30:00 CST,1787448600000,96.11,96.29,95.66,96.16,217313.93,115794.52,744949237.377,1192115.1230000257,14275.109999999986,-6028340.160000014,0.0001
2026-08-23 09:45:00 CST,1787449500000,96.16,96.62,95.8,96.02,324620.34,158090.41,749326968.5968939,3781099.0224939585,-8439.520000000019,-6036779.680000015,0.0001
2026-08-23 10:00:00 CST,1787450400000,96.03,96.3,93.74,94.41,1012296.63,518434.28,745776576.7872429,-547322.5999811888,24571.930000000066,-6012207.750000015,0.0001
2026-08-23 10:15:00 CST,1787451300000,94.42,94.98,94.15,94.51,468944.03,235307.88999999998,760592335.734262,1628801.5196620226,1671.75,-6010536.000000015,0.0001
2026-08-23 10:30:00 CST,1787452200000,94.51,94.92,94.43,94.57,177690.56,92428.56999999999,765043978.1059396,2839496.7174636126,7166.580000000005,-6003369.420000015,0.0001
2026-08-23 10:45:00 CST,1787453100000,94.56,98.31,94.33,94.92,1375386.9,859290.6000000001,751900453.5925978,-12497864.180114985,343194.30000000005,-5660175.120000014,0.0001
2026-08-23 11:00:00 CST,1787454000000,94.92,95.07,94.47,94.92,273913.82,156795.71000000002,743673278.929238,-4965745.249008417,39677.59999999999,-5620497.5200000135,0.0001
2026-08-23 11:15:00 CST,1787454900000,94.91,95.07,94.21,94.25,318985.35,136257.65,738030936.7454712,-8221026.786990166,-46470.04999999999,-5666967.570000013,0.0001
2026-08-23 11:30:00 CST,1787455800000,94.24,94.31,93.43,93.53,484978.44,201145.0,734743595.7600303,-3447157.9322696924,-82688.44000000002,-5749656.010000014,0.0001
2026-08-23 11:45:00 CST,1787456700000,93.54,94.03,93.53,93.74,169928.24,86158.79999999999,733383036.8109,3232769.486675501,2389.360000000008,-5747266.650000013,0.0001
2026-08-23 12:00:00 CST,1787457600000,93.74,94.12,93.17,94.09,324160.14,170130.25,729351235.716,-3005084.796250105,16100.360000000015,-5731166.290000013,0.0001
2026-08-23 12:15:00 CST,1787458500000,94.1,94.14,93.25,93.62,233062.22,99167.88999999998,731286880.1581182,-6014686.572781801,-34726.43999999999,-5765892.730000013,0.0001
2026-08-23 12:30:00 CST,1787459400000,93.62,93.65,92.83,93.01,285062.88,101573.93,728578000.3895,-3597604.0234999657,-81915.01999999999,-5847807.750000013,0.0001
2026-08-23 12:45:00 CST,1787460300000,93.0,93.05,92.23,92.56,679745.27,325512.16,734082482.4182,5135314.383847833,-28720.949999999997,-5876528.700000013,0.0001
2026-08-23 13:00:00 CST,1787461200000,92.57,92.94,92.11,92.21,493601.25,191292.73,728972138.816,-1937408.871297121,-111015.79000000001,-5987544.490000013,0.0001
2026-08-23 13:15:00 CST,1787462100000,92.2,93.33,91.57,93.03,712817.39,348505.38,737862398.3861377,9121469.91545713,-15806.63000000002,-6003351.120000014,0.0001
2026-08-23 13:30:00 CST,1787463000000,93.03,93.25,92.55,92.72,238877.34,132192.84,732971685.2560265,-3625065.781530142,25508.34000000002,-5977842.780000014,0.0001
2026-08-23 13:45:00 CST,1787463900000,92.73,92.85,92.31,92.31,145643.03,54675.5,732911390.5554222,-658189.1717778444,-36292.03,-6014134.8100000145,0.0001
2026-08-23 14:00:00 CST,1787464800000,92.31,92.51,91.79,92.33,283478.38,133701.11,728263411.686534,-3523877.2526527643,-16076.159999999989,-6030210.970000015,0.0001
2026-08-23 14:15:00 CST,1787465700000,92.33,92.57,91.97,92.31,352764.5,148616.5,728910871.2582198,-2458876.015380144,-55531.499999999985,-6085742.470000016,0.0001
2026-08-23 14:30:00 CST,1787466600000,92.32,92.8,92.31,92.5,196650.43,111693.53000000001,730653177.8405285,1660293.6305433512,26736.630000000012,-6059005.840000016,0.0001
2026-08-23 14:45:00 CST,1787467500000,92.51,92.6,92.02,92.26,164641.44,70218.09,727523800.4607,-3186449.1928749084,-24205.260000000002,-6083211.100000015,0.0001
2026-08-23 15:00:00 CST,1787468400000,92.26,92.69,92.13,92.63,143841.95,69797.97,730794971.0916,2356048.831599951,-4246.009999999995,-6087457.110000015,0.0001
2026-08-23 15:15:00 CST,1787469300000,92.64,92.99,92.64,92.75,162286.98,83609.17,732586716.176104,579559.193704009,4931.35999999999,-6082525.750000016,0.0001
2026-08-23 15:30:00 CST,1787470200000,92.74,92.75,92.41,92.5,105806.31,55484.5,731056558.3376,-1227358.6571143866,5162.689999999999,-6077363.060000016,0.0001
2026-08-23 15:45:00 CST,1787471100000,92.5,92.75,92.33,92.49,108186.27,51983.4,729617459.8502696,245465.1596710682,-4219.470000000005,-6081582.530000016,0.0001
2026-08-23 16:00:00 CST,1787472000000,92.49,93.0,92.32,92.83,200863.41,108327.38,731337062.2682005,3393691.3045196533,15791.349999999995,-6065791.180000016,0.0001
2026-08-23 16:15:00 CST,1787472900000,92.84,92.97,92.79,92.89,97651.8,56408.85999999999,731193041.4017704,1200094.3579981327,15165.919999999995,-6050625.260000016,0.0001
2026-08-23 16:30:00 CST,1787473800000,92.89,93.56,92.8,93.33,326786.56,186959.8,735140073.295,3589136.4668085575,47133.04000000002,-6003492.220000015,0.0001
2026-08-23 16:45:00 CST,1787474700000,93.33,93.38,93.05,93.2,148919.83000000002,73435.31,736518175.1927155,359785.6600368023,-2049.2100000000028,-6005541.430000015,0.0001
2026-08-23 17:00:00 CST,1787475600000,93.21,93.47,93.12,93.29,118673.91,60462.329999999994,736952837.8340822,1042316.1860822439,2250.7499999999964,-6003290.680000014,0.0001
2026-08-23 17:15:00 CST,1787476500000,93.3,93.4,93.12,93.24,97253.67,42195.259999999995,735471307.6490406,-1401770.252075076,-12863.149999999998,-6016153.830000013,0.0001
2026-08-23 17:30:00 CST,1787477400000,93.25,93.29,92.9,93.26,99469.31999999999,42305.71,735625017.4218928,-1296186.6829767227,-14857.900000000001,-6031011.7300000135,0.0001
2026-08-23 17:45:00 CST,1787478300000,93.26,93.56,93.13,93.33,135058.94,70967.69,738631044.563426,1924108.6806417704,6876.439999999999,-6024135.290000013,0.0001
2026-08-23 18:00:00 CST,1787479200000,93.33,93.82,93.29,93.77,232714.94,138323.05,739125797.7138,1519085.3453029394,43931.15999999998,-5980204.130000014,0.0001
2026-08-23 18:15:00 CST,1787480100000,93.78,94.13,93.65,93.7,289807.63,157927.16,739398313.2135857,-349252.093105793,26046.689999999995,-5954157.440000014,0.0001
2026-08-23 18:30:00 CST,1787481000000,93.69,93.92,93.61,93.78,133198.76,63604.95,739682585.2587665,965933.0217665434,-5988.859999999997,-5960146.300000014,0.0001
2026-08-23 18:45:00 CST,1787481900000,93.78,93.86,93.58,93.63,91370.28,34380.47,739181918.1509428,-918717.0916063786,-22609.339999999997,-5982755.640000014,0.0001
2026-08-23 19:00:00 CST,1787482800000,93.63,93.89,93.54,93.85,78420.01000000001,36872.75,739387583.8034792,483032.4149404764,-4674.510000000002,-5987430.150000013,0.0001
2026-08-23 19:15:00 CST,1787483700000,93.86,94.59,93.73,94.32,379152.37,227734.85,745412324.0420663,5254807.934647083,76317.33000000003,-5911112.820000014,0.0001
2026-08-23 19:30:00 CST,1787484600000,94.32,94.85,94.26,94.69,282862.47000000003,165708.81,747741355.3102133,2897710.8634665012,48555.14999999999,-5862557.670000014,0.0001
2026-08-23 19:45:00 CST,1787485500000,94.69,94.74,94.52,94.62,135728.26,61735.520000000004,749623965.0504253,381376.4184253216,-12257.219999999994,-5874814.890000014,0.0001
2026-08-23 20:00:00 CST,1787486400000,94.62,94.62,94.09,94.33,324707.1,114370.97,743938755.1457897,-4837301.328249693,-95965.16,-5970780.050000014,0.0001
2026-08-23 20:15:00 CST,1787487300000,94.34,94.58,94.29,94.49,126071.79999999999,65305.39,746823049.3104212,2206538.1639472246,4538.980000000003,-5966241.070000013,0.0001
2026-08-23 20:30:00 CST,1787488200000,94.49,94.81,94.44,94.77,137236.68,71138.23,747869833.8812455,1510354.3012988567,5039.779999999995,-5961201.290000013,0.0001
2026-08-23 20:45:00 CST,1787489100000,94.76,94.77,94.42,94.58,87845.38,35598.32,746223203.628,-3395636.663815856,-16648.74,-5977850.030000013,0.0001
2026-08-23 21:00:00 CST,1787490000000,94.58,94.97,94.57,94.9,140223.86,87211.26000000001,749335371.599056,1449018.759055972,34198.66,-5943651.370000013,0.0001
2026-08-23 21:15:00 CST,1787490900000,94.91,95.84,94.88,95.06,533415.56,275696.39,752164499.0981636,1496742.3350245953,17977.22000000001,-5925674.150000013,0.0001
2026-08-23 21:30:00 CST,1787491800000,95.07,95.3,94.84,95.3,224774.41,113139.36,752946374.7088438,2608966.679440737,1504.310000000005,-5924169.840000013,0.0001
2026-08-23 21:45:00 CST,1787492700000,95.3,95.56,95.12,95.38,200031.09,84258.63,754363251.8422563,-320261.3219759464,-31513.83,-5955683.670000013,0.0001
2026-08-23 22:00:00 CST,1787493600000,95.39,95.7,95.08,95.56,302640.93,150572.29,755201915.488149,666931.4873718023,-1496.3499999999767,-5957180.020000013,0.0001
2026-08-23 22:15:00 CST,1787494500000,95.55,95.68,95.17,95.38,184298.06999999998,89243.57999999999,753186290.6529083,-2410474.809074402,-5810.9100000000035,-5962990.930000013,0.0001
2026-08-23 22:30:00 CST,1787495400000,95.38,95.52,93.0,94.41,916171.14,321910.76,754585050.6442325,-929258.0155189037,-272349.61999999994,-6235340.550000013,0.0001
2026-08-23 22:45:00 CST,1787496300000,94.42,95.19,94.4,95.06,473080.30000000005,269542.37,740398377.5976268,5832518.149226785,66004.43999999997,-6169336.110000013,0.0001
2026-08-23 23:00:00 CST,1787497200000,95.05,95.47,94.65,95.28,334030.22,171368.09000000003,744004738.1431931,4200357.490693092,8705.960000000021,-6160630.1500000125,0.0001
2026-08-23 23:15:00 CST,1787498100000,95.28,95.48,94.85,95.45,245363.29,120867.37,745151830.3887705,2385252.828500986,-3628.5499999999956,-6164258.700000012,0.0001
2026-08-23 23:30:00 CST,1787499000000,95.46,95.9,95.45,95.71,343810.62,177845.79,752501852.0468336,5569634.648548722,11880.960000000021,-6152377.740000012,0.0001
2026-08-23 23:45:00 CST,1787499900000,95.71,95.76,95.28,95.35,162401.59000000003,68350.54000000001,751021484.2704732,-1246382.2389782667,-25700.510000000006,-6178078.250000013,0.0001
2026-08-24 00:00:00 CST,1787500800000,95.36,95.55,95.26,95.42,126348.25,55600.67,750046960.606464,650969.8865685463,-15146.91,-6193225.160000013,0.0001
2026-08-24 00:15:00 CST,1787501700000,95.43,95.43,95.16,95.41,108850.37,49830.649999999994,750576967.6346346,-292900.1862728596,-9189.070000000003,-6202414.230000013,0.0001
2026-08-24 00:30:00 CST,1787502600000,95.42,95.71,95.33,95.54,129984.55000000002,66742.2,751709532.1533668,856853.6588568687,3499.849999999995,-6198914.380000012,0.0001
2026-08-24 00:45:00 CST,1787503500000,95.55,95.64,95.27,95.41,121166.14,62147.92,750517018.533621,-1184440.9298790693,3129.699999999997,-6195784.680000012,0.0001
2026-08-24 01:00:00 CST,1787504400000,95.41,95.48,94.81,95.38,252535.75,101710.79999999999,750720477.8937,71375.35169994831,-49114.14999999998,-6244898.830000012,0.0001
2026-08-24 01:15:00 CST,1787505300000,95.38,95.52,95.08,95.18,122527.75,64433.19,749242775.5607438,-1175140.3621453047,6338.630000000005,-6238560.200000012,0.0001
2026-08-24 01:30:00 CST,1787506200000,95.18,95.26,94.81,95.11,117383.73999999999,49204.99999999999,748025997.632,-708163.9519209862,-18973.740000000005,-6257533.9400000125,0.0001
2026-08-24 01:45:00 CST,1787507100000,95.11,95.29,95.05,95.11,100253.23999999999,48227.05,748687830.551223,672399.3576229811,-3799.1399999999994,-6261333.080000012,0.0001
2026-08-24 02:00:00 CST,1787508000000,95.1,95.39,94.94,95.24,141811.03,72209.41,750128997.1672,1065175.5279963017,2607.790000000001,-6258725.290000011,0.0001
2026-08-24 02:15:00 CST,1787508900000,95.23,95.47,95.12,95.36,121286.53,52288.91,752729640.2308652,1234354.4352651834,-16708.71,-6275434.000000012,0.0001
2026-08-24 02:30:00 CST,1787509800000,95.37,95.4,95.09,95.28,84552.03,45418.0,751591490.245,-1638401.7179000378,6283.969999999999,-6269150.030000012,0.0001
2026-08-24 02:45:00 CST,1787510700000,95.29,95.35,95.1,95.3,65783.25,34351.130000000005,751991334.0513855,-88826.13865625858,2919.0100000000057,-6266231.020000013,0.0001
2026-08-24 03:00:00 CST,1787511600000,95.3,95.43,94.86,95.04,120322.22,48380.07,751498811.9844,-1509206.0077952147,-23562.079999999994,-6289793.100000013,0.0001
2026-08-24 03:15:00 CST,1787512500000,95.05,95.12,94.94,95.04,55210.42,25955.14,751584165.363184,142291.2251701355,-3300.1399999999994,-6293093.240000012,0.0001
2026-08-24 03:30:00 CST,1787513400000,95.04,95.37,94.81,95.3,114117.78,63180.67,752412548.3302072,1042542.3560310602,12243.559999999998,-6280849.680000013,0.0001
2026-08-24 03:45:00 CST,1787514300000,95.3,95.48,95.03,95.06,160131.53,73362.61,753957782.9607115,589524.5553822517,-13406.310000000001,-6294255.990000013,0.0001
2026-08-24 04:00:00 CST,1787515200000,95.07,95.15,94.72,95.05,174024.4,91495.28,751345640.4976647,-1479029.2330787182,8966.159999999996,-6285289.830000013,0.0001
2026-08-24 04:15:00 CST,1787516100000,95.05,95.4,95.0,95.27,71519.70999999999,38197.229999999996,753471131.4475195,1845176.4062228203,4874.750000000004,-6280415.080000013,0.0001
2026-08-24 04:30:00 CST,1787517000000,95.28,95.37,95.13,95.19,77812.63,47573.95,753231314.7188005,-177983.6468063593,17335.270000000004,-6263079.810000013,0.0001
2026-08-24 04:45:00 CST,1787517900000,95.18,95.19,95.0,95.07,39149.69,21054.15,752583128.1408,-981099.4717999697,2958.6100000000006,-6260121.200000013,0.0001
2026-08-24 05:00:00 CST,1787518800000,95.07,95.89,95.07,95.65,274045.71,175617.33000000002,755308499.3031329,2448168.4744261503,77188.95,-6182932.250000013,0.0001
2026-08-24 05:15:00 CST,1787519700000,95.65,96.25,95.64,96.11,331593.71,201357.41,752518925.5563815,-2439736.668916464,71121.11,-6111811.140000013,0.0001
2026-08-24 05:30:00 CST,1787520600000,96.11,96.27,95.18,95.27,327328.2,143450.22,745482754.8019706,-7164673.239775538,-40427.76000000002,-6152238.9000000125,0.0001
2026-08-24 05:45:00 CST,1787521500000,95.28,95.68,95.22,95.34,133235.56,68185.68,748659622.3925421,3336787.082742095,3135.800000000003,-6149103.100000013,0.0001
2026-08-24 06:00:00 CST,1787522400000,95.35,95.72,94.76,95.24,414524.85000000003,195826.64,747301331.8022227,-1331501.2810055017,-22871.569999999992,-6171974.670000013,0.0001
2026-08-24 06:15:00 CST,1787523300000,95.24,95.77,95.08,95.56,206063.66,116452.85,749258942.8524606,1168936.754338622,26842.040000000008,-6145132.630000013,0.0001
2026-08-24 06:30:00 CST,1787524200000,95.56,95.69,95.37,95.53,106380.62,53152.78,750186430.7896,387084.6809273958,-75.06000000000131,-6145207.6900000125,0.0001
2026-08-24 06:45:00 CST,1787525100000,95.54,95.73,95.33,95.59,117907.19,57489.579999999994,749821892.463087,292717.8882225752,-2928.030000000006,-6148135.720000013,0.0001
2026-08-24 07:00:00 CST,1787526000000,95.6,95.69,95.01,95.16,172498.53,76028.39,747784514.2317597,-1994765.067908287,-20441.750000000007,-6168577.470000013,0.0001
2026-08-24 07:15:00 CST,1787526900000,95.16,95.65,95.02,95.48,128971.20000000001,68565.81,746709447.3475072,311172.844039917,8160.419999999998,-6160417.050000013,0.0001
2026-08-24 07:30:00 CST,1787527800000,95.48,95.89,95.02,95.18,198982.14,102580.92000000001,747433887.4808,-1797869.2079999447,6179.700000000004,-6154237.350000013,0.0001
2026-08-24 07:45:00 CST,1787528700000,95.18,95.62,95.15,95.44,114339.07999999999,66736.8,747343932.0541972,410011.7041013241,19134.52,-6135102.830000013,0.0001
2026-08-24 08:00:00 CST,1787529600000,95.45,95.52,94.92,95.23,172640.05,68952.93000000001,748105303.0275135,438779.923653245,-34734.18999999999,-6169837.020000013,0.0001
2026-08-24 08:15:00 CST,1787530500000,95.22,95.25,93.51,94.52,544427.81,250665.23,744817114.0444854,-2073508.845323801,-43097.34999999999,-6212934.370000012,0.0001
2026-08-24 08:30:00 CST,1787531400000,94.52,95.1,94.33,94.35,398542.14,187846.96000000002,743009524.1780262,-482663.3047333956,-22848.21999999998,-6235782.590000013,0.0001
2026-08-24 08:45:00 CST,1787532300000,94.35,95.56,94.13,95.54,503761.43999999994,284012.61,745218701.4770832,5345829.109083176,64263.78,-6171518.810000014,0.0001
2026-08-24 09:00:00 CST,1787533200000,95.54,95.56,94.86,94.9,253919.45,94543.72,742778576.3019,-6244523.126924157,-64832.01,-6236350.820000014,0.0001
2026-08-24 09:15:00 CST,1787534100000,94.9,94.95,94.45,94.49,212832.28000000003,103182.25,738678743.1321,-4049218.034547329,-6467.780000000006,-6242818.6000000145,0.0001
2026-08-24 09:30:00 CST,1787535000000,94.48,94.67,94.18,94.2,224440.59,98299.96,739196392.278034,753407.5556340218,-27840.67,-6270659.270000015,0.0001
2026-08-24 09:45:00 CST,1787535900000,94.2,94.29,93.7,93.85,317872.4,129996.59,740492885.0568886,1957102.9886885881,-57879.22000000001,-6328538.490000016,0.0001
2026-08-24 10:00:00 CST,1787536800000,93.86,94.54,93.65,94.43,297359.79,129653.18,740002388.3060553,1713744.850055337,-38053.42999999999,-6366591.920000016,0.0001
2026-08-24 10:15:00 CST,1787537700000,94.44,94.78,94.43,94.78,146150.73,80721.18,745104646.212,1350680.744748354,15291.630000000001,-6351300.290000016,0.0001
2026-08-24 10:30:00 CST,1787538600000,94.78,95.05,94.62,94.73,139549.72999999998,66459.75,746501335.0716,243413.1746441126,-6630.230000000003,-6357930.520000016,0.0001
2026-08-24 10:45:00 CST,1787539500000,94.73,94.74,94.02,94.57,290713.25,110712.55,743307211.404,-1779574.742143035,-69288.15,-6427218.670000016,0.0001
2026-08-24 11:00:00 CST,1787540400000,94.58,94.65,93.84,93.86,161261.62,68620.0,741097582.5792,-3618664.6407091618,-24021.620000000003,-6451240.290000015,0.0001
2026-08-24 11:15:00 CST,1787541300000,93.86,94.23,93.75,93.76,141174.99,78110.35,741960875.07,1499465.5044246912,15045.71,-6436194.580000015,0.0001
2026-08-24 11:30:00 CST,1787542200000,93.76,94.0,93.42,93.75,227227.43,103661.14000000001,739310895.6427344,-41242.50312554836,-19905.149999999994,-6456099.730000015,0.0001
2026-08-24 11:45:00 CST,1787543100000,93.75,94.09,93.63,93.66,117564.69,59917.32,739853599.7987618,937167.2987618446,2269.9500000000007,-6453829.780000015,0.0001
2026-08-24 12:00:00 CST,1787544000000,93.66,94.04,93.63,93.96,133035.68,75348.23999999999,741260941.261134,2208736.8923339844,17660.799999999992,-6436168.980000014,0.0001
2026-08-24 12:15:00 CST,1787544900000,93.96,94.31,93.96,94.27,130252.45000000001,72122.29000000001,743267498.2656,892726.6437000036,13992.130000000005,-6422176.8500000145,0.0001
2026-08-24 12:30:00 CST,1787545800000,94.28,94.33,93.97,94.24,108596.02,48556.58,742891153.3434,-1549098.7309999466,-11482.86,-6433659.710000015,0.0001
2026-08-24 12:45:00 CST,1787546700000,94.24,94.34,93.64,94.2,190589.37,82479.13,740331302.502071,-3482457.0382324457,-25631.109999999997,-6459290.820000015,0.0001
2026-08-24 13:00:00 CST,1787547600000,94.2,94.56,93.69,94.5,329224.66,143308.56,738942090.0316,-3117048.1063702106,-42607.53999999999,-6501898.360000015,0.0001
2026-08-24 13:15:00 CST,1787548500000,94.5,94.66,93.95,94.03,248385.62,131366.05,737619890.308024,-3103274.4309933186,14346.48000000001,-6487551.880000016,0.0001
2026-08-24 13:30:00 CST,1787549400000,94.03,94.38,93.44,94.12,310629.26999999996,157872.94,735041975.7391586,-2454776.478841424,5116.610000000015,-6482435.270000015,0.0001
2026-08-24 13:45:00 CST,1787550300000,94.12,94.31,93.98,94.26,118938.95000000001,64228.0,739383833.1642108,1120619.4217108488,9517.049999999996,-6472918.220000016,0.0001
2026-08-24 14:00:00 CST,1787551200000,94.25,94.39,93.76,94.32,191742.02000000002,106422.66,738148686.9405,-1447563.0187244415,21103.300000000003,-6451814.920000016,0.0001
2026-08-24 14:15:00 CST,1787552100000,94.33,94.46,94.11,94.23,170941.15,72739.73,739273062.3893063,1028211.3085062504,-25461.689999999995,-6477276.610000015,0.0001
2026-08-24 14:30:00 CST,1787553000000,94.22,94.27,93.85,93.96,121397.67,48885.36,735047705.546,-3050104.578999996,-23626.949999999997,-6500903.560000015,0.0001
2026-08-24 14:45:00 CST,1787553900000,93.96,94.63,93.92,94.54,257394.74,131168.91,737938822.5715284,2586257.084528446,4943.079999999987,-6495960.480000015,0.0001
2026-08-24 15:00:00 CST,1787554800000,94.54,95.46,94.48,95.31,323068.9,167340.74,745181465.3035096,4075632.9227108955,11612.580000000002,-6484347.900000016,0.0001
2026-08-24 15:15:00 CST,1787555700000,95.32,95.32,94.25,94.3,344291.51,140741.5,744268385.0043,-4837175.072100043,-62808.51000000001,-6547156.410000017,0.0001
2026-08-24 15:30:00 CST,1787556600000,94.3,94.41,93.96,94.01,263083.28,135575.49,736285689.3803009,-2507680.422699094,8067.6999999999825,-6539088.710000017,0.0001
2026-08-24 15:45:00 CST,1787557500000,94.02,94.43,93.98,94.1,307064.52999999997,155280.12,741683873.8105506,5981616.191426277,3495.7100000000137,-6535593.000000018,0.0001
2026-08-24 16:00:00 CST,1787558400000,94.11,94.37,93.92,94.04,163103.25,74923.67,741472474.519,1583892.372513771,-13255.910000000003,-6548848.910000018,0.0001
2026-08-24 16:15:00 CST,1787559300000,94.04,94.04,93.22,93.38,422135.28,144082.91,740426423.7482753,-952181.1793247461,-133969.46,-6682818.370000018,0.0001
2026-08-24 16:30:00 CST,1787560200000,93.37,93.98,93.34,93.97,159303.11000000002,96644.17000000001,743378494.068,5190308.296599984,33985.22999999999,-6648833.140000017,0.0001
2026-08-24 16:45:00 CST,1787561100000,93.96,94.08,93.81,93.92,107931.23999999999,45956.38999999999,744722977.4058,-502494.44770002365,-16018.46,-6664851.600000016,0.0001
2026-08-24 17:00:00 CST,1787562000000,93.91,94.59,93.86,94.55,232847.44,121752.78,749363736.5643812,4581134.238066196,10658.120000000017,-6654193.480000016,0.0001
2026-08-24 17:15:00 CST,1787562900000,94.56,94.69,94.32,94.64,156964.39,70474.53,748113075.556931,-1286502.3694689274,-16015.329999999994,-6670208.810000016,0.0001
2026-08-24 17:30:00 CST,1787563800000,94.63,94.9,94.62,94.69,155108.76,72469.26999999999,752297764.4028468,3000685.6544259787,-10170.219999999998,-6680379.030000016,0.0001
2026-08-24 17:45:00 CST,1787564700000,94.7,94.82,94.63,94.67,85692.35,39203.31,751440829.7459489,-6210.412774205208,-7285.729999999994,-6687664.760000016,0.0001
2026-08-24 18:00:00 CST,1787565600000,94.66,95.14,94.58,95.03,293482.77,177621.0,749760182.3636713,-471531.81453824043,61759.229999999974,-6625905.530000015,0.0001
2026-08-24 18:15:00 CST,1787566500000,95.03,95.05,94.78,94.83,151128.56,55735.170000000006,750056060.948815,-2673494.6478250027,-39658.21999999999,-6665563.750000015,0.0001
2026-08-24 18:30:00 CST,1787567400000,94.83,95.02,94.71,94.81,170401.26,80875.08,749379840.9957448,-209572.74129486084,-8651.099999999999,-6674214.8500000145,0.0001
2026-08-24 18:45:00 CST,1787568300000,94.8,94.92,94.56,94.71,124669.29999999999,45278.479999999996,748428978.0806042,-920616.1521503925,-34112.340000000004,-6708327.190000014,0.0001
2026-08-24 19:00:00 CST,1787569200000,94.7,94.74,94.23,94.67,242228.61,96230.29999999999,746472492.458,-1684190.2140001059,-49768.01000000002,-6758095.200000014,0.0001
2026-08-24 19:15:00 CST,1787570100000,94.67,94.94,94.5,94.89,112960.72,60485.950000000004,746335832.5540054,1260462.3824919462,8011.18,-6750084.020000014,0.0001
2026-08-24 19:30:00 CST,1787571000000,94.89,96.3,94.84,96.25,683154.0,387202.02,754987926.6307338,7487146.0171717405,91250.04000000005,-6658833.980000014,0.0001
2026-08-24 19:45:00 CST,1787571900000,96.24,96.32,95.45,95.84,396453.36,203968.7,752507975.3224232,-5685042.266235113,11484.039999999994,-6647349.940000014,0.0001
2026-08-24 20:00:00 CST,1787572800000,95.83,95.84,95.23,95.28,237926.96,111414.7,749274656.0133741,-3672523.2128133774,-15097.560000000005,-6662447.500000015,0.0001
2026-08-24 20:15:00 CST,1787573700000,95.28,95.58,93.6,95.41,1118963.29,555615.0700000001,762935147.7275267,15403558.486726642,-7733.14999999998,-6670180.650000015,0.0001
2026-08-24 20:30:00 CST,1787574600000,95.42,96.14,95.26,95.93,456109.58,227704.22,765051679.68,2851521.766244769,-701.1399999999994,-6670881.790000016,0.0001
2026-08-24 20:45:00 CST,1787575500000,95.93,96.67,95.9,96.26,536757.41,304540.38,767476035.6664,2731093.450599909,72323.34999999998,-6598558.440000015,0.0001
2026-08-24 21:00:00 CST,1787576400000,96.27,96.51,95.86,96.36,331577.77,139430.13,771165138.1734555,2272893.4388610125,-52717.51000000001,-6651275.950000015,0.0001
2026-08-24 21:15:00 CST,1787577300000,96.36,96.42,95.96,96.05,211238.38,82384.20999999999,770540672.5243727,-1932393.391462922,-46469.96,-6697745.910000015,0.0001
2026-08-24 21:30:00 CST,1787578200000,96.05,96.07,94.53,94.77,865468.12,380398.5,762848265.0196431,-6870150.370756984,-104671.12,-6802417.030000015,0.0001
2026-08-24 21:45:00 CST,1787579100000,94.76,95.09,94.24,94.99,632262.27,327931.89,758536617.091712,907218.2909120321,23601.51000000001,-6778815.520000014,0.0001
2026-08-24 22:00:00 CST,1787580000000,94.99,95.66,94.8,95.64,369797.16000000003,196887.93,766614074.1415,3365645.091500044,23978.70000000001,-6754836.820000014,0.0001
2026-08-24 22:15:00 CST,1787580900000,95.64,96.12,95.26,95.75,453283.64999999997,224107.93,762721791.402,-6520718.677109361,-5067.789999999994,-6759904.610000014,0.0001
2026-08-24 22:30:00 CST,1787581800000,95.75,96.72,95.71,96.45,552955.52,282467.9,772517642.9319,6538124.134781361,11980.279999999999,-6747924.330000014,0.0001
2026-08-24 22:45:00 CST,1787582700000,96.45,96.55,95.48,96.07,537324.85,206446.76,768806584.4293377,-3599489.3587299585,-124431.32999999999,-6872355.660000014,0.0001
2026-08-24 23:00:00 CST,1787583600000,96.08,96.53,95.97,96.26,211201.29000000004,111449.6,773361847.5201132,2458368.938513279,11697.909999999996,-6860657.750000014,0.0001
2026-08-24 23:15:00 CST,1787584500000,96.25,97.57,96.21,97.3,668035.48,402379.01,779054208.3776,4912937.96359992,136722.53999999998,-6723935.210000014,0.0001
2026-08-24 23:30:00 CST,1787585400000,97.29,97.31,96.12,96.47,628729.44,233005.44,775136528.936,-2703674.7271000147,-162718.56,-6886653.7700000135,0.0001
2026-08-24 23:45:00 CST,1787586300000,96.46,96.82,96.12,96.43,550335.19,237880.56,771173956.2828,1071786.4173964262,-74574.07,-6961227.840000013,0.0001
2026-08-25 00:00:00 CST,1787587200000,96.43,97.14,96.43,96.76,329886.12,166044.93999999997,774104992.438296,5737631.208195925,2203.7599999999948,-6959024.080000013,0.0001
2026-08-25 00:15:00 CST,1787588100000,96.76,97.56,96.68,97.04,402387.76000000007,210241.44999999998,774659020.3344,866123.6968108416,18095.139999999978,-6940928.940000013,0.0001
2026-08-25 00:30:00 CST,1787589000000,97.03,97.38,96.58,96.7,300643.24,153194.09999999998,769085400.3870786,-4574367.522114992,5744.960000000006,-6935183.9800000135,0.0001
2026-08-25 00:45:00 CST,1787589900000,96.7,96.76,95.7,96.03,433163.19999999995,182585.96,754930922.256,-12059029.050478458,-67991.28000000001,-7003175.260000014,0.0001
2026-08-25 01:00:00 CST,1787590800000,96.04,96.18,95.22,95.88,528237.93,282068.45,756966371.0955,231458.4320999384,35898.97000000003,-6967276.290000014,0.0001
2026-08-25 01:15:00 CST,1787591700000,95.88,96.08,94.76,94.9,824969.45,422698.0,750130436.6522346,-4796572.589965463,20426.54999999999,-6946849.740000014,0.0001
2026-08-25 01:30:00 CST,1787592600000,94.91,95.32,94.81,94.83,326637.62,216017.1,753974014.9334284,2445579.426810503,105396.58000000005,-6841453.160000014,0.0001
2026-08-25 01:45:00 CST,1787593500000,94.82,95.39,94.78,95.36,215057.27,120559.59,753815798.8716,2233830.8741289377,26061.90999999999,-6815391.250000014,0.0001
2026-08-25 02:00:00 CST,1787594400000,95.35,96.04,95.35,95.97,326992.92,188311.0,756961368.4129165,3098277.4030321836,49629.08,-6765762.170000014,0.0001
2026-08-25 02:15:00 CST,1787595300000,95.97,96.39,95.91,96.25,238762.21000000002,123406.04000000001,759513223.494577,1021915.5169770718,8049.870000000017,-6757712.300000014,0.0001
2026-08-25 02:30:00 CST,1787596200000,96.25,96.4,95.72,96.19,219943.7,81201.01,757640771.7001693,-3170154.5332289934,-57541.68,-6815253.980000014,0.0001
2026-08-25 02:45:00 CST,1787597100000,96.19,96.32,95.66,95.88,165428.64,70511.98,757530182.6998,-2363295.3907999992,-24404.68,-6839658.660000014,0.0001
2026-08-25 03:00:00 CST,1787598000000,95.88,96.24,95.37,95.79,410489.78,177760.33000000002,756073996.1543852,-1272541.7005019188,-54969.12000000001,-6894627.780000013,0.0001
2026-08-25 03:15:00 CST,1787598900000,95.78,95.94,95.38,95.91,206885.23,95431.78,757076224.078,-1166322.022546649,-16021.670000000013,-6910649.450000012,0.0001
2026-08-25 03:30:00 CST,1787599800000,95.91,96.57,95.83,96.24,261985.40000000002,124937.95999999999,761270243.6584606,1241323.552060604,-12109.480000000018,-6922758.930000013,0.0001
2026-08-25 03:45:00 CST,1787600700000,96.25,96.62,96.05,96.5,300834.75,120085.87,762254054.3437,1217113.2845796347,-60663.009999999995,-6983421.940000013,0.0001
2026-08-25 04:00:00 CST,1787601600000,96.51,96.65,96.05,96.19,198619.43,72458.25,760930666.7943423,-771975.3166723251,-53702.92999999999,-7037124.870000013,0.0001
2026-08-25 04:15:00 CST,1787602500000,96.19,96.19,95.69,95.89,125065.63,57778.98000000001,757757067.2376637,-1799420.398788929,-9507.669999999991,-7046632.540000014,0.0001
2026-08-25 04:30:00 CST,1787603400000,95.9,96.74,95.83,96.58,315026.36,146306.34,765181572.7074,8172229.837903023,-22413.679999999993,-7069046.220000015,0.0001
2026-08-25 04:45:00 CST,1787604300000,96.58,96.59,96.31,96.52,59880.16,29668.200000000004,763627781.408,-1202328.0794000626,-543.7599999999984,-7069589.980000014,0.0001
2026-08-25 05:00:00 CST,1787605200000,96.52,96.99,96.51,96.87,195716.6,111487.90000000001,764150829.6535422,316377.24339079857,27259.200000000004,-7042330.780000014,0.0001
2026-08-25 05:15:00 CST,1787606100000,96.86,96.89,96.57,96.73,97235.31,31871.79,763206007.4647716,-2473579.9887275696,-33491.729999999996,-7075822.510000015,0.0001
2026-08-25 05:30:00 CST,1787607000000,96.74,96.93,96.71,96.88,89865.83,39334.24,764670291.4731402,1055750.310489297,-11197.350000000002,-7087019.860000015,0.0001
2026-08-25 05:45:00 CST,1787607900000,96.87,97.55,96.79,97.45,233001.22999999998,124802.26,767405353.0383,2277886.9703000784,16603.290000000008,-7070416.570000015,0.0001
2026-08-25 06:00:00 CST,1787608800000,97.44,97.81,97.1,97.4,344324.94,177402.30000000002,774140356.1136,4824958.247121334,10479.660000000007,-7059936.910000014,0.0001
2026-08-25 06:15:00 CST,1787609700000,97.39,97.65,97.34,97.51,150633.64,66532.58,776207874.644,2084668.390479803,-17568.479999999985,-7077505.390000015,0.0001
2026-08-25 06:30:00 CST,1787610600000,97.5,98.72,97.46,97.64,815319.53,458147.52,783528831.5351597,6766444.726736546,100975.50999999998,-6976529.880000014,0.0001
2026-08-25 06:45:00 CST,1787611500000,97.64,97.96,97.27,97.42,419878.92000000004,205978.79,775401216.6712154,1727193.2748154402,-7921.340000000026,-6984451.220000014,0.0001
2026-08-25 07:00:00 CST,1787612400000,97.42,97.91,97.24,97.54,305300.58,167755.92,783718897.7914876,7172163.325487614,30211.260000000017,-6954239.960000013,0.0001
2026-08-25 07:15:00 CST,1787613300000,97.54,98.48,97.45,98.19,286680.87,163965.0,788306199.4916117,6520680.593611717,41249.130000000005,-6912990.830000013,0.0001
2026-08-25 07:30:00 CST,1787614200000,98.18,98.8,97.98,98.51,276377.86,140674.43,795654027.1810043,5579667.788085461,4971.0,-6908019.830000014,0.0001
2026-08-25 07:45:00 CST,1787615100000,98.51,98.99,98.2,98.96,330952.39,191772.08000000002,795968249.1043,695337.5591899157,52591.770000000004,-6855428.060000014,0.0001
2026-08-25 08:00:00 CST,1787616000000,98.95,102.47,98.53,100.58,2434198.0300000003,1444368.81,798565340.3880215,-4127929.88717854,454539.59,-6400888.470000014,0.0001
2026-08-25 08:15:00 CST,1787616900000,100.57,100.58,99.38,99.78,1116376.83,545062.79,813462382.7999978,-3653879.92835176,-26251.25000000003,-6427139.720000014,0.0001
2026-08-25 08:30:00 CST,1787617800000,99.78,102.46,99.54,101.9,1704766.24,1024927.56,829769901.8044585,21741067.132539034,345088.88,-6082050.840000014,0.0001
2026-08-25 08:45:00 CST,1787618700000,101.9,102.84,101.36,101.76,1161767.79,567555.8200000001,840113059.2923836,-236135.8201583624,-26656.150000000052,-6108706.990000013,0.0001
2026-08-25 09:00:00 CST,1787619600000,101.76,102.4,101.52,101.82,463879.77999999997,248997.45,844503055.6108,5910412.807600021,34115.119999999966,-6074591.870000013,0.0001
2026-08-25 09:15:00 CST,1787620500000,101.82,102.59,101.37,102.1,353202.63,190858.22,844176487.2720299,-40951.04702889919,28513.809999999998,-6046078.060000013,0.0001
2026-08-25 09:30:00 CST,1787621400000,102.09,102.36,100.9,100.95,387968.03,148160.34000000003,844586237.0559913,-3276674.091008663,-91647.35,-6137725.410000012,0.0001
2026-08-25 09:45:00 CST,1787622300000,100.94,101.3,100.07,100.47,565229.01,253809.25000000003,830209124.1880765,-5339699.812166095,-57610.50999999998,-6195335.920000013,0.0001
2026-08-25 10:00:00 CST,1787623200000,100.48,100.65,100.24,100.36,321510.57,163497.72999999998,828678571.4715489,-1872360.522051096,5484.890000000014,-6189851.030000012,0.0001
2026-08-25 10:15:00 CST,1787624100000,100.37,102.33,100.21,102.25,1137519.76,607098.5,839628093.2823433,10672691.557543278,76677.23999999993,-6113173.790000012,0.0001
2026-08-25 10:30:00 CST,1787625000000,102.25,102.33,101.57,101.64,562693.77,265487.67,841876991.0716217,-4941247.401478291,-31718.42999999998,-6144892.220000012,0.0001
2026-08-25 10:45:00 CST,1787625900000,101.63,101.74,100.27,100.9,747301.51,355829.20999999996,831251739.9517,-12498078.314011455,-35643.090000000026,-6180535.310000011,0.0001
2026-08-25 11:00:00 CST,1787626800000,100.9,101.59,100.84,101.44,343600.16000000003,206864.24,841533938.5601594,6064484.878159404,70128.31999999999,-6110406.9900000105,0.0001
2026-08-25 11:15:00 CST,1787627700000,101.45,101.8,101.2,101.64,226907.66999999998,105374.62,844383003.422647,-574754.8453530073,-16158.43,-6126565.42000001,0.0001
2026-08-25 11:30:00 CST,1787628600000,101.64,102.08,101.37,101.46,332257.24,152323.3,849687637.4366437,4745503.906385422,-27610.64000000003,-6154176.06000001,0.0001
2026-08-25 11:45:00 CST,1787629500000,101.45,101.82,101.16,101.6,283383.07,121728.72,847744701.1960328,622999.2105327845,-39925.63000000001,-6194101.69000001,0.0001
2026-08-25 12:00:00 CST,1787630400000,101.61,101.74,100.97,101.54,307391.95,117697.95000000001,843439756.4538714,-3514347.931425333,-71996.04999999999,-6266097.74000001,0.0001
2026-08-25 12:15:00 CST,1787631300000,101.54,101.72,101.19,101.42,205797.06,91311.27,847230379.2401428,1675582.7546428442,-23174.52000000001,-6289272.260000009,0.0001
2026-08-25 12:30:00 CST,1787632200000,101.41,102.0,100.82,100.91,497971.08,276126.22,842132945.1099359,-3341561.081236601,54281.35999999997,-6234990.900000009,0.0001
2026-08-25 12:45:00 CST,1787633100000,100.91,101.35,100.81,101.32,342185.02,237136.19,839775431.2163292,5132779.50277555,132087.36000000002,-6102903.540000008,0.0001
2026-08-25 13:00:00 CST,1787634000000,101.32,102.09,101.23,101.87,345408.47,157748.96000000002,848588692.105193,7112686.2141929865,-29910.54999999999,-6132814.090000008,0.0001
2026-08-25 13:15:00 CST,1787634900000,101.86,103.26,101.76,102.68,564217.06,353486.61,850760083.2020836,1022844.3304373026,142756.16000000003,-5990057.930000009,0.0001
2026-08-25 13:30:00 CST,1787635800000,102.68,102.76,101.67,101.69,419819.32999999996,180747.12,856673212.3515078,-5810655.995643616,-58325.09,-6048383.020000009,0.0001
2026-08-25 13:45:00 CST,1787636700000,101.7,102.45,101.67,101.88,222527.21000000002,128556.98,852848587.1995,5246157.332499981,34586.74999999999,-6013796.270000009,0.0001
2026-08-25 14:00:00 CST,1787637600000,101.89,102.03,101.39,101.67,244560.24000000002,129603.16,846837063.4648,-1663398.6138000488,14646.079999999987,-5999150.190000009,0.0001
2026-08-25 14:15:00 CST,1787638500000,101.68,102.07,101.54,101.57,197547.96,103674.97,843564313.5597316,-1447497.1785939932,9801.98000000001,-5989348.210000008,0.0001
2026-08-25 14:30:00 CST,1787639400000,101.58,101.58,101.04,101.13,227572.97000000003,94446.14000000001,836150038.9242,-5959834.649399996,-38680.69000000001,-6028028.900000008,0.0001
2026-08-25 14:45:00 CST,1787640300000,101.12,101.17,100.41,100.75,375162.5,144526.31,828790824.1919104,-6098882.931289673,-86109.88,-6114138.780000008,0.0001
2026-08-25 15:00:00 CST,1787641200000,100.75,101.66,100.58,101.45,351198.74,173963.18000000002,832409801.8914,5430691.681399941,-3272.37999999999,-6117411.160000007,0.0001
2026-08-25 15:15:00 CST,1787642100000,101.44,101.95,101.27,101.64,181675.16999999998,94282.08,830152538.0979283,-1196542.676071763,6888.990000000005,-6110522.170000007,0.0001
2026-08-25 15:30:00 CST,1787643000000,101.65,101.71,101.35,101.67,128823.29999999999,62517.47,829050086.7474,-2480522.808599949,-3788.3599999999933,-6114310.530000007,0.0001
2026-08-25 15:45:00 CST,1787643900000,101.67,101.75,99.48,100.22,919795.64,399456.00000000006,817651701.6374875,-14550651.536836028,-120883.63999999994,-6235194.170000007,0.0001
2026-08-25 16:00:00 CST,1787644800000,100.22,100.43,99.71,100.28,395033.96,197916.37,817691221.1726503,51650.12697827816,798.7799999999843,-6234395.390000007,0.0001
2026-08-25 16:15:00 CST,1787645700000,100.28,101.08,100.22,100.99,411583.89,224726.48,826808048.2645781,6925958.880653858,37869.06999999999,-6196526.320000007,0.0001
2026-08-25 16:30:00 CST,1787646600000,101.0,101.12,100.23,100.74,287916.05,127384.67,820024431.2771188,-7583615.909667015,-33146.71000000001,-6229673.030000007,0.0001
2026-08-25 16:45:00 CST,1787647500000,100.74,100.75,100.32,100.38,183980.92,70028.14000000001,820448355.951,-1560762.2037000656,-43924.64,-6273597.670000006,0.0001
2026-08-25 17:00:00 CST,1787648400000,100.38,100.46,99.97,100.34,191134.45,79917.35999999999,817498210.2417,-1701269.1111279726,-31299.730000000003,-6304897.400000006,0.0001
2026-08-25 17:15:00 CST,1787649300000,100.34,100.56,100.02,100.13,123199.1,55733.99,820000154.5554,1244048.9664000273,-11731.120000000006,-6316628.520000006,0.0001
2026-08-25 17:30:00 CST,1787650200000,100.14,100.64,100.14,100.41,124404.79000000001,66075.6,820197566.1065693,2730238.8443692923,7746.410000000007,-6308882.110000007,0.0001
2026-08-25 17:45:00 CST,1787651100000,100.41,100.54,99.25,99.79,499927.4,211227.38,811268986.0098883,-9330370.456911683,-77472.63999999997,-6386354.7500000065,0.0001
2026-08-25 18:00:00 CST,1787652000000,99.78,99.88,99.04,99.43,412340.16000000003,152322.38,813679975.2963,300673.9363000393,-107695.40000000002,-6494050.150000007,0.0001
2026-08-25 18:15:00 CST,1787652900000,99.42,99.76,99.26,99.53,267071.02,139897.05,818527925.9772,1498765.5332000256,12723.079999999987,-6481327.070000007,0.0001
2026-08-25 18:30:00 CST,1787653800000,99.53,99.64,99.27,99.57,129803.29999999999,48087.93,818337854.0665014,-168778.78369867802,-33627.44,-6514954.510000006,0.0001
2026-08-25 18:45:00 CST,1787654700000,99.56,99.84,99.48,99.6,150550.37,64969.97,821453260.9943,1793181.5004107952,-20610.430000000008,-6535564.940000006,0.0001
2026-08-25 19:00:00 CST,1787655600000,99.6,99.69,98.74,98.96,288025.01,99657.34,818158822.4034,-2170892.2662849426,-88710.33,-6624275.270000005,0.0001
2026-08-25 19:15:00 CST,1787656500000,98.96,99.11,98.46,98.85,441079.80999999994,228090.16,809807821.8153,-2761718.261500001,15100.510000000024,-6609174.760000005,0.0001
2026-08-25 19:30:00 CST,1787657400000,98.85,99.23,98.65,98.66,224354.56999999998,99847.54000000001,809540530.7724,9557.96800005436,-24659.489999999983,-6633834.250000005,0.0001
2026-08-25 19:45:00 CST,1787658300000,98.66,98.83,98.51,98.6,165579.13,82615.89,807867395.1306,395960.5327241421,-347.34999999999127,-6634181.600000005,0.0001
2026-08-25 20:00:00 CST,1787659200000,98.59,98.83,97.77,98.49,587057.8999999999,272473.65,806840971.1342465,-1378975.3909535408,-42110.59999999996,-6676292.200000005,0.0001
2026-08-25 20:15:00 CST,1787660100000,98.48,98.54,97.43,98.18,619083.8500000001,253869.41999999998,805113955.7355,-4394961.9983000755,-111345.01000000001,-6787637.210000005,0.0001
2026-08-25 20:30:00 CST,1787661000000,98.19,98.35,97.79,98.29,231883.37000000002,112181.72,812090312.3702167,-790458.7767832279,-7519.930000000015,-6795157.140000005,0.0001
2026-08-25 20:45:00 CST,1787661900000,98.29,98.69,98.2,98.57,259899.0,156212.19999999998,816551804.6894128,2944703.2319128513,52525.39999999999,-6742631.740000005,0.0001
2026-08-25 21:00:00 CST,1787662800000,98.56,98.78,97.98,98.1,260543.48,119558.6,813542263.746,-2236831.5841286182,-21426.28,-6764058.020000005,0.0001
2026-08-25 21:15:00 CST,1787663700000,98.1,98.11,96.52,96.94,915308.22,358025.33,809853401.56,-1774684.8604000807,-199257.55999999994,-6963315.580000005,0.0001
2026-08-25 21:30:00 CST,1787664600000,96.94,98.23,96.87,97.46,697382.9099999999,375966.71,818538888.213317,5792962.2069170475,54550.510000000024,-6908765.070000005,0.0001
2026-08-25 21:45:00 CST,1787665500000,97.46,97.54,96.17,97.12,879419.85,413941.91,805680895.0728,-7996557.267251849,-51536.03,-6960301.100000005,0.0001
2026-08-25 22:00:00 CST,1787666400000,97.12,97.93,96.87,97.74,481775.69999999995,277469.5,817841583.9050808,4787378.522046328,73163.30000000002,-6887137.800000005,0.0001
2026-08-25 22:15:00 CST,1787667300000,97.74,98.17,97.36,97.97,426318.99,224743.34,817807073.8577344,480169.48553442955,23167.690000000002,-6863970.110000005,0.0001
2026-08-25 22:30:00 CST,1787668200000,97.96,98.4,97.63,97.96,405500.9,210856.99,820713671.0394611,530906.136068821,16213.080000000016,-6847757.030000006,0.0001
2026-08-25 22:45:00 CST,1787669100000,97.97,98.33,97.96,98.18,171647.39,94275.42000000001,820880793.9728,656877.2544000149,16903.45000000001,-6830853.580000006,0.0001
2026-08-25 23:00:00 CST,1787670000000,98.18,98.28,97.69,97.72,246200.06,104722.97000000002,822231906.8637,811919.5731999874,-36754.11999999998,-6867607.700000005,0.0001
2026-08-25 23:15:00 CST,1787670900000,97.72,98.06,97.57,97.93,165093.85,82514.33,819952168.560928,1388928.7477792501,-65.18999999999505,-6867672.890000005,0.0001
2026-08-25 23:30:00 CST,1787671800000,97.92,98.47,97.81,98.03,203291.62,116184.51999999999,821813585.476,1586027.8975343704,29077.419999999984,-6838595.470000005,0.0001
2026-08-25 23:45:00 CST,1787672700000,98.02,98.38,97.77,98.32,154140.86000000002,92667.47,819928302.9884,-995077.0517859459,31194.079999999987,-6807401.390000004,0.0001
2026-08-26 00:00:00 CST,1787673600000,98.33,98.54,97.96,98.0,230329.15,100543.45,820601873.0635,-2784645.782899976,-29242.25,-6836643.640000004,0.0001
2026-08-26 00:15:00 CST,1787674500000,98.0,98.25,97.72,98.01,142792.2,74732.58,816843629.21,-1133233.8093464375,6672.959999999999,-6829970.680000004,0.0001
2026-08-26 00:30:00 CST,1787675400000,98.01,98.64,97.98,98.35,132308.36000000002,82251.22,820089472.916757,2243472.118644476,32194.079999999994,-6797776.600000004,0.0001
2026-08-26 00:45:00 CST,1787676300000,98.35,98.55,98.06,98.16,132891.37,61907.25,819753180.1088,-903877.2196999788,-9076.869999999999,-6806853.470000003,0.0001
2026-08-26 01:00:00 CST,1787677200000,98.15,98.17,97.39,97.62,254556.22,102425.72,812231441.3592877,-6043705.447566748,-49704.780000000006,-6856558.250000003,0.0001
2026-08-26 01:15:00 CST,1787678100000,97.62,97.97,97.46,97.59,181802.0,94387.72,813219727.4223701,926269.2825701237,6973.44000000001,-6849584.810000002,0.0001
2026-08-26 01:30:00 CST,1787679000000,97.58,98.08,97.58,98.0,142657.7,83739.58,814486914.18,1463448.4401999712,24821.46,-6824763.350000002,0.0001
2026-08-26 01:45:00 CST,1787679900000,98.01,98.18,97.95,98.16,103429.6,55094.01,818533788.0304303,750708.6472870111,6758.419999999998,-6818004.9300000025,0.0001
2026-08-26 02:00:00 CST,1787680800000,98.16,98.5,98.02,98.41,167736.11,85434.29000000001,818361250.8932033,-603100.9357967377,3132.4700000000084,-6814872.460000003,0.0001
2026-08-26 02:15:00 CST,1787681700000,98.42,98.8,98.36,98.67,211631.36000000002,114420.41999999998,822695094.105157,2759245.254245281,17209.479999999996,-6797662.980000002,0.0001
2026-08-26 02:30:00 CST,1787682600000,98.66,98.68,98.4,98.6,117677.12,48100.090000000004,822607940.6293349,-173769.97481882572,-21476.94,-6819139.920000002,0.0001
2026-08-26 02:45:00 CST,1787683500000,98.6,98.74,98.32,98.44,149842.95,60851.77,821303513.7286,-1773995.4569000006,-28139.409999999996,-6847279.330000002,0.0001
2026-08-26 03:00:00 CST,1787684400000,98.45,98.58,98.21,98.45,114434.51999999999,56051.770000000004,819901111.1447,-1066582.7242980003,-2330.979999999996,-6849610.310000001,0.0001
2026-08-26 03:15:00 CST,1787685300000,98.45,98.55,97.82,97.82,129256.11,51578.130000000005,818766215.5335,-1208626.1391755342,-26099.850000000002,-6875710.160000001,0.0001
2026-08-26 03:30:00 CST,1787686200000,97.83,97.96,97.42,97.5,283985.28,136940.86,811019998.1778646,-1921096.431635499,-10103.559999999998,-6885813.720000002,0.0001
2026-08-26 03:45:00 CST,1787687100000,97.5,97.93,97.49,97.9,163962.37,107568.48,814577803.2393,4671233.375400066,51174.59000000001,-6834639.130000002,0.0001
2026-08-26 04:00:00 CST,1787688000000,97.91,98.01,96.99,97.7,345004.02999999997,154231.66,813230718.2371042,-3373506.235851407,-36540.71000000001,-6871179.840000003,0.0001
2026-08-26 04:15:00 CST,1787688900000,97.71,97.98,97.64,97.65,88792.73,45519.490000000005,814805689.4613482,1459972.7723481655,2246.2500000000036,-6868933.590000003,0.0001
2026-08-26 04:30:00 CST,1787689800000,97.64,97.69,96.69,96.98,321539.64,129714.91,806704520.3616,-5867989.952099919,-62109.81999999999,-6931043.410000003,0.0001
2026-08-26 04:45:00 CST,1787690700000,96.98,97.1,96.59,96.63,403277.98,159392.58,801944640.5894,-2780465.4603999853,-84492.82,-7015536.230000002,0.0001
2026-08-26 05:00:00 CST,1787691600000,96.63,96.92,95.21,96.48,887620.58,377987.81,793092098.581788,-7975599.914212108,-131644.95999999996,-7147181.190000001,0.0001
2026-08-26 05:15:00 CST,1787692500000,96.48,96.72,96.09,96.72,269865.62,158444.59,796755214.8318216,-144839.97777843475,47023.55999999999,-7100157.630000001,0.0001
2026-08-26 05:30:00 CST,1787693400000,96.71,97.21,96.58,97.01,279065.63,166468.75,802721859.6614403,1995054.695040226,53871.87000000001,-7046285.760000002,0.0001
2026-08-26 05:45:00 CST,1787694300000,97.01,97.23,96.96,97.14,130785.20999999999,61405.61,802438003.15,1063452.0651999712,-7973.989999999994,-7054259.750000003,0.0001
2026-08-26 06:00:00 CST,1787695200000,97.14,97.61,97.14,97.6,171543.08,105930.69,805008772.5656,3739723.084100008,40318.30000000001,-7013941.450000003,0.0001
2026-08-26 06:15:00 CST,1787696100000,97.59,97.72,97.11,97.29,193850.36,88684.75,806856331.8818667,548683.1826803684,-16480.859999999993,-7030422.310000003,0.0001
2026-08-26 06:30:00 CST,1787697000000,97.29,97.52,97.16,97.21,95609.94,38516.47,803959830.967477,-826509.6611936092,-18577.000000000007,-7048999.310000003,0.0001
2026-08-26 06:45:00 CST,1787697900000,97.21,97.33,97.16,97.16,75245.70999999999,42760.009999999995,804095286.5531063,-165664.19729363918,10274.310000000003,-7038725.000000004,0.0001
2026-08-26 07:00:00 CST,1787698800000,97.16,97.38,96.94,97.13,147110.28,64001.71,802296011.16,-1471769.7053639889,-19106.86,-7057831.860000004,0.0001
2026-08-26 07:15:00 CST,1787699700000,97.13,97.25,96.81,97.03,156540.13,67892.36,800567679.4326,-2824889.4792000055,-20755.409999999996,-7078587.270000003,0.0001
2026-08-26 07:30:00 CST,1787700600000,97.03,97.05,96.51,96.68,137916.38,56727.770000000004,799931185.5998,-1180007.3728396893,-24460.839999999993,-7103048.110000003,0.0001
2026-08-26 07:45:00 CST,1787701500000,96.69,96.73,96.33,96.56,194892.02000000002,85265.95999999999,795755725.7904,-2962159.9614477158,-24360.1,-7127408.210000004,0.0001
2026-08-26 08:00:00 CST,1787702400000,96.56,96.76,96.13,96.21,291193.86,137004.9,796320294.021828,710706.5522280931,-17184.060000000012,-7144592.270000003,5.433e-05
2026-08-26 08:15:00 CST,1787703300000,96.21,96.5,96.12,96.5,132858.15,73827.53,796212438.231,2743751.366514325,14796.910000000003,-7129795.360000004,5.433e-05
2026-08-26 08:30:00 CST,1787704200000,96.5,96.7,96.13,96.48,192955.97999999998,106827.95000000001,794481062.7438,-3109531.9711999893,20699.920000000006,-7109095.440000004,5.433e-05
2026-08-26 08:45:00 CST,1787705100000,96.49,96.9,96.37,96.61,149853.71999999997,75977.23999999999,799905182.6736,3920128.959999919,2100.760000000002,-7106994.680000004,5.433e-05
2026-08-26 09:00:00 CST,1787706000000,96.61,97.24,96.57,96.89,187186.43,94531.13,800111268.2178,2386068.472599983,1875.8300000000017,-7105118.850000004,5.433e-05
2026-08-26 09:15:00 CST,1787706900000,96.89,97.06,96.71,96.74,99152.68,40163.25,798833003.4927,-8440.03050005436,-18826.179999999997,-7123945.030000004,5.433e-05
2026-08-26 09:30:00 CST,1787707800000,96.75,97.23,96.72,97.03,104493.02,63633.82,799493812.39185,2271877.3918499947,22774.619999999995,-7101170.410000004,5.433e-05
2026-08-26 09:45:00 CST,1787708700000,97.03,97.04,96.87,96.97,59346.59,33155.99,798519134.5335724,-376239.4216275215,6965.390000000005,-7094205.020000004,5.433e-05
2026-08-26 10:00:00 CST,1787709600000,96.98,97.02,96.74,96.87,70211.48999999999,36071.97,797046643.4254175,-1548244.4592393637,1932.4500000000007,-7092272.570000004,5.433e-05
2026-08-26 10:15:00 CST,1787710500000,96.87,97.49,96.86,97.48,155657.43,97214.95999999999,801864342.3951266,4147916.1372265816,38772.490000000005,-7053500.080000004,5.433e-05
2026-08-26 10:30:00 CST,1787711400000,97.49,97.5,97.25,97.33,111078.89,55488.58,801993329.0544,-1980980.4934684038,-101.72999999999229,-7053601.810000004,5.433e-05
2026-08-26 10:45:00 CST,1787712300000,97.33,97.37,97.11,97.23,84691.54,40924.84,800101537.8223239,-1864681.907176137,-2841.8599999999988,-7056443.670000005,5.433e-05
2026-08-26 11:00:00 CST,1787713200000,97.24,97.32,97.04,97.06,64288.94,24695.58,799958396.567,-765486.1345999241,-14897.779999999999,-7071341.450000004,5.433e-05
2026-08-26 11:15:00 CST,1787714100000,97.06,97.22,96.84,97.04,105310.87,41706.26,799782159.035328,179263.90342617035,-21898.35,-7093239.800000004,5.433e-05
2026-08-26 11:30:00 CST,1787715000000,97.05,97.17,96.76,97.06,128090.36,71470.19,799312580.9979588,351992.4999587536,14850.019999999997,-7078389.780000003,5.433e-05
2026-08-26 11:45:00 CST,1787715900000,97.07,97.12,96.86,97.01,95548.81,47887.07000000001,798833938.8059345,-395058.73026549816,225.33000000001266,-7078164.450000003,5.433e-05
2026-08-26 12:00:00 CST,1787716800000,97.0,97.19,96.78,96.91,114701.42,55660.58,799701646.0389,636887.8675581217,-3380.2600000000057,-7081544.710000004,5.433e-05
2026-08-26 12:15:00 CST,1787717700000,96.92,97.2,96.84,97.05,88271.56,46528.950000000004,799867397.7006567,1842681.8690567017,4786.340000000004,-7076758.370000004,5.433e-05
2026-08-26 12:30:00 CST,1787718600000,97.06,97.28,96.9,97.08,110622.15,58127.26,799105299.4192,-87786.88760006428,5632.369999999999,-7071126.000000004,5.433e-05
2026-08-26 12:45:00 CST,1787719500000,97.08,97.08,96.51,96.57,260608.25,90453.85,796362964.359,-2926638.207700014,-79700.54999999999,-7150826.550000004,5.433e-05
2026-08-26 13:00:00 CST,1787720400000,96.58,96.66,96.2,96.55,207188.52,78506.56,795490692.9233,-354850.2374999523,-50175.4,-7201001.950000003,5.433e-05
2026-08-26 13:15:00 CST,1787721300000,96.55,96.92,96.33,96.8,135848.11,80672.45,799099752.9202,2522833.482324004,25496.789999999994,-7175505.160000003,5.433e-05
2026-08-26 13:30:00 CST,1787722200000,96.79,97.17,96.73,97.14,168396.33000000002,110261.34,799932473.4015,1211727.7224336863,52126.35,-7123378.810000002,5.433e-05
2026-08-26 13:45:00 CST,1787723100000,97.14,97.14,96.95,97.04,63626.61,29557.66,799936402.6054307,-1730848.426552415,-4511.290000000001,-7127890.100000002,5.433e-05
2026-08-26 14:00:00 CST,1787724000000,97.03,97.34,96.94,96.99,179949.34,97312.67000000001,800097553.1392771,-929509.6441026926,14675.999999999989,-7113214.100000003,5.433e-05
2026-08-26 14:15:00 CST,1787724900000,96.98,97.05,96.6,96.69,83749.45,38428.46,796174726.1209,-3172535.577003598,-6892.5300000000025,-7120106.630000004,5.433e-05
2026-08-26 14:30:00 CST,1787725800000,96.68,96.8,96.46,96.71,120462.42,60082.41,795314359.2215,-1031136.9180999994,-297.59999999998763,-7120404.230000004,5.433e-05
2026-08-26 14:45:00 CST,1787726700000,96.71,96.79,96.6,96.76,70104.84,40443.61,796419014.0984,16653.376600027084,10782.38,-7109621.850000003,5.433e-05
2026-08-26 15:00:00 CST,1787727600000,96.75,97.02,96.62,96.9,183706.91999999998,65484.96,799726622.6306,3086032.857487321,-52736.99999999999,-7162358.850000004,5.433e-05
2026-08-26 15:15:00 CST,1787728500000,96.9,97.1,96.81,96.93,92732.01,55162.59,801316978.2622068,307902.39080679417,17593.170000000002,-7144765.680000004,5.433e-05
2026-08-26 15:30:00 CST,1787729400000,96.92,97.12,96.88,96.98,130742.31000000001,63496.68000000001,803300729.54,1373340.9143999815,-3748.949999999997,-7148514.630000005,5.433e-05
2026-08-26 15:45:00 CST,1787730300000,96.99,97.08,96.88,96.88,108315.51000000001,41492.82,801275101.041,-2044360.8508877754,-25329.869999999995,-7173844.500000005,5.433e-05
2026-08-26 16:00:00 CST,1787731200000,96.89,97.28,96.86,97.18,121720.32,62643.880000000005,803425889.6336,2787611.3200728893,3567.4400000000023,-7170277.060000005,6.042e-05
2026-08-26 16:15:00 CST,1787732100000,97.18,97.35,96.94,97.12,81706.73999999999,42457.479999999996,801636735.5176,-1484595.4903999567,3208.220000000005,-7167068.840000005,6.042e-05
2026-08-26 16:30:00 CST,1787733000000,97.13,97.17,96.94,97.15,67970.70999999999,32566.350000000002,801881948.06837,-830317.3204300404,-2838.010000000002,-7169906.850000006,6.042e-05
2026-08-26 16:45:00 CST,1787733900000,97.16,97.17,96.64,96.76,127457.77,43248.62,799621007.4725636,-3036623.8199005127,-40960.53,-7210867.380000006,6.042e-05
2026-08-26 17:00:00 CST,1787734800000,96.77,96.97,96.73,96.76,76331.82,42504.55,800771791.5769739,343956.35077393055,8677.280000000006,-7202190.100000006,6.042e-05
2026-08-26 17:15:00 CST,1787735700000,96.76,96.76,96.17,96.27,258559.2,106094.32,795092004.1176,-5499952.066200018,-46370.560000000005,-7248560.660000006,6.042e-05
2026-08-26 17:30:00 CST,1787736600000,96.26,96.43,95.91,95.91,189274.08000000002,73291.46,795948704.1727074,261936.54121029377,-42691.16,-7291251.820000006,6.042e-05
2026-08-26 17:45:00 CST,1787737500000,95.92,96.21,95.73,96.13,156801.09,85950.16,795031279.2594501,1399507.7818500996,15099.230000000003,-7276152.590000005,6.042e-05
2026-08-26 18:00:00 CST,1787738400000,96.13,96.15,95.94,96.1,89247.45,41429.45,795476283.69,-533903.1807999611,-6388.549999999999,-7282541.140000005,6.042e-05
2026-08-26 18:15:00 CST,1787739300000,96.1,96.7,96.1,96.63,160680.2,89971.4,799618556.9584516,3656708.3543367386,19262.6,-7263278.540000005,6.042e-05
2026-08-26 18:30:00 CST,1787740200000,96.64,97.41,96.49,97.35,342960.04,212373.77,800874214.001944,1734877.159170866,81787.5,-7181491.040000005,6.042e-05
2026-08-26 18:45:00 CST,1787741100000,97.36,97.84,97.31,97.43,390230.02,188283.81,801809685.0386623,-2062256.9933376312,-13662.399999999987,-7195153.440000005,6.042e-05
2026-08-26 19:00:00 CST,1787742000000,97.42,97.6,97.27,97.49,119775.98,52796.33,800094073.2863,-637716.5123000145,-14183.32000000001,-7209336.760000004,6.042e-05
2026-08-26 19:15:00 CST,1787742900000,97.49,97.55,97.18,97.23,117857.5,51734.38,800761162.474,-785370.8174999952,-14388.739999999994,-7223725.500000005,6.042e-05
2026-08-26 19:30:00 CST,1787743800000,97.22,97.3,96.62,96.94,240826.54,110782.35999999999,794101680.8028,-5146657.709746718,-19261.820000000007,-7242987.320000004,6.042e-05
2026-08-26 19:45:00 CST,1787744700000,96.93,97.18,96.74,96.99,176918.46000000002,106506.21,798114178.3081,2976385.915699959,36093.96000000001,-7206893.360000004,6.042e-05
2026-08-26 20:00:00 CST,1787745600000,96.98,97.07,96.57,96.75,150928.55,73227.8,797004293.4546,-1591608.7124999762,-4472.949999999997,-7211366.310000004,6.042e-05
2026-08-26 20:15:00 CST,1787746500000,96.75,97.52,96.6,97.47,195306.65999999997,126349.44,801341136.6072,3574743.3072457314,57392.220000000016,-7153974.090000004,6.042e-05
2026-08-26 20:30:00 CST,1787747400000,97.46,97.49,96.02,96.78,708432.66,307456.7,792849597.1319,-10745406.109214187,-93519.25999999995,-7247493.350000003,6.042e-05
2026-08-26 20:45:00 CST,1787748300000,96.77,97.24,96.77,96.97,172942.13,87613.81,797728406.9286447,3538368.2555538416,2285.4900000000052,-7245207.860000003,6.042e-05
2026-08-26 21:00:00 CST,1787749200000,96.97,97.18,96.39,96.47,281657.76,124174.56999999999,793959270.8536,-4158537.3665999174,-33308.619999999995,-7278516.480000002,6.042e-05
2026-08-26 21:15:00 CST,1787750100000,96.47,96.52,95.78,95.94,459387.02,189260.78999999998,791702774.6894,-1274424.219000101,-80865.44,-7359381.920000002,6.042e-05
2026-08-26 21:30:00 CST,1787751000000,95.94,96.69,95.94,96.63,380141.77,209391.58,800252308.1612468,6121132.209846735,38641.39,-7320740.530000002,6.042e-05
2026-08-26 21:45:00 CST,1787751900000,96.62,96.83,96.03,96.51,206693.24999999997,102524.36,796178620.1232,-4516798.827576876,-1644.5299999999916,-7322385.060000002,6.042e-05
2026-08-26 22:00:00 CST,1787752800000,96.5,96.94,96.26,96.62,198323.59,97295.47,801128189.9688,2530363.9844095707,-3732.649999999994,-7326117.710000002,6.042e-05
2026-08-26 22:15:00 CST,1787753700000,96.61,96.85,96.04,96.22,196113.72999999998,96866.75,797991361.9268365,-1889270.4323635101,-2380.2299999999886,-7328497.940000001,6.042e-05
2026-08-26 22:30:00 CST,1787754600000,96.22,96.32,95.51,95.75,411071.48000000004,160611.80000000002,795452893.8705,-2529129.116700053,-89847.88,-7418345.820000001,6.042e-05
2026-08-26 22:45:00 CST,1787755500000,95.74,95.83,95.34,95.42,330683.26,143570.41,792588122.0471792,-2172624.2181112766,-43542.43999999999,-7461888.260000001,6.042e-05
2026-08-26 23:00:00 CST,1787756400000,95.41,95.71,94.82,95.54,569252.45,263928.11,794208457.4484,1518723.521778226,-41396.23000000001,-7503284.490000001,6.042e-05
2026-08-26 23:15:00 CST,1787757300000,95.54,96.25,95.27,96.21,255082.47999999998,150737.02000000002,797433844.54591,1709309.611109972,46391.55999999998,-7456892.930000002,6.042e-05
2026-08-26 23:30:00 CST,1787758200000,96.2,96.31,95.7,95.98,225364.31,92931.33,794783383.1764,-5161541.870146275,-39501.649999999994,-7496394.580000002,6.042e-05
2026-08-26 23:45:00 CST,1787759100000,95.98,96.24,95.86,95.9,99493.55,41700.7,796462463.6229993,272876.93759930134,-16092.150000000005,-7512486.730000001,6.042e-05
2026-08-27 00:00:00 CST,1787760000000,95.9,96.15,95.72,95.81,157934.5,67865.06999999999,795496815.8748,98467.14380002022,-22204.360000000004,-7534691.090000002,3.48e-05
2026-08-27 00:15:00 CST,1787760900000,95.81,96.03,95.55,95.74,122673.54999999999,56429.729999999996,793783472.1346298,-1024354.9929176569,-9814.089999999993,-7544505.180000002,3.48e-05
2026-08-27 00:30:00 CST,1787761800000,95.73,96.03,95.43,95.47,154743.37,69185.37999999999,793670767.4031937,-1413891.5405722857,-16372.610000000008,-7560877.790000002,3.48e-05
2026-08-27 00:45:00 CST,1787762700000,95.47,96.05,95.47,95.91,143863.06,87133.71,796901890.9095,4291415.826726794,30404.359999999997,-7530473.430000002,3.48e-05
2026-08-27 01:00:00 CST,1787763600000,95.91,96.37,95.82,96.29,163131.51,95830.19,799701654.2972788,2403043.313378811,28528.869999999995,-7501944.560000001,3.48e-05
2026-08-27 01:15:00 CST,1787764500000,96.3,97.2,96.28,97.06,345813.87,216634.01,801250642.0660719,1502605.9669235945,87454.15000000002,-7414490.410000001,3.48e-05
2026-08-27 01:30:00 CST,1787765400000,97.05,97.2,96.88,97.12,218704.75999999998,93145.3,803892458.9365,-131873.3164163828,-32414.15999999999,-7446904.57,3.48e-05
2026-08-27 01:45:00 CST,1787766300000,97.13,97.17,96.87,96.93,139425.78,41682.22,800655586.0704,-2266966.4559999704,-56061.34000000001,-7502965.91,3.48e-05
2026-08-27 02:00:00 CST,1787767200000,96.93,97.12,96.73,96.88,137758.03999999998,76670.98000000001,800571886.2368,431894.84319996834,15583.920000000013,-7487381.990000001,3.48e-05
2026-08-27 02:15:00 CST,1787768100000,96.89,96.96,96.64,96.71,110752.26,59334.22,800051190.099,-62001.44850003719,7916.179999999997,-7479465.810000001,3.48e-05
2026-08-27 02:30:00 CST,1787769000000,96.71,96.9,96.59,96.68,102925.53,52937.020000000004,798514226.051,-512055.6130000353,2948.510000000002,-7476517.300000002,3.48e-05
2026-08-27 02:45:00 CST,1787769900000,96.69,96.91,96.66,96.8,64432.82000000001,39484.21000000001,798815532.392241,739507.6396410465,14535.600000000002,-7461981.700000002,3.48e-05
2026-08-27 03:00:00 CST,1787770800000,96.8,96.82,96.44,96.48,120258.56,61287.20999999999,796083417.3292,-3038099.5630999804,2315.8599999999933,-7459665.840000003,3.48e-05
2026-08-27 03:15:00 CST,1787771700000,96.48,96.89,96.29,96.74,154657.52,92178.77,795232822.4386,-843814.7585000992,29700.020000000008,-7429965.820000002,3.48e-05
2026-08-27 03:30:00 CST,1787772600000,96.75,96.87,96.47,96.49,127922.29,73448.03,796843012.0792,-435777.0485999584,18973.769999999993,-7410992.050000002,3.48e-05
2026-08-27 03:45:00 CST,1787773500000,96.49,96.79,96.49,96.75,125108.92000000001,76052.26000000001,797116562.432,1305769.6799116135,26995.6,-7383996.450000002,3.48e-05
2026-08-27 04:00:00 CST,1787774400000,96.75,96.99,96.56,96.79,118360.34999999999,66055.41,798193368.8536347,397390.2880346775,13750.470000000001,-7370245.980000002,3.48e-05
2026-08-27 04:15:00 CST,1787775300000,96.8,96.88,96.24,96.69,153230.37,65268.36,794104448.9555148,-4155935.184785247,-22693.650000000005,-7392939.630000003,3.48e-05
2026-08-27 04:30:00 CST,1787776200000,96.7,96.72,96.38,96.57,74613.23999999999,33718.72,794135312.9976,-1530213.8199373484,-7175.800000000003,-7400115.430000002,3.48e-05
2026-08-27 04:45:00 CST,1787777100000,96.58,96.9,96.57,96.88,60956.35,32004.59,796889459.9599301,1369912.170030117,3052.83,-7397062.6000000015,3.48e-05
2026-08-27 05:00:00 CST,1787778000000,96.88,97.49,96.84,97.48,255255.29,147107.0,801309916.0064,2807249.7934190035,38958.70999999999,-7358103.8900000015,3.48e-05
2026-08-27 05:15:00 CST,1787778900000,97.47,97.86,97.39,97.65,406620.1,235491.72000000003,805359510.2239405,617731.6491404772,64363.34000000004,-7293740.550000003,3.48e-05
2026-08-27 05:30:00 CST,1787779800000,97.65,97.92,97.48,97.56,158419.85,85987.82,805858210.0537995,527282.5734055042,13555.790000000012,-7280184.760000003,3.48e-05
2026-08-27 05:45:00 CST,1787780700000,97.56,98.31,97.55,98.2,344270.97,197411.27,808877862.5640261,4533070.806893468,50551.57000000001,-7229633.190000003,3.48e-05
2026-08-27 06:00:00 CST,1787781600000,98.2,98.94,98.02,98.93,403165.85,242018.59,810935948.5955,1990355.5900156498,80871.32999999999,-7148761.860000003,3.48e-05
2026-08-27 06:15:00 CST,1787782500000,98.94,101.25,98.93,99.99,1617993.5399999998,924105.9299999999,822675104.676,3843066.284803033,230218.3200000001,-6918543.540000004,3.48e-05
2026-08-27 06:30:00 CST,1787783400000,99.99,100.24,99.51,100.16,539304.1599999999,266502.73,811724015.7534679,-6747453.046832085,-6298.700000000012,-6924842.240000004,3.48e-05
2026-08-27 06:45:00 CST,1787784300000,100.16,100.16,99.51,99.65,396550.12,170231.80000000002,814145107.816,-2635452.345200062,-56086.51999999999,-6980928.760000004,3.48e-05
2026-08-27 07:00:00 CST,1787785200000,99.65,100.47,99.47,100.32,406152.26,228373.31,815725950.6200882,2541067.7096881866,50594.36,-6930334.400000005,3.48e-05
2026-08-27 07:15:00 CST,1787786100000,100.32,100.96,100.27,100.84,524934.79,276361.69,832425399.4635298,8495677.379335523,27788.589999999997,-6902545.810000005,3.48e-05
2026-08-27 07:30:00 CST,1787787000000,100.84,101.53,100.58,101.38,580332.69,329972.87,836140659.3735644,3975149.7535643578,79613.05,-6822932.760000005,3.48e-05
2026-08-27 07:45:00 CST,1787787900000,101.39,102.43,101.2,102.05,645271.8500000001,336514.12,847095475.9334,7118856.449100018,27756.389999999985,-6795176.370000006,3.48e-05
2026-08-27 08:00:00 CST,1787788800000,102.04,102.12,100.8,101.15,591073.4099999999,218344.8,845646266.8347,-4257701.730298281,-154383.81,-6949560.180000005,0.0001
2026-08-27 08:15:00 CST,1787789700000,101.14,101.75,100.94,101.19,393858.57000000007,231515.22999999998,843662603.7959003,9007490.153900385,69171.88999999996,-6880388.290000006,0.0001
2026-08-27 08:30:00 CST,1787790600000,101.18,101.21,100.9,101.01,205426.26,97406.34,839382019.603446,-1512588.4676008224,-10613.579999999994,-6891001.870000007,0.0001
2026-08-27 08:45:00 CST,1787791500000,101.01,101.25,100.57,100.57,239985.37,98379.01,840159211.8658427,-524594.4667572975,-43227.34999999999,-6934229.220000006,0.0001
2026-08-27 09:00:00 CST,1787792400000,100.57,100.86,100.47,100.74,211314.04,107693.43,836370061.9733787,388958.4976786375,4072.8199999999924,-6930156.400000006,0.0001
2026-08-27 09:15:00 CST,1787793300000,100.73,101.68,100.52,101.6,247314.13,145548.02000000002,840440366.5327863,3201085.4244310856,43781.90999999999,-6886374.490000006,0.0001
2026-08-27 09:30:00 CST,1787794200000,101.59,101.9,101.21,101.21,255829.86000000002,117629.35,845465383.488,178251.10400009155,-20571.16000000001,-6906945.650000006,0.0001
2026-08-27 09:45:00 CST,1787795100000,101.21,101.93,101.21,101.44,202819.61,98284.47,846434176.2031366,4011561.094536543,-6250.6700000000055,-6913196.320000006,0.0001
2026-08-27 10:00:00 CST,1787796000000,101.43,101.95,101.41,101.66,152413.97999999998,77624.06999999999,849173737.6798944,4554798.174894452,2834.1600000000035,-6910362.160000005,0.0001
2026-08-27 10:15:00 CST,1787796900000,101.66,101.7,101.08,101.12,143575.44,50534.56,843092924.2008,-5073956.118814111,-42506.32000000001,-6952868.480000005,0.0001
2026-08-27 10:30:00 CST,1787797800000,101.12,101.32,100.85,100.87,175297.82,78693.57999999999,841551929.8445,-265735.9987000227,-17910.659999999996,-6970779.140000005,0.0001
2026-08-27 10:45:00 CST,1787798700000,100.87,101.41,100.85,101.15,160954.53,93439.62000000001,844777236.1866,5099453.822032571,25924.71,-6944854.430000005,0.0001
2026-08-27 11:00:00 CST,1787799600000,101.15,101.23,100.95,101.01,99414.06,38525.01,844822587.2436,1101205.905099988,-22364.04,-6967218.470000005,0.0001
2026-08-27 11:15:00 CST,1787800500000,101.01,101.81,100.93,101.63,244555.89,152949.02000000002,850005507.3646715,6829869.724671483,61342.15000000001,-6905876.320000006,0.0001
2026-08-27 11:30:00 CST,1787801400000,101.63,101.66,101.28,101.29,127193.9,63475.23,850512238.968,-696762.1633416414,-243.4399999999987,-6906119.760000006,0.0001
2026-08-27 11:45:00 CST,1787802300000,101.29,101.55,100.86,101.06,222193.25,107293.73,847377895.0896,-3181043.221505761,-7605.789999999994,-6913725.550000006,0.0001
2026-08-27 12:00:00 CST,1787803200000,101.06,101.4,101.04,101.37,112609.25,65818.85,849906644.3759341,2061438.199200511,19028.450000000004,-6894697.100000006,0.0001
2026-08-27 12:15:00 CST,1787804100000,101.36,101.52,101.04,101.18,290991.27999999997,99712.20999999999,845383173.4737566,-5263047.717843413,-91566.86,-6986263.9600000065,0.0001
2026-08-27 12:30:00 CST,1787805000000,101.17,101.47,100.66,101.29,270509.79,130416.36,844455482.9683934,-564960.2080065012,-9677.07,-6995941.030000006,0.0001
2026-08-27 12:45:00 CST,1787805900000,101.29,101.31,100.82,101.06,171397.58,64600.71,844191178.5527,-1589248.0755501986,-42196.16,-7038137.190000006,0.0001
2026-08-27 13:00:00 CST,1787806800000,101.06,101.36,100.81,100.95,193493.03,83658.44,847965180.1635,2934462.1429252625,-26176.14999999999,-7064313.340000005,0.0001
2026-08-27 13:15:00 CST,1787807700000,100.95,101.32,100.8,100.97,236213.05,155302.18,847895718.6334753,1199825.7170915604,74391.31,-6989922.030000005,0.0001
2026-08-27 13:30:00 CST,1787808600000,100.97,101.48,100.74,101.23,261503.99,134828.31,858224963.3918461,4004386.9034460783,8152.630000000005,-6981769.400000006,0.0001
2026-08-27 13:45:00 CST,1787809500000,101.23,102.27,101.17,102.02,473542.56,292082.75,864127404.1922,5663520.833993673,110622.94000000002,-6871146.4600000065,0.0001
2026-08-27 14:00:00 CST,1787810400000,102.01,102.04,101.11,101.4,246226.34000000003,108260.59999999999,863694980.9258192,-4512096.714680791,-29705.14000000002,-6900851.600000007,0.0001
2026-08-27 14:15:00 CST,1787811300000,101.39,101.41,100.84,100.96,342242.85,169485.0,859338213.2137,-4062350.6530041695,-3272.850000000006,-6904124.450000008,0.0001
2026-08-27 14:30:00 CST,1787812200000,100.96,101.24,100.96,101.1,217423.59999999998,142982.04,863347848.0156494,3645247.1150494814,68540.48000000001,-6835583.970000007,0.0001
2026-08-27 14:45:00 CST,1787813100000,101.1,101.33,101.1,101.26,137316.78,87612.14,866802982.4412,2905154.4892395735,37907.49999999999,-6797676.470000007,0.0001
2026-08-27 15:00:00 CST,1787814000000,101.25,101.35,101.12,101.24,70570.98,30062.960000000003,865946214.4185376,-1281132.2234077454,-10445.059999999994,-6808121.530000007,0.0001
2026-08-27 15:15:00 CST,1787814900000,101.24,101.34,101.0,101.13,93054.79,41414.29,865940984.3321223,-1366040.952553153,-10226.21,-6818347.740000007,0.0001
2026-08-27 15:30:00 CST,1787815800000,101.12,101.54,101.03,101.42,298087.27,175822.77000000002,868198839.1416078,1667535.7771565914,53558.27000000003,-6764789.470000006,0.0001
2026-08-27 15:45:00 CST,1787816700000,101.42,102.08,101.37,101.77,449751.26,211528.3,871272842.2964815,6076432.865281463,-26694.660000000036,-6791484.130000006,0.0001
2026-08-27 16:00:00 CST,1787817600000,101.78,104.18,101.69,102.99,1623114.2600000002,870602.9199999999,894852007.1761321,24744259.122656584,118091.57999999996,-6673392.550000006,0.0001
2026-08-27 16:15:00 CST,1787818500000,102.99,104.19,102.66,104.14,735674.3200000001,433504.72000000003,892598648.4840313,8205144.204031348,131335.12,-6542057.430000006,0.0001
2026-08-27 16:30:00 CST,1787819400000,104.14,104.83,103.75,104.25,766950.8799999999,365956.25,898019660.371,-3219945.145921707,-35038.379999999976,-6577095.810000006,0.0001
2026-08-27 16:45:00 CST,1787820300000,104.25,105.08,104.17,104.64,1078719.86,580421.01,903734376.325,1728258.5929726362,82122.16,-6494973.650000006,0.0001
2026-08-27 17:00:00 CST,1787821200000,104.65,104.96,103.9,104.96,559894.0,256417.40000000002,912304781.5620174,5823550.71880281,-47059.19999999998,-6542032.850000006,0.0001
2026-08-27 17:15:00 CST,1787822100000,104.96,105.85,104.64,105.36,1057007.51,631573.75,929216475.0624,11340142.354702353,206139.99000000002,-6335892.860000007,0.0001
2026-08-27 17:30:00 CST,1787823000000,105.36,105.42,104.62,104.87,416334.97000000003,174652.52999999997,923883548.4480636,-5710011.950936437,-67029.91,-6402922.770000007,0.0001
2026-08-27 17:45:00 CST,1787823900000,104.87,105.01,104.2,104.39,350898.91000000003,123355.94,918959540.5895,-4978450.392000079,-104187.03,-6507109.800000007,0.0001
2026-08-27 18:00:00 CST,1787824800000,104.39,105.02,104.25,104.5,385047.0800000001,225235.88999999998,922420842.3168,5651625.708220124,65424.69999999998,-6441685.100000008,0.0001
2026-08-27 18:15:00 CST,1787825700000,104.5,104.68,103.01,103.96,776876.14,318674.78,913976228.7975,-2387320.90108037,-139526.57999999996,-6581211.680000007,0.0001
2026-08-27 18:30:00 CST,1787826600000,103.96,104.17,103.29,104.07,525664.28,249794.69,910537736.3231361,1964258.2031360865,-26074.90000000001,-6607286.580000007,0.0001
2026-08-27 18:45:00 CST,1787827500000,104.07,104.24,103.84,104.09,211486.42,102464.87,919031823.4678,799197.2791038752,-6556.68,-6613843.260000007,0.0001
2026-08-27 19:00:00 CST,1787828400000,104.09,104.66,103.94,104.36,380329.37,207731.59,926292577.6417892,5383666.861889243,35133.809999999976,-6578709.450000007,0.0001
2026-08-27 19:15:00 CST,1787829300000,104.37,104.93,103.95,104.05,377527.57999999996,169092.47,930207082.7020631,4384475.708063126,-39342.63999999997,-6618052.090000006,0.0001
2026-08-27 19:30:00 CST,1787830200000,104.05,104.18,103.6,103.91,317086.45,152964.34000000003,918656887.956974,-2918779.8757259846,-11157.769999999975,-6629209.860000006,0.0001
2026-08-27 19:45:00 CST,1787831100000,103.92,103.97,103.36,103.91,237591.6,100732.41,922168032.093,781838.8818000555,-36126.780000000006,-6665336.640000005,0.0001
2026-08-27 20:00:00 CST,1787832000000,103.91,104.41,103.9,104.21,233418.85000000003,119585.3,925626961.1138,3094327.658600092,5751.749999999993,-6659584.890000004,0.0001
2026-08-27 20:15:00 CST,1787832900000,104.21,104.69,104.07,104.46,218054.21000000002,124732.78,927763929.906,1734541.8467108011,31411.349999999995,-6628173.540000005,0.0001
2026-08-27 20:30:00 CST,1787833800000,104.47,104.58,104.0,104.24,206447.44,77653.84,930839982.3670202,677511.6496202946,-51139.759999999995,-6679313.3000000045,0.0001
2026-08-27 20:45:00 CST,1787834700000,104.23,104.73,104.23,104.4,199503.39,95849.59,936057302.3861201,4322229.806620121,-7804.210000000006,-6687117.510000004,0.0001
2026-08-27 21:00:00 CST,1787835600000,104.39,104.78,104.33,104.42,184227.44,95042.04000000001,937993738.1728,1873630.9651318789,5856.639999999999,-6681260.870000005,0.0001
2026-08-27 21:15:00 CST,1787836500000,104.42,104.95,104.42,104.79,375684.18,213741.63,942459960.66,4794180.334499955,51799.07999999997,-6629461.790000005,0.0001
2026-08-27 21:30:00 CST,1787837400000,104.8,104.89,104.11,104.57,486366.81999999995,225719.6,938882161.4685167,-4400829.054476738,-34927.619999999995,-6664389.410000005,0.0001
2026-08-27 21:45:00 CST,1787838300000,104.58,106.3,104.36,105.99,1343953.3399999999,689819.18,948447184.4974673,8433699.904067278,35685.02000000005,-6628704.390000004,0.0001
2026-08-27 22:00:00 CST,1787839200000,105.99,106.68,105.15,105.39,1455263.0399999998,640525.79,947274568.3520633,-10259320.268636703,-174211.46,-6802915.850000004,0.0001
2026-08-27 22:15:00 CST,1787840100000,105.39,106.24,105.17,105.95,540044.37,299566.94,956449024.1789098,8084497.866909742,59089.51000000001,-6743826.3400000045,0.0001
2026-08-27 22:30:00 CST,1787841000000,105.95,107.88,105.82,107.39,1344943.0899999999,787086.14,958835261.9270029,4575115.20081687,229229.19000000006,-6514597.150000004,0.0001
2026-08-27 22:45:00 CST,1787841900000,107.39,107.39,106.5,106.74,873412.63,428290.17000000004,955107281.9229789,-7563065.337129831,-16832.28999999998,-6531429.440000003,0.0001
2026-08-27 23:00:00 CST,1787842800000,106.73,107.99,106.64,107.19,1017015.22,521389.51999999996,959888055.799,5811792.697618604,25763.820000000007,-6505665.620000003,0.0001
2026-08-27 23:15:00 CST,1787843700000,107.2,107.58,106.97,107.38,437830.85,199227.28000000003,961670082.385181,38212.66186153889,-39376.29000000001,-6545041.910000002,0.0001
2026-08-27 23:30:00 CST,1787844600000,107.38,107.43,106.4,107.1,671813.95,273552.97,965919987.1776,2516243.862100005,-124708.01000000004,-6669749.920000002,0.0001
2026-08-27 23:45:00 CST,1787845500000,107.1,107.35,106.76,107.12,308333.6,143148.26,966018771.081,269068.11629998684,-22037.080000000016,-6691787.000000002,0.0001
2026-08-28 00:00:00 CST,1787846400000,107.13,107.46,106.81,107.07,334036.45,172567.9,970293480.141286,906621.1468859911,11099.349999999991,-6680687.650000002,0.0001
2026-08-28 00:15:00 CST,1787847300000,107.07,108.48,107.01,107.91,976583.76,572615.01,996826765.8659402,26184057.893301845,168646.25999999995,-6512041.390000002,0.0001
2026-08-28 00:30:00 CST,1787848200000,107.91,108.88,107.78,108.71,611437.5900000001,343947.08999999997,997936653.266201,7757851.875200987,76456.58999999997,-6435584.800000003,0.0001
2026-08-28 00:45:00 CST,1787849100000,108.72,109.5,108.45,108.87,746475.13,389699.32,1005333195.0141253,1904947.11249125,32923.50999999998,-6402661.290000003,0.0001
2026-08-28 01:00:00 CST,1787850000000,108.87,109.58,108.5,109.22,627867.19,320567.31000000006,1008270898.1343055,6453808.331105471,13267.43000000008,-6389393.860000002,0.0001
2026-08-28 01:15:00 CST,1787850900000,109.23,109.59,107.93,108.1,901964.3899999999,362111.14,1011826017.384,4228440.545399904,-177742.11,-6567135.970000002,0.0001
2026-08-28 01:30:00 CST,1787851800000,108.1,108.41,107.71,107.78,571622.85,279597.22000000003,978436803.2316278,-5982262.734872222,-12428.410000000003,-6579564.380000002,0.0001
2026-08-28 01:45:00 CST,1787852700000,107.78,108.43,107.6,108.11,305895.56,163549.28,981316383.5525,4682581.332700014,21203.0,-6558361.380000002,0.0001
2026-08-28 02:00:00 CST,1787853600000,108.12,108.23,106.78,107.41,561004.22,211835.78,982350338.4018,1652001.0174000263,-137332.65999999997,-6695694.040000002,0.0001
2026-08-28 02:15:00 CST,1787854500000,107.4,107.69,106.62,107.07,727081.29,327900.02,980087969.3619449,6808207.969244957,-71281.24999999996,-6766975.290000002,0.0001
2026-08-28 02:30:00 CST,1787855400000,107.06,107.63,107.01,107.48,245332.09000000003,132576.05,985533635.1652185,6581635.145618439,19820.009999999995,-6747155.280000001,0.0001
2026-08-28 02:45:00 CST,1787856300000,107.48,108.34,107.35,108.33,267460.81,170530.22,988017569.5874,3198206.938599944,73599.63,-6673555.650000001,0.0001
2026-08-28 03:00:00 CST,1787857200000,108.34,108.96,108.21,108.91,428057.85000000003,221523.96,994670178.929599,1392371.1171498299,14990.069999999992,-6658565.580000001,0.0001
2026-08-28 03:15:00 CST,1787858100000,108.92,109.18,108.69,109.06,271346.35,125896.01000000001,1000110686.0877,1877923.5395424366,-19554.33,-6678119.910000001,0.0001
2026-08-28 03:30:00 CST,1787859000000,109.06,109.19,108.84,109.1,276408.88,132997.44,1003630558.729,1966830.4315999746,-10414.0,-6688533.910000001,0.0001
2026-08-28 03:45:00 CST,1787859900000,109.1,109.9,108.85,109.33,825791.94,469018.82,1008884853.1178,2832905.7170171738,112245.70000000004,-6576288.210000001,0.0001
2026-08-28 04:00:00 CST,1787860800000,109.32,109.33,108.73,108.81,276409.33999999997,113876.53,1006847516.1383,-5010616.09299767,-48656.279999999984,-6624944.49,0.0001
2026-08-28 04:15:00 CST,1787861700000,108.81,109.72,108.8,109.01,327144.26,162780.63999999998,1014193612.2672,7551738.35040307,-1582.979999999996,-6626527.47,0.0001
2026-08-28 04:30:00 CST,1787862600000,109.01,109.17,108.83,109.04,154583.77,74274.76999999999,1009036217.351,-897700.8094000816,-6034.230000000003,-6632561.699999999,0.0001
2026-08-28 04:45:00 CST,1787863500000,109.05,109.23,108.38,108.96,304571.1,119468.82999999999,1000769027.136,-9446560.635999918,-65633.43999999999,-6698195.139999999,0.0001
2026-08-28 05:00:00 CST,1787864400000,108.96,109.09,108.64,108.7,186399.68,104023.1,1004391776.5383,-678531.869699955,21646.520000000004,-6676548.619999999,0.0001
2026-08-28 05:15:00 CST,1787865300000,108.7,108.77,108.33,108.41,194686.3,79503.37,1000982464.3599119,-887048.7790271044,-35679.56,-6712228.18,0.0001
2026-08-28 05:30:00 CST,1787866200000,108.41,108.66,108.15,108.22,166147.23,84211.42,995324096.7124,-3711339.5149999857,2275.6100000000006,-6709952.57,0.0001
2026-08-28 05:45:00 CST,1787867100000,108.21,108.76,108.17,108.68,106191.68,63730.74,996670812.964452,1486529.5679520369,21269.8,-6688682.770000001,0.0001
2026-08-28 06:00:00 CST,1787868000000,108.69,109.88,108.69,109.54,447933.33,222706.21,1009507494.013315,10485104.567339897,-2520.9100000000035,-6691203.680000002,0.0001
2026-08-28 06:15:00 CST,1787868900000,109.55,110.6,108.99,109.22,699866.12,387179.70000000007,1004210310.41,-4976184.529000044,74493.28000000006,-6616710.400000002,0.0001
2026-08-28 06:30:00 CST,1787869800000,109.22,109.54,109.13,109.28,150809.63,84232.32,1004748422.968,1440292.8603520393,17655.010000000002,-6599055.390000002,0.0001
2026-08-28 06:45:00 CST,1787870700000,109.29,109.29,109.01,109.12,105854.24,47589.630000000005,1000843910.7732159,-3175682.896360278,-10674.980000000003,-6609730.370000003,0.0001
2026-08-28 07:00:00 CST,1787871600000,109.12,109.22,108.83,108.87,170563.55,90325.95,999206921.4252,-1631156.9198869467,10088.349999999999,-6599642.020000002,0.0001
2026-08-28 07:15:00 CST,1787872500000,108.86,110.03,108.79,109.85,357697.14,209328.83999999997,1007280812.4030635,9104198.349463582,60960.53999999998,-6538681.480000002,0.0001
2026-08-28 07:30:00 CST,1787873400000,109.85,109.99,109.12,109.12,247548.14999999997,76711.88,1004857480.2745636,-5989065.267436504,-94124.38999999998,-6632805.870000002,0.0001
2026-08-28 07:45:00 CST,1787874300000,109.12,109.38,109.01,109.08,147148.49,75706.06,1000548852.9198,611256.8910000324,4263.630000000005,-6628542.240000002,0.0001
2026-08-28 08:00:00 CST,1787875200000,109.08,109.16,108.63,109.03,254796.79,116955.70000000001,995772703.2508239,-3289314.968503237,-20885.390000000007,-6649427.630000002,-9.83e-06
2026-08-28 08:15:00 CST,1787876100000,109.02,109.83,109.02,109.72,303786.69,161202.73,998968094.3224291,1678479.916152954,18618.770000000004,-6630808.860000002,-9.83e-06
2026-08-28 08:30:00 CST,1787877000000,109.71,110.04,109.31,109.39,427920.03,210218.14,1005897349.8910781,2527231.622192383,-7483.750000000015,-6638292.610000002,-9.83e-06
2026-08-28 08:45:00 CST,1787877900000,109.38,109.48,109.01,109.05,154629.42,85106.76,998308546.5267,-1429392.939299941,15584.099999999991,-6622708.510000003,-9.83e-06
2026-08-28 09:00:00 CST,1787878800000,109.05,109.27,108.77,108.91,230699.78000000003,124946.68000000002,992083358.7321,-2981669.5110999346,19193.580000000016,-6603514.9300000025,-9.83e-06
2026-08-28 09:15:00 CST,1787879700000,108.91,109.52,108.77,109.38,244390.34000000003,141061.1,993080299.5057,2577941.9744488,37731.859999999986,-6565783.070000002,-9.83e-06
2026-08-28 09:30:00 CST,1787880600000,109.38,109.71,108.23,108.34,508053.36,183825.61,986206571.374,-5456061.42140007,-140402.13999999998,-6706185.210000002,-9.83e-06
2026-08-28 09:45:00 CST,1787881500000,108.34,108.5,107.65,107.8,473661.60000000003,219748.38,987045072.54,4465398.618725657,-34164.84000000001,-6740350.050000003,-9.83e-06
2026-08-28 10:00:00 CST,1787882400000,107.79,107.95,107.35,107.37,337113.54,154857.75,988886804.1408,4072723.95449996,-27398.039999999994,-6767748.090000003,-9.83e-06
2026-08-28 10:15:00 CST,1787883300000,107.37,107.57,106.81,107.11,559580.85,255984.47,987326503.5587018,183216.20070683956,-47611.91000000003,-6815360.000000004,-9.83e-06
2026-08-28 10:30:00 CST,1787884200000,107.12,107.34,106.5,106.96,388944.52,200939.78999999998,991812576.1506684,954894.0896683931,12935.059999999969,-6802424.940000004,-9.83e-06
2026-08-28 10:45:00 CST,1787885100000,106.96,106.96,106.1,106.47,526707.21,221397.98,985710234.4254,-3473024.7325570583,-83911.24999999997,-6886336.190000003,-9.83e-06
2026-08-28 11:00:00 CST,1787886000000,106.47,106.57,105.75,106.12,451560.66,184139.85,984191995.4644823,-2859944.827517748,-83280.95999999998,-6969617.150000002,-9.83e-06
2026-08-28 11:15:00 CST,1787886900000,106.11,107.3,106.11,106.95,432036.77999999997,258399.77000000002,988692935.254,1438452.0891999006,84762.76000000002,-6884854.390000002,-9.83e-06
2026-08-28 11:30:00 CST,1787887800000,106.96,107.2,106.72,106.84,216140.77000000002,103820.05,987094634.2523,-375951.0202000141,-8500.670000000006,-6893355.060000002,-9.83e-06
2026-08-28 11:45:00 CST,1787888700000,106.84,107.05,106.61,106.79,134005.75,61486.08,986408376.6262403,560607.4914761782,-11033.58999999999,-6904388.650000002,-9.83e-06
2026-08-28 12:00:00 CST,1787889600000,106.79,107.27,106.21,107.2,380337.30000000005,191630.08000000002,980766737.9088,-4513563.871594548,2922.859999999986,-6901465.790000003,-9.83e-06
2026-08-28 12:15:00 CST,1787890500000,107.19,107.58,106.86,106.93,286752.22,145464.59,988043255.7290637,-3082194.28629148,4176.959999999999,-6897288.830000004,-9.83e-06
2026-08-28 12:30:00 CST,1787891400000,106.93,107.16,106.42,106.82,218105.13,97855.85,982765737.00246,-3197585.3899400234,-22393.430000000015,-6919682.260000004,-9.83e-06
2026-08-28 12:45:00 CST,1787892300000,106.81,106.92,106.6,106.72,136001.21,55048.75,986048646.5351262,588245.9811261892,-25903.71,-6945585.970000004,-9.83e-06
2026-08-28 13:00:00 CST,1787893200000,106.73,106.97,106.57,106.96,144924.02000000002,85335.31,986007425.1755,50176.46570003033,25746.600000000002,-6919839.370000005,-9.83e-06
2026-08-28 13:15:00 CST,1787894100000,106.97,106.98,106.66,106.84,104648.12999999999,53126.15,986533363.6578,-1125568.0319000483,1604.1700000000092,-6918235.200000004,-9.83e-06
2026-08-28 13:30:00 CST,1787895000000,106.85,107.27,106.83,107.15,178263.47,120017.04,986459303.7168,-241816.06272912025,61770.61,-6856464.5900000045,-9.83e-06
2026-08-28 13:45:00 CST,1787895900000,107.16,107.43,106.98,107.15,171400.37,78553.29000000001,984819219.1665,-2210363.658758402,-14293.79,-6870758.380000005,-9.83e-06
2026-08-28 14:00:00 CST,1787896800000,107.15,107.49,107.14,107.42,148351.59,89435.7,985874330.9688,1040205.0942999125,30519.80999999999,-6840238.570000004,-9.83e-06
2026-08-28 14:15:00 CST,1787897700000,107.43,107.43,107.14,107.21,104191.59,48392.45999999999,981863370.3191,-3527648.453019142,-7406.6700000000055,-6847645.240000003,-9.83e-06
2026-08-28 14:30:00 CST,1787898600000,107.2,107.74,107.11,107.61,217528.66999999998,115977.15,982661064.005557,1686211.7717276812,14425.629999999997,-6833219.610000003,-9.83e-06
2026-08-28 14:45:00 CST,1787899500000,107.6,107.77,107.45,107.47,152765.31,82626.86,979470479.4263457,-2224214.308054328,12488.410000000003,-6820731.200000003,-9.83e-06
2026-08-28 15:00:00 CST,1787900400000,107.48,107.49,106.53,106.67,307879.5,104018.45999999999,970250451.966046,-7750460.092754006,-99842.57999999999,-6920573.780000003,-9.83e-06
2026-08-28 15:15:00 CST,1787901300000,106.68,106.87,106.48,106.76,178209.51,83482.78,971117848.3511,1409111.686100006,-11243.950000000012,-6931817.730000003,-9.83e-06
2026-08-28 15:30:00 CST,1787902200000,106.77,106.8,106.59,106.63,138663.85,55786.770000000004,968475218.0112,-2419741.0852980614,-27090.310000000005,-6958908.040000004,-9.83e-06
2026-08-28 15:45:00 CST,1787903100000,106.63,106.73,106.26,106.31,197008.21000000002,78835.03,966241701.7076,-1034404.9275000095,-39338.15,-6998246.190000004,-9.83e-06
2026-08-28 16:00:00 CST,1787904000000,106.3,106.84,106.3,106.49,185556.48,113544.54000000001,968285288.3631,3658300.686695099,41532.600000000006,-6956713.590000004,-1.519e-05
2026-08-28 16:15:00 CST,1787904900000,106.49,106.61,106.38,106.44,75210.0,41484.25,970559554.3212305,1879620.3848304749,7758.5,-6948955.090000004,-1.519e-05
2026-08-28 16:30:00 CST,1787905800000,106.45,106.61,106.4,106.4,73322.08,40794.83,970523040.2158123,724366.8468580246,8267.580000000002,-6940687.5100000035,-1.519e-05
2026-08-28 16:45:00 CST,1787906700000,106.4,106.45,105.71,106.01,442194.78,165700.36000000002,971562838.4154,2241450.223441243,-110794.06,-7051481.570000004,-1.519e-05
2026-08-28 17:00:00 CST,1787907600000,106.0,106.51,105.78,106.36,277195.65,146346.65,973673007.9384,2745280.623399973,15497.649999999994,-7035983.920000005,-1.519e-05
2026-08-28 17:15:00 CST,1787908500000,106.36,106.56,106.24,106.26,126410.09,64802.869999999995,976401779.8028984,1023352.8048983812,3195.6499999999905,-7032788.270000005,-1.519e-05
2026-08-28 17:30:00 CST,1787909400000,106.26,106.37,105.43,105.56,324214.11,128940.3,976125809.1425539,1483684.8234353065,-66333.50999999998,-7099121.780000005,-1.519e-05
2026-08-28 17:45:00 CST,1787910300000,105.57,106.0,105.56,105.89,204651.01,108468.75,975286282.4296802,5822203.2692296505,12286.490000000009,-7086835.290000006,-1.519e-05
2026-08-28 18:00:00 CST,1787911200000,105.89,105.95,104.45,105.26,991489.35,450611.66000000003,967711068.0219,-6965613.269199967,-90266.02999999998,-7177101.320000006,-1.519e-05
2026-08-28 18:15:00 CST,1787912100000,105.26,105.52,105.09,105.49,186575.57,106438.63999999998,975399284.7726656,1509967.5918656588,26301.709999999992,-7150799.610000006,-1.519e-05
2026-08-28 18:30:00 CST,1787913000000,105.49,105.86,105.47,105.7,225630.69,130157.72,977544057.4327,854768.0700526237,34684.74999999999,-7116114.860000006,-1.519e-05
2026-08-28 18:45:00 CST,1787913900000,105.7,106.19,105.7,106.13,233728.53,138459.90999999997,979634775.5684823,2455975.6336528063,43191.28999999999,-7072923.570000006,-1.519e-05
2026-08-28 19:00:00 CST,1787914800000,106.13,106.8,106.1,106.39,469883.16000000003,274629.23,974697170.1066262,-3800061.286004424,79375.3,-6993548.270000006,-1.519e-05
2026-08-28 19:15:00 CST,1787915700000,106.38,106.54,106.06,106.15,209525.03000000003,95766.35,973837681.3051,-1045397.1572999954,-17992.33000000001,-7011540.600000006,-1.519e-05
2026-08-28 19:30:00 CST,1787916600000,106.14,106.25,105.73,105.89,191252.47999999998,93588.43,970523520.2884622,-2542050.180049777,-4075.619999999988,-7015616.220000005,-1.519e-05
2026-08-28 19:45:00 CST,1787917500000,105.89,105.97,105.5,105.75,227745.23,115683.92,971440715.6835,-1583309.8544995785,3622.6099999999933,-7011993.610000006,-1.519e-05
2026-08-28 20:00:00 CST,1787918400000,105.75,105.95,105.33,105.41,259405.04,115781.24000000002,972434552.0791738,-1139296.0792262554,-27842.559999999998,-7039836.170000006,-1.519e-05
2026-08-28 20:15:00 CST,1787919300000,105.41,105.77,104.81,104.88,396257.77,174458.31,972656403.6144044,-957104.6664955616,-47341.15000000002,-7087177.320000006,-1.519e-05
2026-08-28 20:30:00 CST,1787920200000,104.88,105.08,104.46,105.01,505268.93000000005,257702.22,971091480.7552,810975.5599241257,10135.50999999998,-7077041.810000005,-1.519e-05
2026-08-28 20:45:00 CST,1787921100000,105.01,105.14,104.43,104.8,363093.66000000003,157371.47,969310836.16,-3773588.0910037756,-48350.71999999999,-7125392.530000005,-1.519e-05
2026-08-28 21:00:00 CST,1787922000000,104.8,105.08,104.68,104.83,229493.00999999998,129923.03,970151370.3871,-404376.6928896904,30353.05000000001,-7095039.480000005,-1.519e-05
2026-08-28 21:15:00 CST,1787922900000,104.83,105.1,104.67,104.96,203816.7,103680.01999999999,970326922.6608,-284842.21689999104,3543.3399999999965,-7091496.140000005,-1.519e-05
2026-08-28 21:30:00 CST,1787923800000,104.96,105.3,104.89,105.01,284577.07,144939.15,970735994.88,0.0,5301.229999999981,-7086194.910000006,-1.519e-05
