datetime,timestamp,open,high,low,close,volume,taker_buy_volume,oi,oi_delta,cvd_delta,cvd,funding_rate
2026-07-19 17:00:00 CST,1784451600000,75.98,76.09,75.89,75.96,133972.68,48716.28,679810160.1356282,-296395.9833717346,-36540.12,-802939.0600000003,4.518e-05
2026-07-19 18:00:00 CST,1784455200000,75.95,76.49,75.86,76.23,275078.54,157602.75999999998,681505338.6792,1280997.8172000647,40126.979999999996,-762812.0800000004,4.518e-05
2026-07-19 19:00:00 CST,1784458800000,76.23,76.38,76.01,76.04,222105.25,86608.56,679131024.3718,-2086532.5464431047,-48888.12999999999,-811700.2100000005,4.518e-05
2026-07-19 20:00:00 CST,1784462400000,76.03,76.15,75.7,75.99,506073.57000000007,221819.31999999998,678713442.5140169,11351.554416894913,-62434.930000000015,-874135.1400000007,4.518e-05
2026-07-19 21:00:00 CST,1784466000000,75.99,76.12,75.84,76.07,240086.19,117177.29,679828329.7336956,874976.5356601477,-5731.609999999997,-879866.7500000007,4.518e-05
2026-07-19 22:00:00 CST,1784469600000,76.06,76.67,76.01,76.38,612579.04,350669.92,685525890.1086566,5431480.942356586,88760.79999999999,-791105.9500000007,4.518e-05
2026-07-19 23:00:00 CST,1784473200000,76.37,76.45,76.06,76.18,313004.47,152845.47999999998,682451102.718,-1643193.784410119,-7313.510000000002,-798419.4600000007,4.518e-05
2026-07-20 00:00:00 CST,1784476800000,76.17,76.26,75.83,75.87,325693.21,146013.44,678756912.192,-3305151.186800003,-33666.33,-832085.7900000006,6.396e-05
2026-07-20 01:00:00 CST,1784480400000,75.88,76.19,75.5,75.92,481726.0599999998,237966.41000000003,679093892.7302,-325342.3890837431,-5793.239999999978,-837879.0300000008,6.396e-05
2026-07-20 02:00:00 CST,1784484000000,75.92,75.94,75.31,75.72,555729.2299999999,249033.05000000005,673399086.948,-5638830.5152647495,-57663.130000000005,-895542.1600000008,6.396e-05
2026-07-20 03:00:00 CST,1784487600000,75.73,75.86,75.59,75.84,174204.84,86794.39999999998,674981496.0584,278551.15280008316,-616.0400000000018,-896158.200000001,6.396e-05
2026-07-20 04:00:00 CST,1784491200000,75.85,76.11,75.83,76.11,225395.16999999998,118068.68000000001,678251245.0518,2156739.688239932,10742.190000000002,-885416.010000001,6.396e-05
2026-07-20 05:00:00 CST,1784494800000,76.11,76.21,75.67,75.74,309332.98000000004,111129.82999999999,673641419.9166,-5311943.443400025,-87073.31999999999,-972489.330000001,6.396e-05
2026-07-20 06:00:00 CST,1784498400000,75.74,76.38,75.58,76.05,625746.0800000001,335242.8699999999,675931543.8196019,2511426.7010115385,44739.66000000001,-927749.6700000011,6.396e-05
2026-07-20 07:00:00 CST,1784502000000,76.06,76.56,75.84,76.34,536458.0299999999,288668.37000000005,677625132.812371,2074407.1533056498,40878.70999999999,-886870.960000001,6.396e-05
2026-07-20 08:00:00 CST,1784505600000,76.34,77.1,76.08,76.52,1342654.9500000002,694731.58,676733751.3456,-1329339.2747186422,46808.209999999955,-840062.7500000012,5.638e-05
2026-07-20 09:00:00 CST,1784509200000,76.53,77.39,76.23,76.35,1052934.31,538431.12,676415066.4050496,418677.459107399,23927.93,-816134.8200000012,5.638e-05
2026-07-20 10:00:00 CST,1784512800000,76.34,77.16,76.31,76.94,725708.77,314846.56000000006,681377375.2744,4839497.604094386,-96015.65,-912150.4700000013,5.638e-05
2026-07-20 11:00:00 CST,1784516400000,76.93,77.06,76.48,76.71,339216.91,178134.11,679203782.6394325,-1278795.0744003057,17051.309999999998,-895099.1600000014,5.638e-05
2026-07-20 12:00:00 CST,1784520000000,76.71,76.91,76.24,76.41,497885.07,244351.79000000004,676995489.9751598,-1849970.3029402494,-9181.489999999998,-904280.6500000014,5.638e-05
2026-07-20 13:00:00 CST,1784523600000,76.42,76.46,75.73,75.88,913264.62,418423.6400000001,668596301.1871,-7911570.630584359,-76417.33999999995,-980697.9900000014,5.638e-05
2026-07-20 14:00:00 CST,1784527200000,75.88,76.0,75.45,75.6,755296.82,353528.86000000004,666652312.638,-2531279.737800002,-48239.100000000006,-1028937.0900000012,5.638e-05
2026-07-20 15:00:00 CST,1784530800000,75.6,76.21,75.48,76.18,440208.2,240165.29,669531933.7931,3302973.865100026,40122.379999999976,-988814.7100000014,5.638e-05
2026-07-20 16:00:00 CST,1784534400000,76.18,76.4,75.85,76.11,689143.7800000001,301267.68000000005,671116910.9720294,170801.17332947254,-86608.42000000003,-1075423.1300000013,-5.079e-05
2026-07-20 17:00:00 CST,1784538000000,76.1,76.7,76.03,76.43,470525.94,231344.20999999996,676729119.488,4923791.786000013,-7837.520000000017,-1083260.650000001,-5.079e-05
2026-07-20 18:00:00 CST,1784541600000,76.42,76.66,76.29,76.3,328395.14999999997,168419.66999999998,676524043.5707963,259758.31725001335,8444.189999999988,-1074816.460000001,-5.079e-05
2026-07-20 19:00:00 CST,1784545200000,76.31,77.21,76.26,77.1,1165709.15,579496.9900000001,685849155.4886173,10296605.006717324,-6715.169999999969,-1081531.6300000006,-5.079e-05
2026-07-20 20:00:00 CST,1784548800000,77.09,77.12,76.62,76.7,771439.3200000001,351544.37,681571481.1673601,-3223894.9756708145,-68350.58000000002,-1149882.2100000007,-5.079e-05
2026-07-20 21:00:00 CST,1784552400000,76.7,77.1,76.08,76.25,1023858.4099999999,470547.9,676657288.7018846,-3891088.4009940624,-82762.61000000002,-1232644.8200000005,-5.079e-05
2026-07-20 22:00:00 CST,1784556000000,76.24,76.42,75.73,76.11,1039599.6599999999,564241.51,669743799.4466484,-3278914.8033516407,88883.36000000003,-1143761.4600000004,-5.079e-05
2026-07-20 23:00:00 CST,1784559600000,76.1,77.91,76.06,77.73,1975263.7999999998,1086846.92,690673707.7166461,19404452.32913232,198430.03999999992,-945331.4200000009,-5.079e-05
2026-07-21 00:00:00 CST,1784563200000,77.73,77.86,77.42,77.64,1031630.7,414820.3900000001,686007912.999,-3750695.3632000685,-201989.92,-1147321.340000001,1.312e-05
2026-07-21 01:00:00 CST,1784566800000,77.63,77.88,77.33,77.71,516649.97,268274.67,685117696.0603014,72614.94790136814,19899.369999999995,-1127421.9700000014,1.312e-05
2026-07-21 02:00:00 CST,1784570400000,77.71,78.37,77.56,77.63,1370745.5299999998,744312.74,685024401.2852,-679522.5840197802,117879.95000000004,-1009542.0200000014,1.312e-05
2026-07-21 03:00:00 CST,1784574000000,77.63,77.7,77.26,77.6,832853.25,440646.74999999994,688086422.9616,5304747.20033741,48440.24999999999,-961101.7700000015,1.312e-05
2026-07-21 04:00:00 CST,1784577600000,77.61,78.02,77.51,77.85,343896.79,168121.38,690679737.5456101,2148863.2443574667,-7654.030000000017,-968755.8000000016,1.312e-05
2026-07-21 05:00:00 CST,1784581200000,77.86,78.01,77.68,77.71,214184.52,88587.71999999999,690452907.3207,-55782.58929991722,-37009.08,-1005764.8800000016,1.312e-05
2026-07-21 06:00:00 CST,1784584800000,77.7,77.81,77.4,77.43,288938.08999999997,153450.47999999998,688214812.2137638,-1537276.0455745459,17962.870000000003,-987802.0100000016,1.312e-05
2026-07-21 07:00:00 CST,1784588400000,77.43,77.85,77.4,77.8,215877.96,129862.47,688769605.2622,666854.7223000526,43846.979999999996,-943955.0300000018,1.312e-05
2026-07-21 08:00:00 CST,1784592000000,77.81,78.26,77.71,78.07,476860.22000000003,258556.54000000004,694139988.3564,5083961.794813514,40252.86000000001,-903702.1700000017,0.0001
2026-07-21 09:00:00 CST,1784595600000,78.08,78.2,77.79,77.81,345622.29000000004,159286.03999999998,691941173.7628,-1765124.8193444014,-27050.210000000003,-930752.3800000018,0.0001
2026-07-21 10:00:00 CST,1784599200000,77.81,78.23,77.63,77.99,321415.12,184536.51000000004,693213749.2269,2217932.289299965,47657.899999999994,-883094.4800000017,0.0001
2026-07-21 11:00:00 CST,1784602800000,77.99,78.53,77.98,78.15,574297.2799999999,298475.59,694751606.7466,1260730.9732999802,22653.899999999987,-860440.5800000017,0.0001
2026-07-21 12:00:00 CST,1784606400000,78.15,78.37,77.98,78.08,443380.22000000003,212834.84999999998,692798318.4980675,-1291424.8833780289,-17710.520000000004,-878151.1000000017,0.0001
2026-07-21 13:00:00 CST,1784610000000,78.08,78.65,78.07,78.41,481783.9,264906.81,694994696.7350595,1948501.8398594856,48029.720000000016,-830121.3800000018,0.0001
2026-07-21 14:00:00 CST,1784613600000,78.4,78.87,78.25,78.62,686883.57,405243.66000000003,696912492.2258683,2548195.904573083,123603.74999999999,-706517.6300000015,0.0001
2026-07-21 15:00:00 CST,1784617200000,78.62,78.73,78.43,78.53,439163.65,249006.28,697647380.6897595,460755.0717256069,58848.91,-647668.7200000014,0.0001
2026-07-21 16:00:00 CST,1784620800000,78.53,78.72,78.29,78.31,568618.65,282737.56,696486703.6094779,-679172.4118220806,-3143.529999999995,-650812.2500000014,6.58e-05
2026-07-21 17:00:00 CST,1784624400000,78.32,78.46,78.11,78.37,397226.64999999985,193299.88,696479255.331,35610.9324901104,-10626.889999999989,-661439.1400000015,6.58e-05
2026-07-21 18:00:00 CST,1784628000000,78.38,78.45,78.02,78.16,515710.94,237069.07000000004,692268400.2034296,-3649307.8771704435,-41572.799999999996,-703011.9400000016,6.58e-05
2026-07-21 19:00:00 CST,1784631600000,78.16,78.39,78.06,78.31,343461.22000000003,163075.07,695142276.9335,4032335.3561867476,-17311.080000000013,-720323.0200000015,6.58e-05
2026-07-21 20:00:00 CST,1784635200000,78.32,78.52,78.23,78.49,603856.04,329055.2100000001,695926876.0856,1002615.2541110516,54254.38,-666068.6400000015,6.58e-05
2026-07-21 21:00:00 CST,1784638800000,78.49,78.61,78.16,78.55,662576.96,355590.62,695213077.3952,-1134331.1418999434,48604.279999999984,-617464.3600000013,6.58e-05
2026-07-21 22:00:00 CST,1784642400000,78.56,78.61,77.82,77.97,1031724.56,409142.64,688390407.4266,-7444713.899373531,-213439.28,-830903.6400000013,6.58e-05
2026-07-21 23:00:00 CST,1784646000000,77.96,78.13,77.73,78.11,626761.97,301845.03,691319432.1190847,2525886.189050913,-23071.910000000007,-853975.5500000012,6.58e-05
2026-07-22 00:00:00 CST,1784649600000,78.11,78.21,77.92,78.16,366964.67,194279.72999999998,692989639.2785,1062638.6694967747,21594.789999999997,-832380.7600000013,2.609e-05
2026-07-22 01:00:00 CST,1784653200000,78.16,78.2,77.39,77.69,670919.69,293979.30000000005,685678507.5825,-6983147.912700057,-82961.09,-915341.8500000011,2.609e-05
2026-07-22 02:00:00 CST,1784656800000,77.69,77.96,77.57,77.82,311107.39999999997,159546.8,687341424.993589,1797787.3034341335,7986.199999999994,-907355.6500000011,2.609e-05
2026-07-22 03:00:00 CST,1784660400000,77.82,77.97,77.67,77.84,310191.42000000004,161637.69999999998,684923926.1518574,-2254308.5083426237,13083.980000000003,-894271.6700000011,2.609e-05
2026-07-22 04:00:00 CST,1784664000000,77.83,78.09,77.76,77.86,389397.04000000004,153875.79,683154825.1234264,-2626790.195995927,-81645.46000000002,-975917.1300000012,2.609e-05
2026-07-22 05:00:00 CST,1784667600000,77.85,78.1,77.75,78.0,275086.68,158147.53,679309196.2486964,-3714034.0399035215,41208.37999999999,-934708.7500000012,2.609e-05
2026-07-22 06:00:00 CST,1784671200000,77.99,78.04,77.8,77.95,215310.38,111757.95999999999,680021184.6259577,503341.6875189543,8205.540000000005,-926503.2100000014,2.609e-05
2026-07-22 07:00:00 CST,1784674800000,77.95,78.16,77.77,78.1,242371.51,126118.47999999998,681909910.1802586,1291789.2069542408,9865.449999999997,-916637.7600000012,2.609e-05
2026-07-22 08:00:00 CST,1784678400000,78.1,78.57,78.07,78.4,543678.26,303788.39999999997,684091263.1076903,2094479.138990283,63898.54000000001,-852739.2200000013,2.725e-05
2026-07-22 09:00:00 CST,1784682000000,78.41,78.48,78.1,78.3,395571.46,189622.30999999997,683942929.5005,-281521.4618768692,-16326.83999999999,-869066.0600000013,2.725e-05
2026-07-22 10:00:00 CST,1784685600000,78.3,78.48,78.04,78.07,266189.06999999995,139281.19999999998,681168469.7166634,-2425775.6244114637,12373.329999999994,-856692.7300000014,2.725e-05
2026-07-22 11:00:00 CST,1784689200000,78.07,78.19,77.76,77.82,370862.1,144778.28999999998,680039462.2014,-369929.3187896013,-81305.52,-937998.2500000014,2.725e-05
2026-07-22 12:00:00 CST,1784692800000,77.82,78.19,77.78,78.02,342726.83,178311.19999999998,681797764.9606303,2874786.428130269,13895.570000000016,-924102.6800000014,2.725e-05
2026-07-22 13:00:00 CST,1784696400000,78.02,78.04,77.35,77.39,809385.1799999997,391507.68999999994,681339182.0716,-518662.2977000475,-26369.79999999998,-950472.4800000014,2.725e-05
2026-07-22 14:00:00 CST,1784700000000,77.38,77.47,76.95,77.26,1048483.6099999999,538448.8300000001,677716185.605541,-929387.4595115185,28414.050000000036,-922058.4300000013,2.725e-05
2026-07-22 15:00:00 CST,1784703600000,77.26,77.29,76.94,77.06,515602.5299999999,234160.05000000005,676742456.3544414,-1121583.4408435822,-47282.42999999999,-969340.8600000013,2.725e-05
2026-07-22 16:00:00 CST,1784707200000,77.06,77.48,77.0,77.38,485655.89,273521.12000000005,678544663.2176145,1907406.715414524,61386.35000000001,-907954.5100000012,-3.237e-05
2026-07-22 17:00:00 CST,1784710800000,77.38,77.54,77.24,77.51,322806.97,167740.96000000002,680128391.6346784,1469123.7318487167,12674.950000000004,-895279.5600000011,-3.237e-05
2026-07-22 18:00:00 CST,1784714400000,77.51,77.7,77.4,77.63,356733.76,192521.42,681739987.345967,422868.47666704655,28309.08,-866970.4800000011,-3.237e-05
2026-07-22 19:00:00 CST,1784718000000,77.64,77.77,77.44,77.53,357409.8,182687.31000000003,679128711.954,-2085696.9262108803,7964.820000000003,-859005.6600000012,-3.237e-05
2026-07-22 20:00:00 CST,1784721600000,77.52,77.53,76.97,77.19,539588.2999999999,237973.17000000004,677526766.3142,-1265926.8983818293,-63641.95999999999,-922647.6200000013,-3.237e-05
2026-07-22 21:00:00 CST,1784725200000,77.2,77.93,77.09,77.84,972117.31,539338.45,683109221.4740211,6630178.022021055,106559.59000000007,-816088.0300000011,-3.237e-05
2026-07-22 22:00:00 CST,1784728800000,77.83,78.4,77.36,77.86,1158723.1700000002,588225.1900000001,680440524.8212,-3281130.2707999945,17727.210000000017,-798360.820000001,-3.237e-05
2026-07-22 23:00:00 CST,1784732400000,77.86,78.85,77.85,78.43,1463866.61,770642.06,692920086.8001212,11096999.116121173,77417.51000000001,-720943.3100000012,-3.237e-05
2026-07-23 00:00:00 CST,1784736000000,78.43,78.78,78.06,78.54,801583.27,416317.55,691616833.5778849,-1419160.1749649048,31051.829999999984,-689891.480000001,3.89e-05
2026-07-23 01:00:00 CST,1784739600000,78.54,78.62,78.1,78.17,484624.24,233566.83000000002,689012142.9408,-3498076.541200042,-17490.579999999998,-707382.060000001,3.89e-05
2026-07-23 02:00:00 CST,1784743200000,78.17,78.26,77.41,77.7,842864.05,395970.17000000004,682245756.0901402,-5762199.696771145,-50923.710000000014,-758305.7700000011,3.89e-05
2026-07-23 03:00:00 CST,1784746800000,77.7,77.77,77.26,77.61,493987.2999999999,250970.18,679667882.3163339,-3239188.686820984,7953.059999999998,-750352.7100000011,3.89e-05
2026-07-23 04:00:00 CST,1784750400000,77.61,77.91,77.52,77.75,428881.03,195689.68000000002,680715990.4794091,432862.1408139467,-37501.67000000001,-787854.3800000012,3.89e-05
2026-07-23 05:00:00 CST,1784754000000,77.75,78.02,77.62,77.98,293730.74,154505.49,680178559.1194,200332.16491365433,15280.239999999994,-772574.1400000012,3.89e-05
2026-07-23 06:00:00 CST,1784757600000,77.99,78.08,77.66,77.96,429782.31000000006,161145.29000000004,681641180.2691742,1302133.6406155825,-107491.73000000003,-880065.8700000012,3.89e-05
2026-07-23 07:00:00 CST,1784761200000,77.96,77.98,77.44,77.93,417445.1,165121.91000000003,678278994.4381,-3290165.4699195623,-87201.28000000003,-967267.1500000012,3.89e-05
2026-07-23 08:00:00 CST,1784764800000,77.93,78.5,77.93,78.21,664583.45,316893.67000000004,687001949.5704461,8340637.013346076,-30796.109999999997,-998063.2600000014,-3.674e-05
2026-07-23 09:00:00 CST,1784768400000,78.21,78.38,77.82,77.84,431983.08999999997,180298.69999999998,681335360.1862464,-4904536.906718254,-71385.69,-1069448.950000001,-3.674e-05
2026-07-23 10:00:00 CST,1784772000000,77.84,77.86,77.34,77.7,532127.1,295695.31,676593039.177,-4560883.3336519,59263.520000000026,-1010185.4300000011,-3.674e-05
2026-07-23 11:00:00 CST,1784775600000,77.71,77.74,77.42,77.56,268220.9,125007.41999999998,676748448.1803235,-395952.28957653046,-18206.06,-1028391.4900000012,-3.674e-05
2026-07-23 12:00:00 CST,1784779200000,77.55,77.78,77.39,77.48,462489.37,259260.93,679211256.2701,2209736.6756999493,56032.48999999999,-972359.0000000012,-3.674e-05
2026-07-23 13:00:00 CST,1784782800000,77.49,77.68,77.35,77.48,296011.08,150980.72999999998,680007866.7966564,490326.3942563534,5950.380000000001,-966408.6200000013,-3.674e-05
2026-07-23 14:00:00 CST,1784786400000,77.49,77.54,77.31,77.52,245325.55000000002,117367.89,680750649.2885,156694.52119994164,-10589.769999999997,-976998.3900000012,-3.674e-05
2026-07-23 15:00:00 CST,1784790000000,77.52,77.52,76.98,77.11,770957.69,344126.18000000005,681488992.3905,621710.8464999199,-82705.33000000005,-1059703.7200000011,-3.674e-05
2026-07-23 16:00:00 CST,1784793600000,77.12,77.45,77.06,77.42,394513.58,234184.04000000007,681867815.0956,1318186.796399951,73854.5,-985849.2200000013,-0.00010642
2026-07-23 17:00:00 CST,1784797200000,77.42,77.61,77.35,77.45,275561.87000000005,126965.82000000002,681968439.0666,-211469.46799731255,-21630.230000000003,-1007479.4500000012,-0.00010642
2026-07-23 18:00:00 CST,1784800800000,77.45,77.77,77.38,77.7,313454.42,167678.83999999997,684696141.80371,2999531.9106892347,21903.260000000002,-985576.1900000011,-0.00010642
2026-07-23 19:00:00 CST,1784804400000,77.7,77.83,77.56,77.62,342117.44999999995,145504.77,684511594.5494487,-387680.92355132103,-51107.90999999999,-1036684.1000000011,-0.00010642
2026-07-23 20:00:00 CST,1784808000000,77.63,77.71,76.43,76.9,1665801.7500000002,777656.44,673828616.8103,-11748194.826200008,-110488.86999999998,-1147172.970000001,-0.00010642
2026-07-23 21:00:00 CST,1784811600000,76.89,77.01,76.51,76.64,1063609.1,539062.97,676029693.873,1779221.6832000017,14516.840000000026,-1132656.1300000008,-0.00010642
2026-07-23 22:00:00 CST,1784815200000,76.65,76.84,76.24,76.38,963195.5700000001,446300.23000000004,672697107.9070127,-1282528.4558483362,-70595.10999999999,-1203251.2400000007,-0.00010642
2026-07-23 23:00:00 CST,1784818800000,76.39,76.41,75.8,76.33,1758725.1099999999,771921.77,664148721.4916,-8980314.055999994,-214881.56999999998,-1418132.81,-0.00010642
2026-07-24 00:00:00 CST,1784822400000,76.33,76.34,75.8,75.96,889511.2000000002,398703.32000000007,666749286.046874,2625964.2552740574,-92104.55999999998,-1510237.37,-3.609e-05
2026-07-24 01:00:00 CST,1784826000000,75.96,76.14,75.44,75.61,746923.52,303198.32000000007,665789022.8139063,-983541.7938936949,-140526.88,-1650764.25,-3.609e-05
2026-07-24 02:00:00 CST,1784829600000,75.61,75.81,75.51,75.76,477126.94,224702.92,669561531.9930739,6742268.010714889,-27721.099999999984,-1678485.3499999996,-3.609e-05
2026-07-24 03:00:00 CST,1784833200000,75.77,75.81,75.37,75.7,492868.59,267021.58999999997,666091690.3382,-3594371.682200074,41174.59000000001,-1637310.7599999998,-3.609e-05
2026-07-24 04:00:00 CST,1784836800000,75.69,76.15,75.65,76.09,381620.9999999999,236654.31,670001659.8872,1700732.3473107815,91687.62,-1545623.1399999997,-3.609e-05
2026-07-24 05:00:00 CST,1784840400000,76.09,76.24,75.89,76.01,364294.98,220818.27,664263673.6788545,-5688201.450823545,77341.56000000003,-1468281.5799999996,-3.609e-05
2026-07-24 06:00:00 CST,1784844000000,76.02,76.21,75.81,76.14,336261.43,202030.24999999997,666393516.6196,1792776.260800004,67799.07,-1400482.5099999998,-3.609e-05
2026-07-24 07:00:00 CST,1784847600000,76.15,76.21,75.83,75.83,265597.33,129412.53000000001,663666124.9203,-2931325.2490752935,-6772.269999999999,-1407254.7799999998,-3.609e-05
2026-07-24 08:00:00 CST,1784851200000,75.84,75.86,75.49,75.78,593517.9400000001,296371.67,661707571.1681286,-1284558.90482831,-774.6000000000204,-1408029.3799999997,3.044e-05
2026-07-24 09:00:00 CST,1784854800000,75.78,76.09,75.63,75.65,333024.05,194462.15,662632525.7786759,993683.6858758926,55900.249999999985,-1352129.13,3.044e-05
2026-07-24 10:00:00 CST,1784858400000,75.66,75.89,75.23,75.5,454591.05,197009.41,658335488.3925,-3969670.7516999245,-60572.229999999996,-1412701.36,3.044e-05
2026-07-24 11:00:00 CST,1784862000000,75.49,75.93,75.43,75.8,404791.52999999997,244906.09,661145518.9196,1715773.7646000385,85020.65,-1327680.7100000004,3.044e-05
2026-07-24 12:00:00 CST,1784865600000,75.79,75.82,75.57,75.63,259942.36000000002,105782.29,660153886.7985601,-1194253.9332840443,-48377.78,-1376058.4900000002,3.044e-05
2026-07-24 13:00:00 CST,1784869200000,75.63,75.88,75.55,75.75,430874.61,188054.61,657220249.1891226,-2531407.4985774755,-54765.390000000014,-1430823.8800000001,3.044e-05
2026-07-24 14:00:00 CST,1784872800000,75.75,75.98,75.69,75.8,329102.58999999997,185284.55000000002,658827383.7619,1450981.7234998941,41466.51000000001,-1389357.3699999996,3.044e-05
2026-07-24 15:00:00 CST,1784876400000,75.81,76.42,75.73,76.02,874732.81,436290.86,657967308.2153,-1114186.5780284405,-2151.089999999971,-1391508.4599999993,3.044e-05
2026-07-24 16:00:00 CST,1784880000000,76.03,76.04,75.66,75.73,451655.09,234868.22000000003,661568696.355,3636978.710497141,18081.350000000013,-1373427.1099999994,5.692e-05
2026-07-24 17:00:00 CST,1784883600000,75.73,75.79,75.32,75.57,723222.5899999999,316919.1200000001,663918126.7325113,2453039.76787436,-89384.34999999998,-1462811.4599999993,5.692e-05
2026-07-24 18:00:00 CST,1784887200000,75.58,75.61,75.33,75.43,309237.38,152483.55000000002,662153856.8396,-1636311.1456817389,-4270.280000000004,-1467081.7399999993,5.692e-05
2026-07-24 19:00:00 CST,1784890800000,75.44,75.47,74.86,75.15,914968.4500000001,381598.31,656090388.1995419,-6746196.291658044,-151771.82999999996,-1618853.5699999991,5.692e-05
2026-07-24 20:00:00 CST,1784894400000,75.15,75.25,74.74,74.81,521263.73,247148.92,654279244.458,-2031776.580000043,-26965.890000000007,-1645819.4599999993,5.692e-05
2026-07-24 21:00:00 CST,1784898000000,74.81,74.88,73.93,74.17,1995795.0000000002,892789.55,648817950.0595057,-4700397.833894253,-210215.90000000002,-1856035.3599999994,5.692e-05
2026-07-24 22:00:00 CST,1784901600000,74.17,74.22,73.55,73.99,1615495.6900000002,766931.6099999998,658348897.1885,7133006.606000066,-81632.47000000004,-1937667.8299999996,5.692e-05
2026-07-24 23:00:00 CST,1784905200000,73.98,74.25,73.63,73.98,1127432.05,557942.87,664064392.36,4051487.609567642,-11546.31000000002,-1949214.1399999994,5.692e-05
2026-07-25 00:00:00 CST,1784908800000,73.98,74.16,73.66,73.86,601840.48,277682.43999999994,664917715.6973827,48143.83998274803,-46475.600000000006,-1995689.7399999993,-9.588e-05
2026-07-25 01:00:00 CST,1784912400000,73.85,74.11,73.8,73.99,393606.9,190486.97,667747471.221,2029417.839599967,-12632.96,-2008322.6999999993,-9.588e-05
2026-07-25 02:00:00 CST,1784916000000,74.0,74.03,73.84,73.92,243108.65000000005,124010.99000000002,669072196.3327435,1272124.1327434778,4913.33,-2003409.369999999,-9.588e-05
2026-07-25 03:00:00 CST,1784919600000,73.92,74.01,73.73,73.91,359320.88,201126.2,668128707.5458539,-1033496.3177461624,42931.520000000004,-1960477.8499999987,-9.588e-05
2026-07-25 04:00:00 CST,1784923200000,73.92,73.98,73.67,73.73,257809.28,140087.73,671215354.6,344002.1645362377,22366.179999999997,-1938111.6699999988,-9.588e-05
2026-07-25 05:00:00 CST,1784926800000,73.73,73.79,73.36,73.61,786118.6800000002,369954.36,660295636.8069705,-10577083.937201738,-46209.96000000005,-1984321.629999999,-9.588e-05
2026-07-25 06:00:00 CST,1784930400000,73.6,73.95,73.6,73.9,356395.13,205936.50999999995,668050168.0009466,8308917.773646593,55477.889999999985,-1928843.7399999993,-9.588e-05
2026-07-25 07:00:00 CST,1784934000000,73.9,74.0,73.81,73.93,229799.47,113303.79000000001,669043438.262576,1812002.6385760307,-3191.889999999992,-1932035.6299999994,-9.588e-05
2026-07-25 08:00:00 CST,1784937600000,73.92,74.11,73.9,74.08,321079.77,172269.74000000002,670638606.720333,1149502.13993299,23459.710000000014,-1908575.9199999995,-4.287e-05
2026-07-25 09:00:00 CST,1784941200000,74.09,74.23,73.97,74.09,325335.29,182238.53,671094032.1819347,-730128.6919754744,39141.770000000004,-1869434.1499999994,-4.287e-05
2026-07-25 10:00:00 CST,1784944800000,74.1,74.18,74.01,74.07,169327.52,74382.36,669351461.7963325,-1150669.6388674974,-20562.799999999996,-1889996.9499999993,-4.287e-05
2026-07-25 11:00:00 CST,1784948400000,74.07,74.29,74.01,74.09,300539.75,161315.34999999998,671098632.9544617,1441016.5195616484,22090.949999999993,-1867905.9999999995,-4.287e-05
2026-07-25 12:00:00 CST,1784952000000,74.09,74.32,74.09,74.28,287132.05,163395.35000000003,672899031.6279,2947963.5158456564,39658.65000000001,-1828247.3499999996,-4.287e-05
2026-07-25 13:00:00 CST,1784955600000,74.28,74.32,73.86,73.94,389807.20999999996,171690.52999999997,667810023.4243,-5072655.779427052,-46426.15,-1874673.5,-4.287e-05
2026-07-25 14:00:00 CST,1784959200000,73.95,74.0,73.72,73.99,375310.23999999993,194637.64,668757963.1960065,906537.303406477,13965.039999999983,-1860708.4600000002,-4.287e-05
2026-07-25 15:00:00 CST,1784962800000,74.0,74.02,73.74,73.75,208314.05,75806.29999999999,668600356.734,-969979.7260000706,-56701.450000000004,-1917409.9100000001,-4.287e-05
2026-07-25 16:00:00 CST,1784966400000,73.74,73.83,73.5,73.76,458915.2799999999,208262.46000000002,666227192.7556,-709257.8568999767,-42390.36,-1959800.2700000005,4.81e-06
2026-07-25 17:00:00 CST,1784970000000,73.76,74.0,73.71,73.95,268709.63999999996,165849.27999999997,670322782.0461355,3507866.82097733,62988.92,-1896811.3500000006,4.81e-06
2026-07-25 18:00:00 CST,1784973600000,73.95,73.99,73.86,73.94,171762.86000000002,85436.18,669532598.3102,-1005108.3289999962,-890.5,-1897701.8500000008,4.81e-06
2026-07-25 19:00:00 CST,1784977200000,73.94,74.0,73.8,73.88,179786.89,89234.93999999999,669430851.1969326,-505610.47215104103,-1317.0099999999993,-1899018.860000001,4.81e-06
2026-07-25 20:00:00 CST,1784980800000,73.88,73.94,73.81,73.94,217921.79,110063.76,668165450.4247587,-1258506.5612584352,2205.730000000003,-1896813.130000001,4.81e-06
2026-07-25 21:00:00 CST,1784984400000,73.93,74.17,73.9,73.93,363333.88,204663.25999999998,673096275.652547,3360762.513322592,45992.639999999985,-1850820.490000001,4.81e-06
2026-07-25 22:00:00 CST,1784988000000,73.93,74.03,73.73,74.0,465918.94,244386.42999999996,677165721.4998,4088916.618999958,22853.92,-1827966.5700000008,4.81e-06
2026-07-25 23:00:00 CST,1784991600000,74.0,74.28,73.95,74.13,476498.49,247895.53999999998,677246214.9965243,-121719.02347564697,19292.590000000004,-1808673.9800000002,4.81e-06
2026-07-26 00:00:00 CST,1784995200000,74.12,74.39,74.04,74.28,448058.92999999993,225691.72999999998,675823682.1325783,-881224.8493345976,3324.5299999999916,-1805349.4500000002,-4.127e-05
2026-07-26 01:00:00 CST,1784998800000,74.28,74.64,74.25,74.42,536159.8700000001,297189.69,678871894.2704,2979771.752056241,58219.51000000003,-1747129.9400000002,-4.127e-05
2026-07-26 02:00:00 CST,1785002400000,74.43,74.67,74.43,74.62,338542.17000000004,174394.92,680610274.173,1912248.815366149,10247.669999999993,-1736882.2700000003,-4.127e-05
2026-07-26 03:00:00 CST,1785006000000,74.62,74.69,74.49,74.52,257127.49,104949.99,678302334.8736,-1658322.7130999565,-47227.509999999995,-1784109.7800000005,-4.127e-05
2026-07-26 04:00:00 CST,1785009600000,74.53,74.54,74.35,74.4,259697.56,105650.38999999998,675883637.256,-1915399.0371325016,-48396.780000000006,-1832506.5600000005,-4.127e-05
2026-07-26 05:00:00 CST,1785013200000,74.39,74.57,74.23,74.43,262170.69,126235.67000000001,672612211.247356,-1734679.8726439476,-9699.350000000006,-1842205.9100000008,-4.127e-05
2026-07-26 06:00:00 CST,1785016800000,74.43,74.5,74.26,74.46,213984.3,116461.24999999997,674466802.3737563,1897975.0395562649,18938.199999999997,-1823267.710000001,-4.127e-05
2026-07-26 07:00:00 CST,1785020400000,74.46,74.5,74.37,74.49,173425.52000000002,84024.79,675225970.2265,592363.1616643667,-5375.940000000002,-1828643.650000001,-4.127e-05
2026-07-26 08:00:00 CST,1785024000000,74.48,74.93,74.44,74.75,548831.64,274008.87000000005,676528635.0561483,1440454.5136364698,-813.8999999999978,-1829457.5500000012,1.81e-06
2026-07-26 09:00:00 CST,1785027600000,74.75,74.87,74.64,74.8,188194.92,98015.46000000002,676900920.8298,13761.598051071167,7836.000000000003,-1821621.5500000007,1.81e-06
2026-07-26 10:00:00 CST,1785031200000,74.8,74.9,74.68,74.86,206035.97999999998,101474.88000000002,676730422.6882,211415.95869994164,-3086.2200000000057,-1824707.7700000005,1.81e-06
2026-07-26 11:00:00 CST,1785034800000,74.85,75.03,74.78,75.0,358857.02,194183.90000000005,676409998.9235,1390.7087676525116,29510.780000000013,-1795196.9900000002,1.81e-06
2026-07-26 12:00:00 CST,1785038400000,74.99,75.2,74.9,75.04,392594.30999999994,182379.39,676496257.5874503,-118508.08014976978,-27835.53,-1823032.52,1.81e-06
2026-07-26 13:00:00 CST,1785042000000,75.04,75.15,74.91,74.98,270971.41,98961.98,673676382.6691699,-2303060.5244301558,-73047.45000000001,-1896079.9699999997,1.81e-06
2026-07-26 14:00:00 CST,1785045600000,74.97,75.1,74.69,75.09,388805.44999999995,173497.99000000002,672123326.6044,-1336831.6973350048,-41809.47,-1937889.4399999995,1.81e-06
2026-07-26 15:00:00 CST,1785049200000,75.09,75.12,74.81,74.84,249417.33999999997,97700.12,671343703.2741842,-1850096.7638157606,-54017.10000000001,-1991906.5399999996,1.81e-06
2026-07-26 16:00:00 CST,1785052800000,74.84,75.02,74.8,74.96,181164.21999999997,103816.73,672163993.7506858,961792.9218645096,26469.24,-1965437.2999999996,6.371e-05
2026-07-26 17:00:00 CST,1785056400000,74.95,75.25,74.95,75.03,398794.23,241506.68999999997,675980916.7108302,3391606.343600154,84219.15,-1881218.1499999994,6.371e-05
2026-07-26 18:00:00 CST,1785060000000,75.03,75.22,74.99,75.09,187976.52,89522.70000000001,676028998.7324308,243049.9308308363,-8931.119999999999,-1890149.2699999996,6.371e-05
2026-07-26 19:00:00 CST,1785063600000,75.08,75.14,74.86,74.91,308060.99,116925.21,672699750.0226,-3206709.312434435,-74210.57,-1964359.8399999996,6.371e-05
2026-07-26 20:00:00 CST,1785067200000,74.91,75.11,74.77,74.83,294540.65,135750.14,671751868.8917369,-1454592.7722631693,-23040.370000000003,-1987400.2099999997,6.371e-05
2026-07-26 21:00:00 CST,1785070800000,74.83,74.94,74.73,74.9,304768.61,149479.33,672220328.8037905,410325.09978055954,-5809.950000000001,-1993210.16,6.371e-05
2026-07-26 22:00:00 CST,1785074400000,74.89,75.2,74.84,75.01,457854.06,239501.41999999998,674370569.25,1511898.9340000153,21148.780000000017,-1972061.3800000001,6.371e-05
2026-07-26 23:00:00 CST,1785078000000,75.01,75.47,74.92,75.45,619204.4500000001,333081.79,677612563.361,3194673.9637999535,46959.13000000001,-1925102.25,6.371e-05
2026-07-27 00:00:00 CST,1785081600000,75.45,75.96,75.26,75.5,871451.1799999998,422279.07,672976209.172,-4595086.015869021,-26893.040000000023,-1951995.2900000003,1.514e-05
2026-07-27 01:00:00 CST,1785085200000,75.49,75.56,75.25,75.35,318543.4,146281.59,669192536.1388,-3840137.636199951,-25980.22,-1977975.5100000002,1.514e-05
2026-07-27 02:00:00 CST,1785088800000,75.34,75.41,75.23,75.36,191002.84999999998,89545.37000000001,669588440.0474811,530330.7044810057,-11912.110000000004,-1989887.6200000003,1.514e-05
2026-07-27 03:00:00 CST,1785092400000,75.35,75.42,75.2,75.3,166921.81,80897.56,669094119.4146917,-129960.90530836582,-5126.690000000001,-1995014.3100000005,1.514e-05
2026-07-27 04:00:00 CST,1785096000000,75.3,75.37,75.27,75.31,93828.98,44564.85,669276317.763,-232475.19599997997,-4699.280000000001,-1999713.5900000003,1.514e-05
2026-07-27 05:00:00 CST,1785099600000,75.31,75.74,75.28,75.62,262408.76,148069.91999999998,670546905.4091,1207061.6998000145,33731.08,-1965982.5100000007,1.514e-05
2026-07-27 06:00:00 CST,1785103200000,75.62,76.79,75.62,76.69,1785052.7500000002,994147.99,664230707.964,-5514509.94061327,203243.23000000007,-1762739.2800000005,1.514e-05
2026-07-27 07:00:00 CST,1785106800000,76.69,77.08,76.47,76.74,1085385.59,550073.59,660852145.16,-3564957.115938902,14761.590000000022,-1747977.6900000004,1.514e-05
2026-07-27 08:00:00 CST,1785110400000,76.75,76.78,76.16,76.31,646457.0,265078.53,658811295.6308,-2724342.638800025,-116299.93999999999,-1864277.63,8.751e-05
2026-07-27 09:00:00 CST,1785114000000,76.32,76.5,75.93,76.49,634147.4,313442.61,653699349.0996108,-3466210.3072559834,-7262.179999999986,-1871539.8099999998,8.751e-05
2026-07-27 10:00:00 CST,1785117600000,76.49,76.63,76.32,76.39,359429.34,170933.38000000003,653371703.7825335,-2179555.3802064657,-17562.579999999994,-1889102.3899999997,8.751e-05
2026-07-27 11:00:00 CST,1785121200000,76.4,76.51,76.28,76.37,257730.95000000007,112223.16,653260020.7002453,-629663.1317410469,-33284.63,-1922387.02,8.751e-05
2026-07-27 12:00:00 CST,1785124800000,76.38,76.6,76.23,76.27,308694.56,129092.47,652823739.8914,-1037005.3622000217,-50509.62,-1972896.6400000001,8.751e-05
2026-07-27 13:00:00 CST,1785128400000,76.28,76.6,76.22,76.53,316085.51,149044.31,653157773.7330273,1789690.6080931425,-17996.889999999996,-1990893.53,8.751e-05
2026-07-27 14:00:00 CST,1785132000000,76.52,76.96,76.49,76.69,745375.8099999998,403589.10000000003,658182969.1418,3708514.1629999876,61802.39,-1929091.1400000001,8.751e-05
2026-07-27 15:00:00 CST,1785135600000,76.69,76.73,76.35,76.43,360353.45,153977.28,657254667.9635171,-761484.7812310457,-52398.89000000001,-1981490.03,8.751e-05
2026-07-27 16:00:00 CST,1785139200000,76.44,76.48,76.19,76.26,301270.68,130859.12000000001,655479342.577415,-713355.1369776726,-39552.44,-2021042.4699999997,7.729e-05
2026-07-27 17:00:00 CST,1785142800000,76.27,76.53,76.08,76.44,338969.58999999997,155362.22,656632209.9227298,1383158.9673569202,-28245.150000000012,-2049287.6199999994,7.729e-05
2026-07-27 18:00:00 CST,1785146400000,76.44,76.65,76.37,76.59,259973.86000000002,158896.12999999998,658006708.8089428,1752750.163988471,57818.399999999994,-1991469.2199999993,7.729e-05
2026-07-27 19:00:00 CST,1785150000000,76.59,76.65,76.45,76.49,292628.35,140111.17000000004,659077320.5711007,993588.212600708,-12406.009999999995,-2003875.2299999993,7.729e-05
2026-07-27 20:00:00 CST,1785153600000,76.49,77.05,76.21,76.82,1284584.9,692291.0900000001,657669320.765,-1091642.5380706787,99997.28,-1903877.9499999995,7.729e-05
2026-07-27 21:00:00 CST,1785157200000,76.83,77.48,76.42,76.88,1717684.75,917280.85,651147398.764,-6109750.2863999605,116876.94999999994,-1787000.9999999998,7.729e-05
2026-07-27 22:00:00 CST,1785160800000,76.88,76.97,74.97,75.44,2676904.64,1232239.32,623253840.3496222,-25856230.600577712,-212426.00000000012,-1999426.9999999995,7.729e-05
2026-07-27 23:00:00 CST,1785164400000,75.44,75.58,75.03,75.22,738129.36,358808.86000000004,624744535.1252,-389775.70894014835,-20511.640000000007,-2019938.6399999997,7.729e-05
2026-07-28 00:00:00 CST,1785168000000,75.23,75.94,75.1,75.91,799398.37,438311.68,629372130.4507065,4590233.695699096,77224.99000000003,-1942713.6499999997,3.835e-05
2026-07-28 01:00:00 CST,1785171600000,75.9,76.21,75.77,75.86,563315.15,281772.85000000003,630757504.2283871,26463.625398755074,230.54999999999927,-1942483.0999999999,3.835e-05
2026-07-28 02:00:00 CST,1785175200000,75.86,75.96,75.22,75.57,597969.76,313870.23,629910239.9731,-1941172.7628999949,29770.700000000004,-1912712.4000000001,3.835e-05
2026-07-28 03:00:00 CST,1785178800000,75.58,76.02,75.45,75.94,501412.01,247709.23000000004,631129297.3236,199250.07100009918,-5993.549999999988,-1918705.9500000004,3.835e-05
2026-07-28 04:00:00 CST,1785182400000,75.95,76.1,75.76,75.93,291961.29000000004,136145.01,630928322.3068,-1581333.3005127907,-19671.269999999993,-1938377.2200000004,3.835e-05
2026-07-28 05:00:00 CST,1785186000000,75.94,75.96,75.47,75.57,273010.06,145691.05,626132233.6128,-5326580.402282238,18372.04,-1920005.1800000009,3.835e-05
2026-07-28 06:00:00 CST,1785189600000,75.58,75.59,73.96,74.01,1556226.88,604261.76,617109077.4368,-9717080.11619997,-347703.36,-2267708.540000001,3.835e-05
2026-07-28 07:00:00 CST,1785193200000,74.01,74.37,73.68,74.16,1046832.3,556058.17,613501812.3883777,-5620.232975482941,65284.03999999998,-2202424.5,3.835e-05
2026-07-28 08:00:00 CST,1785196800000,74.16,74.26,73.62,73.68,856490.39,377369.17,616165546.4816935,1805093.359684825,-101752.05,-2304176.5500000003,-3.055e-05
2026-07-28 09:00:00 CST,1785200400000,73.68,73.71,72.8,73.14,1865964.76,829198.4,617510267.3558925,1682394.275146842,-207567.96000000002,-2511744.5100000007,-3.055e-05
2026-07-28 10:00:00 CST,1785204000000,73.15,73.41,73.01,73.32,688623.0299999999,354984.61,619762988.4831,2171340.425100088,21346.189999999988,-2490398.3200000008,-3.055e-05
2026-07-28 11:00:00 CST,1785207600000,73.33,73.37,73.11,73.24,435562.6400000001,228881.8,619831075.9984,-253098.0760999918,22200.960000000003,-2468197.3600000013,-3.055e-05
2026-07-28 12:00:00 CST,1785211200000,73.25,73.25,72.93,73.15,602797.5,353048.22,624337316.7699165,3568999.902416587,103298.94,-2364898.420000001,-3.055e-05
2026-07-28 13:00:00 CST,1785214800000,73.16,73.5,73.14,73.2,460000.50999999995,233632.29,626693142.0200187,2491487.361348033,7264.069999999989,-2357634.350000001,-3.055e-05
2026-07-28 14:00:00 CST,1785218400000,73.21,73.45,73.08,73.41,483174.11,277847.54000000004,626433758.634234,967035.195933938,72520.97000000003,-2285113.380000001,-3.055e-05
2026-07-28 15:00:00 CST,1785222000000,73.41,73.45,73.09,73.24,330921.02,160033.22,624429425.5903,-1766163.132799983,-10854.579999999993,-2295967.9600000004,-3.055e-05
2026-07-28 16:00:00 CST,1785225600000,73.25,73.4,73.1,73.31,331963.99,155090.76,625689363.4926311,691260.6973720789,-21782.469999999998,-2317750.43,-0.00013328
2026-07-28 17:00:00 CST,1785229200000,73.32,73.47,73.16,73.21,327206.51999999996,158632.14,625791055.0208306,439784.488930583,-9942.239999999994,-2327692.6700000004,-0.00013328
2026-07-28 18:00:00 CST,1785232800000,73.21,73.3,73.08,73.1,490304.78,222911.0,627381404.19579,195174.18139004707,-44482.78,-2372175.4500000007,-0.00013328
2026-07-28 19:00:00 CST,1785236400000,73.1,73.31,72.82,73.14,790979.03,408299.8,626046905.51567,758294.97655797,25620.570000000003,-2346554.880000001,-0.00013328
2026-07-28 20:00:00 CST,1785240000000,73.14,73.42,73.08,73.33,534089.51,287462.91,629385466.4026,3129140.9187999964,40836.30999999998,-2305718.5700000008,-0.00013328
2026-07-28 21:00:00 CST,1785243600000,73.32,73.4,72.3,72.67,1779793.3499999999,769296.48,625496818.4464599,-5183807.728791833,-241200.3899999999,-2546918.960000001,-0.00013328
2026-07-28 22:00:00 CST,1785247200000,72.67,73.45,72.49,73.37,1301470.0899999999,710780.5599999999,627775670.1684062,1716875.975606203,120091.02999999997,-2426827.930000001,-0.00013328
2026-07-28 23:00:00 CST,1785250800000,73.38,74.55,73.25,74.31,2116722.69,1126088.9400000002,621091806.104,-6873110.908400059,135455.19,-2291372.7400000016,-0.00013328
2026-07-29 00:00:00 CST,1785254400000,74.31,74.54,74.0,74.38,712672.5999999999,374064.94,623485866.0325392,1002206.038015604,35457.28000000003,-2255915.4600000014,-4.712e-05
2026-07-29 01:00:00 CST,1785258000000,74.39,74.4,73.51,73.79,857335.62,373427.99,614055716.2347437,-8641407.36035633,-110479.64000000001,-2366395.1000000015,-4.712e-05
2026-07-29 02:00:00 CST,1785261600000,73.79,74.03,73.76,73.85,304174.46,167071.94999999998,615646769.67,367338.85709023476,29969.44,-2336425.6600000015,-4.712e-05
2026-07-29 03:00:00 CST,1785265200000,73.85,74.36,73.79,74.29,490694.56,268280.91,619764085.3705,3691363.612999916,45867.260000000024,-2290558.4000000022,-4.712e-05
2026-07-29 04:00:00 CST,1785268800000,74.29,74.34,73.97,74.01,423850.48999999993,210315.21999999997,620177157.8802,-1509995.894999981,-3220.050000000014,-2293778.450000003,-4.712e-05
2026-07-29 05:00:00 CST,1785272400000,74.01,74.36,73.96,74.11,335890.89,190546.47000000003,620509505.6853249,214776.25922489166,45202.05000000001,-2248576.4000000027,-4.712e-05
2026-07-29 06:00:00 CST,1785276000000,74.11,74.2,73.39,73.4,593542.13,235704.59000000003,611632564.3452848,-8322491.119419694,-122132.94999999998,-2370709.350000003,-4.712e-05
2026-07-29 07:00:00 CST,1785279600000,73.41,73.81,73.13,73.77,800050.09,402966.83999999997,612464038.465061,571582.2001609802,5883.589999999975,-2364825.7600000026,-4.712e-05
2026-07-29 08:00:00 CST,1785283200000,73.77,74.15,73.72,73.75,606296.16,302473.54,612952999.3771,419696.74742102623,-1349.0799999999945,-2366174.8400000026,2.994e-05
2026-07-29 09:00:00 CST,1785286800000,73.74,73.77,73.18,73.24,462882.5,202873.96,608311983.632,-3675240.821200013,-57134.58,-2423309.4200000023,2.994e-05
2026-07-29 10:00:00 CST,1785290400000,73.24,73.96,73.02,73.66,749192.36,427994.4900000001,613668663.7416,5361510.808200002,106796.62000000001,-2316512.800000002,2.994e-05
2026-07-29 11:00:00 CST,1785294000000,73.66,73.72,72.95,73.03,488724.85000000003,227344.55,610850327.2344,-2681222.9376000166,-34035.750000000015,-2350548.550000002,2.994e-05
2026-07-29 12:00:00 CST,1785297600000,73.04,73.46,72.66,73.41,1017112.36,520575.18999999994,613365735.8416557,2502197.8624557257,24038.02000000004,-2326510.530000002,2.994e-05
2026-07-29 13:00:00 CST,1785301200000,73.41,73.76,73.3,73.64,470410.36,237695.67,612604821.5659101,-1225351.3589590788,4980.98,-2321529.5500000017,2.994e-05
2026-07-29 14:00:00 CST,1785304800000,73.64,74.06,73.48,74.04,527467.73,276485.22,613912027.1133999,2138202.5629674196,25502.71,-2296026.8400000026,2.994e-05
2026-07-29 15:00:00 CST,1785308400000,74.04,74.25,73.94,74.21,380759.39,190997.44,614151227.34,54982.5109000206,1235.4900000000052,-2294791.350000003,2.994e-05
2026-07-29 16:00:00 CST,1785312000000,74.21,74.3,73.66,73.9,677586.2200000001,326151.60000000003,610276580.7901964,-5700562.4887036085,-25283.02000000001,-2320074.370000002,-8.2e-07
2026-07-29 17:00:00 CST,1785315600000,73.91,74.29,73.87,74.09,306833.07999999996,170954.37,612658317.9327164,2690773.1037163734,35075.66000000001,-2284998.7100000014,-8.2e-07
2026-07-29 18:00:00 CST,1785319200000,74.1,74.11,73.75,73.87,341797.44000000006,170534.33,610030052.8032,-2239345.1202816963,-728.7800000000097,-2285727.490000002,-8.2e-07
2026-07-29 19:00:00 CST,1785322800000,73.88,74.06,73.79,73.91,209809.86000000002,102582.01,610221532.7825699,-673027.1782301664,-4645.839999999999,-2290373.3300000024,-8.2e-07
2026-07-29 20:00:00 CST,1785326400000,73.91,73.92,73.41,73.48,484247.54000000004,222379.2,607370718.4179244,-2934185.159675598,-39489.140000000014,-2329862.4700000025,-8.2e-07
2026-07-29 21:00:00 CST,1785330000000,73.48,73.74,73.3,73.69,768066.56,400953.14,609285477.21953,2044941.9154994488,33839.72,-2296022.750000003,-8.2e-07
2026-07-29 22:00:00 CST,1785333600000,73.69,73.89,73.04,73.23,985406.41,501265.47,610237892.5022018,-1749632.1382981539,17124.529999999984,-2278898.2200000025,-8.2e-07
2026-07-29 23:00:00 CST,1785337200000,73.22,73.42,72.93,73.08,603629.62,287669.44,609991527.508905,785853.3552856445,-28290.739999999998,-2307188.960000002,-8.2e-07
2026-07-30 00:00:00 CST,1785340800000,73.08,73.33,72.88,73.24,786050.4299999999,356233.18,608277142.1540878,-1440518.4627913237,-73584.07000000004,-2380773.030000001,-3.76e-06
2026-07-30 01:00:00 CST,1785344400000,73.24,73.92,73.13,73.91,926469.99,520163.38999999996,615851716.8,6674916.550799966,113856.78999999998,-2266916.2400000016,-3.76e-06
2026-07-30 02:00:00 CST,1785348000000,73.91,74.5,73.4,74.21,2258256.8699999996,1091657.1900000002,620646629.777731,3669612.9866013527,-74942.49000000003,-2341858.730000002,-3.76e-06
2026-07-30 03:00:00 CST,1785351600000,74.2,74.34,72.68,72.71,1503587.4299999997,696822.95,606428072.9088,-11266381.96141994,-109941.52999999994,-2451800.260000002,-3.76e-06
2026-07-30 04:00:00 CST,1785355200000,72.71,73.17,72.39,72.6,1316863.4000000001,622805.2599999999,607507588.0346,1291638.9650000334,-71252.88,-2523053.1400000025,-3.76e-06
2026-07-30 05:00:00 CST,1785358800000,72.61,73.14,72.26,73.14,979501.7400000002,475669.54000000004,608225131.7463813,2530492.412057996,-28162.660000000003,-2551215.800000002,-3.76e-06
2026-07-30 06:00:00 CST,1785362400000,73.14,73.78,73.14,73.61,868176.8300000001,449459.82000000007,622627382.455,13208595.160600066,30742.80999999998,-2520472.990000003,-3.76e-06
2026-07-30 07:00:00 CST,1785366000000,73.6,73.71,73.38,73.65,330390.87999999995,157142.69,623374221.005591,202006.44293665886,-16105.500000000004,-2536578.490000003,-3.76e-06
2026-07-30 08:00:00 CST,1785369600000,73.65,73.84,73.1,73.27,587951.1,256847.69999999998,618526357.8093615,-4480709.708638549,-74255.7,-2610834.1900000037,2.21e-05
2026-07-30 09:00:00 CST,1785373200000,73.28,74.18,73.23,73.99,695285.46,369270.82999999996,624290029.2469697,3330457.3619697094,43256.20000000001,-2567577.990000004,2.21e-05
2026-07-30 10:00:00 CST,1785376800000,74.0,74.12,73.78,73.81,294343.89,136481.1,622726007.6507063,-471902.6933937073,-21381.689999999988,-2588959.680000004,2.21e-05
2026-07-30 11:00:00 CST,1785380400000,73.81,73.98,73.62,73.68,262177.85000000003,133334.33,620984536.7499233,-601426.3371766806,4490.80999999999,-2584468.8700000043,2.21e-05
2026-07-30 12:00:00 CST,1785384000000,73.68,73.71,73.46,73.48,308566.4,173867.05,619974005.9646,-893035.242200017,39167.7,-2545301.1700000046,2.21e-05
2026-07-30 13:00:00 CST,1785387600000,73.48,73.84,73.38,73.66,290774.37,165117.77,617713106.4451942,-1107182.1098835468,39461.17,-2505840.000000004,2.21e-05
2026-07-30 14:00:00 CST,1785391200000,73.66,73.73,73.45,73.49,228355.93,118150.70000000001,617695648.1433,-226556.36899995804,7945.469999999994,-2497894.530000005,2.21e-05
2026-07-30 15:00:00 CST,1785394800000,73.5,73.78,73.35,73.39,330157.4,186852.86,616515025.4388168,-1152089.7311831713,43548.32000000001,-2454346.210000005,2.21e-05
2026-07-30 16:00:00 CST,1785398400000,73.38,73.8,73.26,73.78,335121.6600000001,187868.28999999995,618954967.0615301,2912632.3009301424,40614.91999999999,-2413731.2900000047,8.517e-05
2026-07-30 17:00:00 CST,1785402000000,73.78,74.19,73.77,74.02,530800.57,288510.61000000004,623629898.9664,3794465.0748649836,46220.649999999994,-2367510.6400000043,8.517e-05
2026-07-30 18:00:00 CST,1785405600000,74.01,74.17,73.79,73.87,359724.2,139713.31,620527883.22,-3330037.673399925,-80297.58000000002,-2447808.2200000044,8.517e-05
2026-07-30 19:00:00 CST,1785409200000,73.88,74.3,73.86,74.18,430263.5099999999,225617.86000000002,621776301.7278562,530020.570756197,20972.210000000014,-2426836.0100000044,8.517e-05
2026-07-30 20:00:00 CST,1785412800000,74.18,74.45,74.04,74.36,772447.1699999998,406401.71,624774727.1666118,2733357.434927106,40356.25000000002,-2386479.7600000044,8.517e-05
2026-07-30 21:00:00 CST,1785416400000,74.36,74.89,74.08,74.64,1282092.32,722396.7199999999,622268127.8587745,-1958029.6549254656,162701.11999999994,-2223778.6400000043,8.517e-05
2026-07-30 22:00:00 CST,1785420000000,74.64,74.75,74.25,74.59,1088455.43,532398.23,617489161.4974365,-4213798.3380301,-23658.969999999972,-2247437.610000005,8.517e-05
2026-07-30 23:00:00 CST,1785423600000,74.59,74.84,74.43,74.61,743967.4600000002,389587.77999999997,614120736.2949,-2336909.0311000347,35208.09999999996,-2212229.510000004,8.517e-05
2026-07-31 00:00:00 CST,1785427200000,74.61,74.81,74.42,74.54,608877.6300000001,297083.95,610768784.4036,-3264553.6579340696,-14709.730000000007,-2226939.240000005,5.752e-05
2026-07-31 01:00:00 CST,1785430800000,74.55,74.86,74.38,74.73,420960.62000000005,218363.89,612500509.4832,1758931.06797719,15767.159999999996,-2211172.080000005,5.752e-05
2026-07-31 02:00:00 CST,1785434400000,74.72,74.95,74.45,74.48,410743.36,209301.49,609056354.5253863,-3732112.3119136095,7859.620000000019,-2203312.460000005,5.752e-05
2026-07-31 03:00:00 CST,1785438000000,74.48,74.81,74.48,74.75,385385.16000000003,223039.49000000002,610764749.5159011,1550558.9153798819,60693.82000000001,-2142618.6400000053,5.752e-05
2026-07-31 04:00:00 CST,1785441600000,74.75,74.89,74.4,74.45,434233.80000000005,247468.06,609145700.085,-2439768.7501295805,60702.31999999999,-2081916.3200000054,5.752e-05
2026-07-31 05:00:00 CST,1785445200000,74.45,74.58,74.4,74.46,228796.72,132214.24000000002,607355330.3966,-1731009.4318000078,35631.759999999995,-2046284.5600000054,5.752e-05
2026-07-31 06:00:00 CST,1785448800000,74.46,74.86,74.37,74.71,394848.30000000005,200337.6,612858156.0864,4940354.268000007,5826.899999999997,-2040457.6600000053,5.752e-05
2026-07-31 07:00:00 CST,1785452400000,74.72,74.96,74.42,74.46,765632.55,399020.51999999996,615509117.0601892,2966137.369601369,32408.490000000034,-2008049.1700000053,5.752e-05
2026-07-31 08:00:00 CST,1785456000000,74.46,74.62,74.4,74.46,379676.75000000006,195157.42999999996,616158427.176,841803.1340999603,10638.110000000011,-1997411.0600000047,9.768e-05
2026-07-31 09:00:00 CST,1785459600000,74.46,75.28,74.25,74.36,1412983.6500000001,744939.7300000001,613617126.2588894,-3081988.908344507,76895.81,-1920515.250000005,9.768e-05
2026-07-31 10:00:00 CST,1785463200000,74.36,74.53,74.04,74.11,662374.38,314131.47,610217670.1176,-2951677.3799163103,-34111.44000000002,-1954626.690000005,9.768e-05
2026-07-31 11:00:00 CST,1785466800000,74.11,74.33,73.83,74.11,568519.6699999999,281346.79000000004,610291039.4767145,57391.26551449299,-5826.09,-1960452.7800000047,9.768e-05
2026-07-31 12:00:00 CST,1785470400000,74.1,74.12,73.69,73.79,623736.23,338847.16000000003,606305674.6998,-3509047.4226802588,53958.08999999998,-1906494.6900000044,9.768e-05
2026-07-31 13:00:00 CST,1785474000000,73.79,74.29,73.79,74.2,624266.2100000001,302495.14999999997,609955529.3496,2555325.610373378,-19275.910000000025,-1925770.6000000043,9.768e-05
2026-07-31 14:00:00 CST,1785477600000,74.21,74.51,73.97,74.06,677686.0,339414.50000000006,606903370.860157,-3467805.6009602547,1143.0000000000073,-1924627.6000000043,9.768e-05
2026-07-31 15:00:00 CST,1785481200000,74.06,74.06,73.46,73.64,889972.73,415742.85000000003,604498862.9147347,-1908108.7932652235,-58487.03,-1983114.630000004,9.768e-05
2026-07-31 16:00:00 CST,1785484800000,73.65,73.77,73.49,73.62,410359.54000000004,213829.34000000003,605910706.0922254,2184311.389463067,17299.13999999999,-1965815.4900000042,4.606e-05
2026-07-31 17:00:00 CST,1785488400000,73.63,73.67,73.35,73.44,507838.41000000003,214263.66000000003,600099379.8069,-5595542.513300419,-79311.09000000001,-2045126.5800000038,4.606e-05
2026-07-31 18:00:00 CST,1785492000000,73.45,73.62,73.25,73.52,492614.43999999994,260520.59999999998,602631208.346063,2559793.8961639404,28426.759999999987,-2016699.8200000038,4.606e-05
2026-07-31 19:00:00 CST,1785495600000,73.52,73.69,73.43,73.52,289108.37999999995,151833.15,603871550.4087561,1216985.8284561634,14557.919999999998,-2002141.9000000039,4.606e-05
2026-07-31 20:00:00 CST,1785499200000,73.52,73.61,73.34,73.58,415431.93,170242.45,603923510.8937227,242157.9521226883,-74947.03,-2077088.9300000041,4.606e-05
2026-07-31 21:00:00 CST,1785502800000,73.59,73.78,73.13,73.25,1057647.81,512992.81,600872568.6908,-3742501.5226968527,-31662.189999999973,-2108751.120000004,4.606e-05
2026-07-31 22:00:00 CST,1785506400000,73.25,73.67,72.75,73.01,2678845.539999999,1262783.4000000004,601303759.4960676,-1695047.1259076595,-153278.74000000002,-2262029.860000004,4.606e-05
2026-07-31 23:00:00 CST,1785510000000,73.01,73.19,72.83,73.06,771140.3200000001,415359.26000000007,611128392.7515,7675908.281499982,59578.2,-2202451.6600000053,4.606e-05
2026-08-01 00:00:00 CST,1785513600000,73.05,73.31,72.95,73.27,472488.67,217988.30999999997,612508823.2617,1889823.624106288,-36512.05,-2238963.710000005,3.736e-05
2026-08-01 01:00:00 CST,1785517200000,73.27,73.42,73.14,73.34,438493.28,238880.40999999997,612707197.617,-61671.267928004265,39267.53999999998,-2199696.170000005,3.736e-05
2026-08-01 02:00:00 CST,1785520800000,73.34,73.46,72.9,73.08,395042.12,155996.31999999998,612833454.3272,-224959.4563999176,-83049.48000000001,-2282745.650000004,3.736e-05
2026-08-01 03:00:00 CST,1785524400000,73.08,73.26,72.88,73.05,380772.95000000007,184551.56,614055525.312,1711504.1690421104,-11669.830000000005,-2294415.480000004,3.736e-05
2026-08-01 04:00:00 CST,1785528000000,73.05,73.2,72.9,72.92,386911.68,174795.62,613507598.9033,221797.40371251106,-37320.44,-2331735.9200000046,3.736e-05
2026-08-01 05:00:00 CST,1785531600000,72.93,73.07,72.52,72.69,421230.31999999995,176234.44,612501787.0384,-425665.0755999088,-68761.44000000002,-2400497.3600000045,3.736e-05
2026-08-01 06:00:00 CST,1785535200000,72.69,72.92,72.63,72.81,326219.58,150635.05999999997,613157663.6389043,901786.4509043694,-24949.46,-2425446.820000004,3.736e-05
2026-08-01 07:00:00 CST,1785538800000,72.81,72.94,72.76,72.83,226038.29,102219.78,612831407.2220097,-100371.4855903387,-21598.73,-2447045.5500000035,3.736e-05
2026-08-01 08:00:00 CST,1785542400000,72.83,73.12,72.83,72.98,307246.53,171573.66,614686679.7022557,1304479.207055688,35900.789999999986,-2411144.760000003,0.0001
2026-08-01 09:00:00 CST,1785546000000,72.99,73.11,72.95,73.02,243053.34,123587.68,615128294.4670968,624710.421296835,4122.019999999999,-2407022.7400000035,0.0001
2026-08-01 10:00:00 CST,1785549600000,73.02,73.13,72.97,73.05,271017.60000000003,143529.99,616598669.057083,1433329.124583006,16042.38,-2390980.3600000036,0.0001
2026-08-01 11:00:00 CST,1785553200000,73.05,73.07,72.83,73.01,283562.12000000005,130891.10999999999,616392886.9750342,-823361.4737657309,-21779.90000000001,-2412760.2600000035,0.0001
2026-08-01 12:00:00 CST,1785556800000,73.01,73.18,73.0,73.13,157978.01999999996,96173.77000000002,617934335.4678733,1407858.4744204283,34369.52,-2378390.740000003,0.0001
2026-08-01 13:00:00 CST,1785560400000,73.13,73.17,72.83,72.91,276537.68,116169.56,617452758.9052677,-468564.3601323366,-44198.56,-2422589.3000000035,0.0001
2026-08-01 14:00:00 CST,1785564000000,72.91,73.0,72.85,72.95,191085.06000000003,90229.42999999998,618755203.0477939,963003.9721938372,-10626.2,-2433215.5000000037,0.0001
2026-08-01 15:00:00 CST,1785567600000,72.95,73.08,72.87,72.93,178873.80000000002,86354.2,620369635.0989894,1577495.7502588034,-6165.399999999993,-2439380.9000000036,0.0001
2026-08-01 16:00:00 CST,1785571200000,72.93,73.05,72.91,72.99,185708.02000000002,93263.79,620843063.9718,899710.1576755047,819.5599999999995,-2438561.340000004,0.0001
2026-08-01 17:00:00 CST,1785574800000,72.99,73.05,72.79,72.8,203388.57,73976.83,621965568.333774,1000750.4280029535,-55434.90999999999,-2493996.250000004,0.0001
2026-08-01 18:00:00 CST,1785578400000,72.8,72.86,72.62,72.8,293807.14,140116.45,623815598.4769001,2345839.0209001303,-13574.239999999994,-2507570.490000004,0.0001
2026-08-01 19:00:00 CST,1785582000000,72.8,72.87,72.74,72.85,191371.62000000002,89189.95,625773320.2536,2178133.5662630796,-12991.720000000008,-2520562.2100000037,0.0001
2026-08-01 20:00:00 CST,1785585600000,72.85,72.91,72.83,72.89,160415.96999999997,79205.15,627122927.97,1136112.615800023,-2005.670000000001,-2522567.880000005,0.0001
2026-08-01 21:00:00 CST,1785589200000,72.89,72.96,72.86,72.93,223501.35000000003,111692.65,626038971.2413129,-693765.4083073139,-116.05000000000018,-2522683.9300000053,0.0001
2026-08-01 22:00:00 CST,1785592800000,72.94,73.02,72.83,72.99,252176.67,139331.05,626745394.0963827,238113.6027545929,26485.42999999999,-2496198.5000000047,0.0001
2026-08-01 23:00:00 CST,1785596400000,72.99,73.0,72.68,72.75,357711.2,149734.81,627767370.0342,337309.2141999006,-58241.579999999994,-2554440.080000005,0.0001
2026-08-02 00:00:00 CST,1785600000000,72.75,72.91,72.4,72.66,722693.99,297570.29000000004,628829077.2522,1521965.38470006,-127553.40999999996,-2681993.4900000044,3.159e-05
2026-08-02 01:00:00 CST,1785603600000,72.67,72.75,71.57,71.88,2219229.54,873251.66,624378833.9914,-5546461.480831146,-472726.22,-3154719.710000004,3.159e-05
2026-08-02 02:00:00 CST,1785607200000,71.88,71.93,70.51,71.04,3012316.7600000002,1420556.45,607278555.996,-17468124.49416709,-171203.85999999993,-3325923.570000005,3.159e-05
2026-08-02 03:00:00 CST,1785610800000,71.04,71.33,71.0,71.21,554987.01,288243.5799999999,616269518.2559,4168024.5738999844,21500.149999999987,-3304423.420000005,3.159e-05
2026-08-02 04:00:00 CST,1785614400000,71.21,71.52,71.14,71.51,432899.47000000003,241259.16999999998,617846636.2943411,1859454.2573411465,49618.86999999999,-3254804.550000005,3.159e-05
2026-08-02 05:00:00 CST,1785618000000,71.52,71.83,71.5,71.81,331737.52999999997,184114.59000000003,618166556.387026,-38573.92181479931,36491.64999999999,-3218312.9000000046,3.159e-05
2026-08-02 06:00:00 CST,1785621600000,71.81,71.99,71.81,71.88,302170.89,163673.37999999998,617935365.7951,-910425.8381115198,25175.86999999998,-3193137.0300000054,3.159e-05
2026-08-02 07:00:00 CST,1785625200000,71.87,72.07,71.79,71.91,311909.74000000005,165247.68000000002,616416789.6429511,-1422016.2301126719,18585.620000000003,-3174551.4100000053,3.159e-05
2026-08-02 08:00:00 CST,1785628800000,71.91,72.12,71.89,72.07,282354.51999999996,164079.67000000004,617066409.526464,470903.914450407,45804.81999999999,-3128746.5900000054,-4.925e-05
2026-08-02 09:00:00 CST,1785632400000,72.08,72.74,72.07,72.62,831408.44,544976.2100000001,624810971.2606,6978842.066200018,258543.98,-2870202.6100000055,-4.925e-05
2026-08-02 10:00:00 CST,1785636000000,72.63,73.38,72.55,73.1,1305073.8,662260.7300000001,622467068.8373529,-2268872.813447118,19447.659999999996,-2850754.9500000044,-4.925e-05
2026-08-02 11:00:00 CST,1785639600000,73.1,73.22,73.04,73.17,399468.77999999997,199271.18,619058293.854,-3270145.0886968374,-926.4200000000037,-2851681.3700000043,-4.925e-05
2026-08-02 12:00:00 CST,1785643200000,73.17,73.52,73.17,73.5,470138.16000000003,270326.57,620131285.0205,606749.3521999121,70514.98,-2781166.390000004,-4.925e-05
2026-08-02 13:00:00 CST,1785646800000,73.49,73.63,73.42,73.57,641970.78,336770.97000000003,616523573.5723056,-2803150.282694459,31571.160000000025,-2749595.230000004,-4.925e-05
2026-08-02 14:00:00 CST,1785650400000,73.56,73.63,73.4,73.43,340577.32,131030.37,611933422.25491,-4461579.674690008,-78516.58,-2828111.8100000042,-4.925e-05
2026-08-02 15:00:00 CST,1785654000000,73.43,73.48,73.37,73.44,259332.33,124473.75999999998,611123815.0786765,-926683.3926235437,-10384.810000000001,-2838496.6200000034,-4.925e-05
2026-08-02 16:00:00 CST,1785657600000,73.43,73.51,73.13,73.16,584743.11,256095.55,607338111.7527679,-3366412.2776321173,-72552.01,-2911048.6300000036,0.0001
2026-08-02 17:00:00 CST,1785661200000,73.16,73.39,72.92,73.35,479352.82,207773.51000000004,604298998.2601881,-2830660.799411893,-63805.79999999999,-2974854.430000003,0.0001
2026-08-02 18:00:00 CST,1785664800000,73.34,73.36,73.11,73.24,296774.82,147836.74,603689301.072,-101048.95888006687,-1101.3399999999956,-2975955.770000003,0.0001
2026-08-02 19:00:00 CST,1785668400000,73.24,73.28,72.91,72.97,390817.31999999995,166105.05,602679865.3326083,-844574.1977916956,-58607.219999999994,-3034562.990000003,0.0001
2026-08-02 20:00:00 CST,1785672000000,72.96,73.2,72.86,72.86,356948.35,174419.93000000002,602796752.7758,-41555.414362072945,-8108.490000000005,-3042671.4800000023,0.0001
2026-08-02 21:00:00 CST,1785675600000,72.87,72.98,72.65,72.93,491972.62000000005,257556.75000000003,600454933.882212,-1379024.3664940596,23140.879999999997,-3019530.6000000024,0.0001
2026-08-02 22:00:00 CST,1785679200000,72.93,73.2,72.88,73.05,389957.94999999995,223816.7,600906983.4561844,99103.52098441124,57675.45000000002,-2961855.1500000027,0.0001
2026-08-02 23:00:00 CST,1785682800000,73.05,73.18,72.97,72.99,216196.79000000004,122573.85999999999,600413064.2341015,-596365.511298418,28950.93,-2932904.2200000025,0.0001
2026-08-03 00:00:00 CST,1785686400000,72.98,73.27,72.87,73.1,418997.91000000003,256587.28999999998,600682678.0414028,117550.13830280304,94176.66999999998,-2838727.550000003,1.348e-05
2026-08-03 01:00:00 CST,1785690000000,73.11,73.36,73.05,73.27,256879.57,156986.34000000003,602068189.0868,1416041.1231743097,57093.11000000001,-2781634.4400000027,1.348e-05
2026-08-03 02:00:00 CST,1785693600000,73.28,73.82,73.2,73.52,649421.37,413517.68,605410831.4093629,3999772.659767151,177613.99000000002,-2604020.450000003,1.348e-05
2026-08-03 03:00:00 CST,1785697200000,73.52,73.76,73.49,73.68,314433.89999999997,184307.28,607563099.1206751,2400903.5617952347,54180.65999999999,-2549839.7900000033,1.348e-05
2026-08-03 04:00:00 CST,1785700800000,73.68,73.71,73.52,73.66,213812.95,108324.69999999998,606251569.8344,-1165703.3560854197,2836.4500000000007,-2547003.340000003,1.348e-05
2026-08-03 05:00:00 CST,1785704400000,73.65,74.32,73.64,73.95,683888.14,409563.86,601189487.6994,-5338208.020495772,135239.58000000002,-2411763.7600000035,1.348e-05
2026-08-03 06:00:00 CST,1785708000000,73.96,74.19,73.6,73.61,578545.9,249925.33000000002,600358819.029,-1890868.9161999226,-78695.24,-2490459.000000003,1.348e-05
2026-08-03 07:00:00 CST,1785711600000,73.61,73.63,73.42,73.61,381593.38000000006,191373.8,595577217.4114,-4133756.3432000875,1154.2200000000012,-2489304.780000003,1.348e-05
2026-08-03 08:00:00 CST,1785715200000,73.61,73.64,73.14,73.2,482792.56,211621.84999999995,591947007.0658635,-5481080.454136491,-59548.860000000015,-2548853.640000003,7.985e-05
2026-08-03 09:00:00 CST,1785718800000,73.19,73.23,72.9,72.96,570100.5499999999,276963.81,590884260.5697995,-979059.3662004471,-16172.929999999986,-2565026.570000003,7.985e-05
2026-08-03 10:00:00 CST,1785722400000,72.97,73.12,72.86,72.99,372524.57000000007,190252.96000000002,591546609.9114,614095.8071653843,7981.349999999997,-2557045.220000004,7.985e-05
2026-08-03 11:00:00 CST,1785726000000,72.99,73.08,72.63,72.85,405436.50000000006,170314.73,590059941.35,-1744713.4900000095,-64807.04,-2621852.260000003,7.985e-05
2026-08-03 12:00:00 CST,1785729600000,72.85,73.03,72.79,72.81,319606.17000000004,186280.65000000002,592948276.9716978,3463795.568297863,52955.129999999976,-2568897.130000002,7.985e-05
2026-08-03 13:00:00 CST,1785733200000,72.82,73.02,72.79,72.88,325301.88,176514.59,595989804.4096378,3769785.726737857,27727.299999999985,-2541169.830000002,7.985e-05
2026-08-03 14:00:00 CST,1785736800000,72.89,72.95,72.48,72.58,536363.98,217459.21000000002,594614863.9958764,-1740233.240023613,-101445.56,-2642615.3900000025,7.985e-05
2026-08-03 15:00:00 CST,1785740400000,72.57,72.66,72.4,72.48,550709.3300000001,254306.46000000002,598794511.9517515,3976897.407551527,-42096.41,-2684711.800000002,7.985e-05
2026-08-03 16:00:00 CST,1785744000000,72.49,72.53,71.87,72.32,1042713.38,486912.67,593208221.9236,-5562034.17080009,-68888.03999999998,-2753599.840000002,2.558e-05
2026-08-03 17:00:00 CST,1785747600000,72.33,72.77,72.29,72.7,459093.57,296699.44,595499425.4259869,2237209.261886835,134305.31,-2619294.530000002,2.558e-05
2026-08-03 18:00:00 CST,1785751200000,72.7,72.77,72.49,72.57,371829.8,164050.63999999998,594206580.8412609,-2880710.748889804,-43728.52000000001,-2663023.050000002,2.558e-05
2026-08-03 19:00:00 CST,1785754800000,72.57,72.62,72.35,72.42,375948.9100000001,168388.59,595281397.7080967,626138.7408967018,-39171.73,-2702194.7800000017,2.558e-05
2026-08-03 20:00:00 CST,1785758400000,72.42,72.53,72.29,72.38,363743.38000000006,194704.6,595198317.0394108,341942.5820646286,25665.819999999978,-2676528.960000002,2.558e-05
2026-08-03 21:00:00 CST,1785762000000,72.38,73.25,72.29,73.22,1320541.1300000001,712569.7000000001,600109777.0571992,5390084.596499205,104598.26999999999,-2571930.6900000023,2.558e-05
2026-08-03 22:00:00 CST,1785765600000,73.22,73.78,72.98,73.76,1922489.4999999998,977723.59,603863560.643721,5056131.525390744,32957.67999999999,-2538973.0100000016,2.558e-05
2026-08-03 23:00:00 CST,1785769200000,73.76,73.79,73.38,73.57,1064389.8099999998,482799.44999999995,599455843.8232,-4561802.9960000515,-98790.91,-2637763.920000002,2.558e-05
2026-08-04 00:00:00 CST,1785772800000,73.58,73.78,73.2,73.39,800796.47,418210.27,599991547.9896,300946.1775292158,35624.07000000001,-2602139.8500000015,5.86e-05
2026-08-04 01:00:00 CST,1785776400000,73.4,73.84,73.28,73.66,545744.3500000001,284752.44,602472437.952,1842106.0903772116,23760.53000000001,-2578379.320000001,5.86e-05
2026-08-04 02:00:00 CST,1785780000000,73.67,74.27,73.66,73.94,783950.88,419822.5,606854308.7542229,3116873.027622819,55694.12,-2522685.2000000016,5.86e-05
2026-08-04 03:00:00 CST,1785783600000,73.95,74.15,73.92,73.99,396046.42999999993,184314.03,606251712.1668,699310.2026000023,-27418.37,-2550103.5700000017,5.86e-05
2026-08-04 04:00:00 CST,1785787200000,74.0,74.13,73.74,73.83,362522.48,141638.93000000002,604061770.392,-1176190.671444416,-79244.62000000001,-2629348.1900000013,5.86e-05
2026-08-04 05:00:00 CST,1785790800000,73.83,73.85,73.63,73.68,272916.52,120008.84999999999,600877164.0884,-3295671.350591421,-32898.82000000001,-2662247.010000001,5.86e-05
2026-08-04 06:00:00 CST,1785794400000,73.69,73.71,73.33,73.52,463363.0099999999,201335.03000000003,599772280.4928,-2212164.294399023,-60692.95000000001,-2722939.960000001,5.86e-05
2026-08-04 07:00:00 CST,1785798000000,73.52,73.54,73.36,73.54,236654.09999999995,137546.87,596260777.3901376,-3376028.3906624317,38439.64,-2684500.3200000008,5.86e-05
2026-08-04 08:00:00 CST,1785801600000,73.53,73.6,73.02,73.06,654131.27,263989.29,591316017.057902,-4866295.744798064,-126152.69000000002,-2810653.0100000007,0.0001
2026-08-04 09:00:00 CST,1785805200000,73.06,73.76,73.02,73.74,633821.95,387527.4,596102883.544,4613005.435199976,141232.85000000003,-2669420.1600000006,0.0001
2026-08-04 10:00:00 CST,1785808800000,73.75,74.1,73.64,73.85,626715.75,348130.80000000005,601255124.5018,4725453.639299989,69545.85,-2599874.31,0.0001
2026-08-04 11:00:00 CST,1785812400000,73.84,73.88,73.44,73.66,420649.29,196245.82,597522108.122183,-3327574.413408041,-28157.65,-2628031.9599999995,0.0001
2026-08-04 12:00:00 CST,1785816000000,73.66,74.08,73.56,73.79,463248.63,257164.64,601614334.5767,4301887.978041172,51080.64999999998,-2576951.3099999996,0.0001
2026-08-04 13:00:00 CST,1785819600000,73.8,73.85,73.67,73.71,226185.52000000005,99530.0,600081370.2809246,-1670728.74307549,-27125.520000000004,-2604076.8299999996,0.0001
2026-08-04 14:00:00 CST,1785823200000,73.71,73.89,73.37,73.4,460503.17000000004,203724.91999999998,597230619.5857,-2740884.8647999763,-53053.33000000001,-2657130.159999999,0.0001
2026-08-04 15:00:00 CST,1785826800000,73.4,73.71,73.17,73.66,531065.75,286966.65,598495262.8725368,949218.6654367447,42867.55000000002,-2614262.609999999,0.0001
2026-08-04 16:00:00 CST,1785830400000,73.66,73.73,73.25,73.33,374087.32000000007,173112.74,594943284.4911202,-3055617.7341036797,-27861.83999999999,-2642124.4499999983,0.0001
2026-08-04 17:00:00 CST,1785834000000,73.33,73.33,73.13,73.26,358735.09,168474.96,594261928.2975,-509158.6863000393,-21785.170000000002,-2663909.619999998,0.0001
2026-08-04 18:00:00 CST,1785837600000,73.27,73.68,73.06,73.58,553136.4999999999,303973.34,595768032.6564,1086478.1664397717,54810.18000000001,-2609099.4399999967,0.0001
2026-08-04 19:00:00 CST,1785841200000,73.58,73.95,73.51,73.92,508789.53,270011.55000000005,598395253.2096,1699258.5187364817,31233.570000000007,-2577865.8699999973,0.0001
2026-08-04 20:00:00 CST,1785844800000,73.92,74.06,73.72,73.79,432019.27,220576.72,600038295.4269,1162869.2132123709,9134.17,-2568731.6999999983,0.0001
2026-08-04 21:00:00 CST,1785848400000,73.78,74.02,73.55,73.61,758395.7800000001,369304.24,599629281.7719,45789.31762564182,-19787.300000000017,-2588518.9999999977,0.0001
2026-08-04 22:00:00 CST,1785852000000,73.61,73.9,73.28,73.79,811716.93,418927.96,600473983.2922257,1636003.3536257744,26138.990000000005,-2562380.009999997,0.0001
2026-08-04 23:00:00 CST,1785855600000,73.79,74.18,73.37,73.95,902924.3399999999,454918.05,603674438.9988,2439846.4724692106,6911.760000000024,-2555468.2499999967,0.0001
2026-08-05 00:00:00 CST,1785859200000,73.96,73.98,73.56,73.71,558190.71,271900.69,600511879.149,-2830708.07720387,-14389.32999999999,-2569857.579999997,0.0001
2026-08-05 01:00:00 CST,1785862800000,73.71,74.22,73.68,73.73,786789.42,373227.07000000007,606228970.9615711,4821048.782871127,-40335.280000000006,-2610192.8599999966,0.0001
2026-08-05 02:00:00 CST,1785866400000,73.74,74.37,73.72,74.12,674784.32,354078.59,609531380.8937,4715137.684700012,33372.85999999998,-2576819.999999997,0.0001
2026-08-05 03:00:00 CST,1785870000000,74.13,74.37,74.08,74.16,512158.55,270294.74,610661981.9664,978945.2619395256,28430.930000000008,-2548389.0699999966,0.0001
2026-08-05 04:00:00 CST,1785873600000,74.17,74.44,73.84,74.24,763597.56,401184.9600000001,610347988.9156,-632421.046900034,38772.36000000003,-2509616.7099999962,0.0001
2026-08-05 05:00:00 CST,1785877200000,74.24,74.25,73.98,74.09,262005.12,136960.74,603483329.9124,-3824971.956438422,11916.360000000002,-2497700.349999996,0.0001
2026-08-05 06:00:00 CST,1785880800000,74.1,74.19,73.94,74.07,218255.61000000004,117009.04,605599333.0180168,1697215.58936584,15762.469999999988,-2481937.879999996,0.0001
2026-08-05 07:00:00 CST,1785884400000,74.07,74.26,73.69,73.72,618730.5599999999,314411.31,605900666.3108722,-379822.72442781925,10092.060000000012,-2471845.8199999956,0.0001
2026-08-05 08:00:00 CST,1785888000000,73.72,73.76,73.42,73.48,540299.26,255575.20000000004,601893828.3806826,-3652417.6073174477,-29148.860000000004,-2500994.679999996,6.418e-05
2026-08-05 09:00:00 CST,1785891600000,73.48,74.08,73.35,74.08,540484.05,311029.15,605037182.5125642,3074366.1917642355,81574.25,-2419420.429999996,6.418e-05
2026-08-05 10:00:00 CST,1785895200000,74.08,74.47,74.04,74.19,882642.7100000001,428381.31,612153176.7743,6404938.5694999695,-25880.09000000004,-2445300.5199999968,6.418e-05
2026-08-05 11:00:00 CST,1785898800000,74.19,74.28,73.67,73.75,809532.8,420814.06,601773537.2366843,-9959316.151995063,32095.320000000018,-2413205.1999999965,6.418e-05
2026-08-05 12:00:00 CST,1785902400000,73.75,73.82,73.58,73.75,305079.37,172629.58,600130709.4608,-1322809.3516999483,40179.79,-2373025.409999997,6.418e-05
2026-08-05 13:00:00 CST,1785906000000,73.76,74.28,73.7,74.11,621198.4099999999,323383.27,601079643.9304597,792520.7665842772,25568.130000000016,-2347457.2799999975,6.418e-05
2026-08-05 14:00:00 CST,1785909600000,74.11,74.22,73.92,73.98,291115.82,113401.45,601312984.3818,-120795.83409130573,-64312.92000000001,-2411770.199999998,6.418e-05
2026-08-05 15:00:00 CST,1785913200000,73.98,74.01,73.64,73.93,600650.9600000001,330417.49,598665868.3152,-3061161.412199974,60184.020000000004,-2351586.1799999983,6.418e-05
2026-08-05 16:00:00 CST,1785916800000,73.94,74.13,73.91,74.05,408694.51999999996,195636.39000000004,600303149.8675115,1002583.4421116114,-17421.739999999998,-2369007.919999998,3.7e-05
2026-08-05 17:00:00 CST,1785920400000,74.05,74.17,73.96,73.98,265627.63,132019.9,601920604.6524,1218554.0664000511,-1587.8300000000054,-2370595.7499999977,3.7e-05
2026-08-05 18:00:00 CST,1785924000000,73.98,74.09,73.76,73.81,381490.54000000004,189928.22999999998,599706341.0701975,-1764868.7764025927,-1634.0800000000127,-2372229.8299999977,3.7e-05
2026-08-05 19:00:00 CST,1785927600000,73.82,73.97,73.69,73.73,285034.98,135766.05,600184593.4266,-196316.4702283144,-13502.880000000003,-2385732.7099999986,3.7e-05
2026-08-05 20:00:00 CST,1785931200000,73.74,74.36,73.67,74.03,994045.71,478358.23,601155544.8394891,714557.4576444626,-37329.250000000015,-2423061.959999999,3.7e-05
2026-08-05 21:00:00 CST,1785934800000,74.04,74.08,73.21,73.94,1900194.8100000003,903635.5799999998,608647718.6336,7017159.758000016,-92923.64999999997,-2515985.609999999,3.7e-05
2026-08-05 22:00:00 CST,1785938400000,73.95,74.12,73.57,73.91,1058866.1099999999,521677.17,607224548.4096,-1632076.245887041,-15511.770000000019,-2531497.379999998,3.7e-05
2026-08-05 23:00:00 CST,1785942000000,73.92,74.29,73.81,73.91,1074321.14,586178.69,618724942.3142,11241680.313617587,98036.24000000002,-2433461.139999998,3.7e-05
2026-08-06 00:00:00 CST,1785945600000,73.91,74.41,73.9,74.25,835116.8,444410.07999999996,628091885.0517157,10484207.881023645,53703.35999999999,-2379757.7799999984,5.055e-05
2026-08-06 01:00:00 CST,1785949200000,74.25,74.64,74.09,74.52,886800.6499999999,538764.18,634969386.3084,5927985.16372931,190727.70999999993,-2189030.0699999984,5.055e-05
2026-08-06 02:00:00 CST,1785952800000,74.52,74.82,74.39,74.5,700720.0399999999,411918.8599999999,635938000.0369,1995376.1779037714,123117.68000000002,-2065912.3899999983,5.055e-05
2026-08-06 03:00:00 CST,1785956400000,74.5,74.6,74.38,74.43,409183.86,202217.07,635206838.277,-1380614.5591340065,-4749.720000000005,-2070662.1099999985,5.055e-05
2026-08-06 04:00:00 CST,1785960000000,74.43,74.56,74.27,74.35,459272.5,235698.22,633261189.149,-806302.4604270458,12123.939999999984,-2058538.1699999985,5.055e-05
2026-08-06 05:00:00 CST,1785963600000,74.34,74.36,74.03,74.08,421480.55000000005,161646.28,626119503.4424,-6447849.821591377,-98187.99000000002,-2156726.1599999983,5.055e-05
2026-08-06 06:00:00 CST,1785967200000,74.09,74.16,73.95,73.96,332602.39,177934.64,624893482.2628521,-1251569.2451479435,23266.890000000014,-2133459.269999999,5.055e-05
2026-08-06 07:00:00 CST,1785970800000,73.96,74.07,73.8,74.0,428213.44,211311.71999999997,622132703.7736727,-2211243.7207273245,-5589.999999999996,-2139049.2699999996,5.055e-05
2026-08-06 08:00:00 CST,1785974400000,74.0,74.24,73.99,74.03,303877.68,129686.98999999999,622446277.752,167134.61199998856,-44503.70000000001,-2183552.97,9e-07
2026-08-06 09:00:00 CST,1785978000000,74.03,74.08,73.68,73.7,604704.0599999999,245337.06999999995,613892573.9285306,-7806281.691069484,-114029.91999999998,-2297582.89,9e-07
2026-08-06 10:00:00 CST,1785981600000,73.7,73.74,73.33,73.48,1045151.83,463340.75,616571788.2414055,3015068.129743576,-118470.33000000002,-2416053.2200000007,9e-07
2026-08-06 11:00:00 CST,1785985200000,73.49,73.55,73.39,73.44,379521.01,176688.25,618921754.4950308,2532173.8444308043,-26144.509999999995,-2442197.7300000014,9e-07
2026-08-06 12:00:00 CST,1785988800000,73.45,73.84,73.34,73.83,537291.66,298672.73000000004,617969250.2494,-1045860.7869932652,60053.80000000002,-2382143.9300000016,9e-07
2026-08-06 13:00:00 CST,1785992400000,73.82,74.33,73.81,74.2,898353.8800000001,466865.52,616598363.8298,-1522784.5045571327,35377.16000000005,-2346766.7700000014,9e-07
2026-08-06 14:00:00 CST,1785996000000,74.2,74.21,73.91,74.01,335903.91,167907.88,615495161.5939002,-1316643.6656603813,-88.15000000000327,-2346854.9200000023,9e-07
2026-08-06 15:00:00 CST,1785999600000,74.02,74.1,73.83,73.84,257083.72999999998,134730.66999999998,613892443.5012,-1884066.814800024,12377.61,-2334477.310000002,9e-07
2026-08-06 16:00:00 CST,1786003200000,73.85,74.08,73.66,73.95,521734.23,256628.96999999997,614627992.0332981,492866.0792981386,-8476.289999999997,-2342953.6000000015,-4.113e-05
2026-08-06 17:00:00 CST,1786006800000,73.95,73.96,73.12,73.25,1392844.52,556080.5399999999,614227881.1193215,199494.66082143784,-280683.44,-2623637.0400000014,-4.113e-05
2026-08-06 18:00:00 CST,1786010400000,73.24,73.4,73.12,73.27,596305.4999999999,320819.12,613727098.536,-497043.3984478712,45332.73999999999,-2578304.300000001,-4.113e-05
2026-08-06 19:00:00 CST,1786014000000,73.27,73.52,73.13,73.41,349819.11999999994,185397.18,616889980.5492579,2257653.4745578766,20975.239999999998,-2557329.060000001,-4.113e-05
2026-08-06 20:00:00 CST,1786017600000,73.42,73.44,73.08,73.1,458851.92,196040.78,615416666.5917674,-1215654.6668325663,-66770.35999999999,-2624099.420000001,-4.113e-05
2026-08-06 21:00:00 CST,1786021200000,73.1,73.29,72.78,73.19,1091272.6400000001,484882.16,615628517.58,377732.9339581728,-121508.32000000004,-2745607.7400000007,-4.113e-05
2026-08-06 22:00:00 CST,1786024800000,73.2,73.56,73.05,73.42,829051.3699999999,471861.36000000004,616813682.5683844,1420306.812384367,114671.34999999999,-2630936.3900000006,-4.113e-05
2026-08-06 23:00:00 CST,1786028400000,73.42,73.59,73.26,73.27,525531.59,212915.56000000003,614507837.1843575,-3121067.8327999115,-99700.47,-2730636.8600000003,-4.113e-05
2026-08-07 00:00:00 CST,1786032000000,73.27,73.45,73.03,73.4,510141.17000000004,239435.0,612444913.9068788,-1489516.2371089458,-31271.17,-2761908.0299999993,-6.988e-05
2026-08-07 01:00:00 CST,1786035600000,73.4,73.51,73.01,73.15,359637.7799999999,178585.19,610816676.699,-2397252.0625,-2467.399999999994,-2764375.4299999992,-6.988e-05
2026-08-07 02:00:00 CST,1786039200000,73.15,73.19,72.66,72.79,619134.6300000001,278867.13,608458720.7428472,-2860237.9917919636,-61400.36999999998,-2825775.799999999,-6.988e-05
2026-08-07 03:00:00 CST,1786042800000,72.78,72.91,72.51,72.76,523788.29999999993,257124.71000000002,611969869.5219,568502.2760000229,-9538.87999999998,-2835314.6799999983,-6.988e-05
2026-08-07 04:00:00 CST,1786046400000,72.75,72.96,72.75,72.81,225641.22,114487.98999999999,611565928.221571,615377.9539709091,3334.76,-2831979.919999998,-6.988e-05
2026-08-07 05:00:00 CST,1786050000000,72.8,72.96,72.74,72.83,325271.99,156524.87000000002,609421180.1744062,-1815955.389068246,-12222.249999999998,-2844202.1699999985,-6.988e-05
2026-08-07 06:00:00 CST,1786053600000,72.82,72.85,72.61,72.66,262717.20999999996,112837.23999999999,609469695.6610235,117128.34311056137,-37042.729999999996,-2881244.899999998,-6.988e-05
2026-08-07 07:00:00 CST,1786057200000,72.65,72.71,72.29,72.65,692173.1199999999,300091.48,608108887.1048741,-1604613.142345667,-91990.15999999999,-2973235.0599999973,-6.988e-05
2026-08-07 08:00:00 CST,1786060800000,72.65,72.78,72.52,72.63,404707.4,196164.77,608807187.797601,-877250.8897665739,-12377.859999999997,-2985612.9199999976,-1.898e-05
2026-08-07 09:00:00 CST,1786064400000,72.63,72.84,72.54,72.7,270373.46,146018.11,610828928.853967,1884676.0497668982,21662.76,-2963950.159999998,-1.898e-05
2026-08-07 10:00:00 CST,1786068000000,72.7,72.91,72.42,72.67,477162.72000000003,241461.52,610956580.9647558,-272290.86691343784,5760.319999999985,-2958189.8399999975,-1.898e-05
2026-08-07 11:00:00 CST,1786071600000,72.67,72.73,72.49,72.57,234553.4,97955.24,610669795.5855,161190.02149999142,-38642.92,-2996832.759999998,-1.898e-05
2026-08-07 12:00:00 CST,1786075200000,72.57,72.76,72.45,72.63,303189.1,134000.06,612247822.0194858,1685768.3988858461,-35188.98000000001,-3032021.739999998,-1.898e-05
2026-08-07 13:00:00 CST,1786078800000,72.64,72.92,72.39,72.84,507905.42999999993,245063.84,615352060.7514997,2181417.186699629,-17777.749999999985,-3049799.489999998,-1.898e-05
2026-08-07 14:00:00 CST,1786082400000,72.84,73.04,72.77,72.81,556135.5700000001,291581.23000000004,615048190.4000882,128919.0048750639,27026.89,-3022772.5999999973,-1.898e-05
2026-08-07 15:00:00 CST,1786086000000,72.81,73.0,72.71,72.9,370067.12,184479.48999999996,615668651.6364282,1139875.392628193,-1108.1400000000067,-3023880.7399999974,-1.898e-05
2026-08-07 16:00:00 CST,1786089600000,72.9,73.3,72.88,73.16,468869.66000000003,278643.76,614417493.2665,-764093.2144999504,88417.86,-2935462.879999998,3.45e-05
2026-08-07 17:00:00 CST,1786093200000,73.16,73.71,73.15,73.59,1079234.48,610437.87,610591022.6436764,-3968436.822223544,141641.26,-2793821.619999998,3.45e-05
2026-08-07 18:00:00 CST,1786096800000,73.59,73.74,73.46,73.51,455328.33999999997,187343.50000000003,610678023.4243058,-707838.9436942339,-80641.34000000003,-2874462.959999997,3.45e-05
2026-08-07 19:00:00 CST,1786100400000,73.51,73.75,73.5,73.61,361961.75999999995,178093.22999999998,612488456.608,1689158.4855999947,-5775.300000000008,-2880238.2599999974,3.45e-05
2026-08-07 20:00:00 CST,1786104000000,73.61,74.31,73.6,73.88,1711688.9300000002,867480.17,611265079.7682,-985052.9468383789,23271.41000000004,-2856966.849999997,3.45e-05
2026-08-07 21:00:00 CST,1786107600000,73.87,74.33,73.76,74.09,1321630.41,653951.81,616551623.6796,3683418.6227999926,-13726.789999999979,-2870693.6399999964,3.45e-05
2026-08-07 22:00:00 CST,1786111200000,74.1,74.2,73.52,73.68,1625080.82,675864.3099999999,607269009.8355,-7169512.849499941,-273352.19999999995,-3144045.839999996,3.45e-05
2026-08-07 23:00:00 CST,1786114800000,73.69,73.95,73.66,73.85,485825.2699999999,242124.95,607931947.41,372194.74379992485,-1575.3700000000026,-3145621.2099999967,3.45e-05
2026-08-08 00:00:00 CST,1786118400000,73.86,74.1,73.54,73.55,525896.13,259243.63999999998,608391726.7673,428199.03709995747,-7408.8499999999985,-3153030.059999997,0.0001
2026-08-08 01:00:00 CST,1786122000000,73.55,73.55,73.15,73.38,946430.12,440846.36,600369203.1267802,-6472384.807719827,-64737.40000000002,-3217767.4599999967,0.0001
2026-08-08 02:00:00 CST,1786125600000,73.39,73.55,73.24,73.37,388529.74000000005,199197.99,597641687.552152,-3335217.490082383,9866.239999999996,-3207901.219999996,0.0001
2026-08-08 03:00:00 CST,1786129200000,73.38,74.0,73.37,74.0,613879.82,322920.82999999996,602257775.6125258,3430297.1755467653,31961.84000000003,-3175939.3799999957,0.0001
2026-08-08 04:00:00 CST,1786132800000,73.99,74.06,73.75,73.8,449230.22000000003,187382.75999999998,605597240.3067,2371028.1267000437,-74464.7,-3250404.0799999963,0.0001
2026-08-08 05:00:00 CST,1786136400000,73.8,73.86,73.57,73.63,280908.52,139333.74,601530866.4019369,-3858748.1645549536,-2241.0399999999972,-3252645.1199999964,0.0001
2026-08-08 06:00:00 CST,1786140000000,73.63,73.7,73.55,73.61,234992.16000000003,115583.36000000003,601337537.0367742,-452945.0290257931,-3825.440000000008,-3256470.559999997,0.0001
2026-08-08 07:00:00 CST,1786143600000,73.62,73.75,73.58,73.62,168613.88000000003,75767.93,600610748.78,-851646.6689491272,-17078.019999999997,-3273548.5799999973,0.0001
2026-08-08 08:00:00 CST,1786147200000,73.63,73.72,73.53,73.68,234579.33,114850.14000000001,600351853.5231,-128467.36720001698,-4879.049999999996,-3278427.629999997,8.378e-05
2026-08-08 09:00:00 CST,1786150800000,73.68,73.94,73.64,73.85,255723.32,160910.43000000002,602118723.1591,1683904.0546000004,66097.54,-3212330.089999997,8.378e-05
2026-08-08 10:00:00 CST,1786154400000,73.85,73.94,73.82,73.83,188524.19,96653.56000000003,602808989.7622885,979973.9888608456,4782.930000000001,-3207547.159999998,8.378e-05
2026-08-08 11:00:00 CST,1786158000000,73.84,74.99,73.82,74.81,1261329.76,774561.1300000001,613527741.623,10816117.210480332,287792.50000000006,-2919754.6599999974,8.378e-05
2026-08-08 12:00:00 CST,1786161600000,74.82,75.13,74.55,74.61,848445.0300000001,421580.76,626662205.5029584,5501134.555951357,-5283.510000000004,-2925038.169999997,8.378e-05
2026-08-08 13:00:00 CST,1786165200000,74.61,74.73,74.45,74.64,415902.99,210174.50999999995,626122758.4024,-94091.34470999241,4446.029999999999,-2920592.1399999983,8.378e-05
2026-08-08 14:00:00 CST,1786168800000,74.64,74.79,74.54,74.68,298420.54,160074.96,627716785.5126674,515395.39430630207,21729.379999999994,-2898862.7599999984,8.378e-05
2026-08-08 15:00:00 CST,1786172400000,74.67,74.8,74.63,74.79,209397.96000000002,113236.63,629567223.2525,2274100.1085261106,17075.300000000003,-2881787.4599999986,8.378e-05
2026-08-08 16:00:00 CST,1786176000000,74.78,74.9,74.66,74.78,352152.43000000005,187432.39,629955875.4643407,-114029.18445932865,22712.349999999995,-2859075.109999999,0.0001
2026-08-08 17:00:00 CST,1786179600000,74.79,75.02,74.78,74.85,538274.54,283091.74999999994,631110909.9124,1038031.6131999493,27908.959999999992,-2831166.149999999,0.0001
2026-08-08 18:00:00 CST,1786183200000,74.84,75.18,74.84,75.06,378686.06000000006,219409.9,634375259.8736,3385430.549600005,60133.73999999999,-2771032.409999999,0.0001
2026-08-08 19:00:00 CST,1786186800000,75.06,75.7,75.03,75.58,1233530.46,720731.53,638010369.1179974,3458569.488602519,207932.59999999995,-2563099.8099999996,0.0001
2026-08-08 20:00:00 CST,1786190400000,75.58,75.66,75.33,75.41,658123.24,317340.5,641463776.2278,2011836.0728000402,-23442.24000000002,-2586542.0499999993,0.0001
2026-08-08 21:00:00 CST,1786194000000,75.41,75.53,75.4,75.51,301002.98,147151.22,642311653.3032,1241857.6914000511,-6700.539999999994,-2593242.5899999985,0.0001
2026-08-08 22:00:00 CST,1786197600000,75.51,76.63,75.5,76.48,1390245.26,839772.2300000001,659103171.3861809,16582210.607480884,289299.19999999995,-2303943.3899999983,0.0001
2026-08-08 23:00:00 CST,1786201200000,76.48,76.82,76.22,76.37,1192439.9,576200.13,665602435.5264567,3813765.8720567226,-40039.64000000002,-2343983.0299999984,0.0001
2026-08-09 00:00:00 CST,1786204800000,76.37,76.49,76.14,76.34,495390.97,219858.61,664381820.774814,-171865.42877328396,-55673.750000000015,-2399656.7799999984,0.0001
2026-08-09 01:00:00 CST,1786208400000,76.35,76.47,76.24,76.37,363367.1,194502.7,665837971.1564,1023214.6258999109,25638.300000000014,-2374018.479999998,0.0001
2026-08-09 02:00:00 CST,1786212000000,76.36,76.36,76.05,76.12,365969.12999999995,158178.14000000004,666206819.0547,379101.51910007,-49612.85,-2423631.3299999977,0.0001
2026-08-09 03:00:00 CST,1786215600000,76.11,76.26,75.94,76.13,466036.38,231341.59000000003,667101773.0901058,722933.9289057255,-3353.199999999997,-2426984.529999998,0.0001
2026-08-09 04:00:00 CST,1786219200000,76.14,76.27,76.11,76.23,171652.68,100863.58,667621265.8172,890519.5723999739,30074.480000000003,-2396910.049999998,0.0001
2026-08-09 05:00:00 CST,1786222800000,76.24,76.35,76.11,76.19,225614.76999999996,110723.57000000002,666874580.904,-989526.1095999479,-4167.629999999994,-2401077.679999998,0.0001
2026-08-09 06:00:00 CST,1786226400000,76.19,76.27,75.84,75.89,352429.79,131529.22,667752471.8632,612089.1356999874,-89371.35,-2490449.0299999984,0.0001
2026-08-09 07:00:00 CST,1786230000000,75.9,76.08,75.74,76.0,379016.5800000001,196950.82,664822162.7595389,-1740783.9494611025,14885.05999999998,-2475563.9699999993,0.0001
2026-08-09 08:00:00 CST,1786233600000,76.0,76.04,75.83,76.0,253730.23999999996,125337.18999999999,662358318.8301,-2304501.0898998976,-3055.8599999999933,-2478619.8299999987,0.0001
2026-08-09 09:00:00 CST,1786237200000,75.99,76.08,75.71,75.86,355843.10000000003,156092.23000000004,662696561.3438,-1176889.8962000608,-43658.640000000014,-2522278.4699999983,0.0001
2026-08-09 10:00:00 CST,1786240800000,75.85,75.99,75.77,75.86,275298.3,127241.34000000001,664341425.6034088,1552932.5600087643,-20815.620000000003,-2543094.089999998,0.0001
2026-08-09 11:00:00 CST,1786244400000,75.85,76.03,75.75,75.97,263137.88999999996,140818.05000000002,666561523.5413531,1169867.2807193995,18498.210000000006,-2524595.8799999985,0.0001
2026-08-09 12:00:00 CST,1786248000000,75.96,76.11,75.93,75.95,207635.30000000002,104051.06000000001,667025374.701,521934.6434737444,466.82000000000244,-2524129.059999998,0.0001
2026-08-09 13:00:00 CST,1786251600000,75.96,76.01,75.86,75.99,202469.07999999996,89139.3,666958261.100131,118378.35693109035,-24190.479999999996,-2548319.539999998,0.0001
2026-08-09 14:00:00 CST,1786255200000,75.99,76.48,75.94,76.4,595713.17,352175.97000000003,671852244.5921115,4568950.602452517,108638.76999999999,-2439680.7699999977,0.0001
2026-08-09 15:00:00 CST,1786258800000,76.4,76.47,76.22,76.34,399541.72000000003,189853.77000000005,673080259.6004,5030.6701999902725,-19834.180000000008,-2459514.949999998,0.0001
2026-08-09 16:00:00 CST,1786262400000,76.34,76.57,76.08,76.3,514189.17,264511.77999999997,673195247.2793891,-256953.0536108017,14834.389999999996,-2444680.559999997,0.0001
2026-08-09 17:00:00 CST,1786266000000,76.3,76.51,76.23,76.42,397695.33999999997,206999.73,675448223.4216,1601276.1885095835,16304.119999999988,-2428376.439999996,0.0001
2026-08-09 18:00:00 CST,1786269600000,76.43,76.64,76.34,76.36,333952.66,163971.19999999998,677341617.4456189,1647885.5780189037,-6010.259999999999,-2434386.699999997,0.0001
2026-08-09 19:00:00 CST,1786273200000,76.36,76.51,76.31,76.47,212340.8,108148.51999999999,677308531.1255438,463842.68324387074,3956.2400000000034,-2430430.4599999962,0.0001
2026-08-09 20:00:00 CST,1786276800000,76.47,76.57,76.27,76.34,274884.55,99024.78000000001,676179408.8021,-1177196.9643000364,-76834.99,-2507265.4499999965,0.0001
2026-08-09 21:00:00 CST,1786280400000,76.35,76.87,76.32,76.54,660918.43,345506.60000000003,680320511.2875139,3594563.954503536,30094.769999999993,-2477170.6799999974,0.0001
2026-08-09 22:00:00 CST,1786284000000,76.54,77.07,76.54,77.0,778133.5,444553.59,684628436.736,5489081.794999957,110973.68000000001,-2366196.9999999977,0.0001
2026-08-09 23:00:00 CST,1786287600000,76.99,77.46,76.83,77.41,1143137.21,645276.7,692043122.4925177,5122495.617901325,147416.18999999992,-2218780.809999998,0.0001
2026-08-10 00:00:00 CST,1786291200000,77.41,77.56,77.07,77.31,867729.6499999999,454525.67000000004,698964280.3472,-312880.8493999243,41321.68999999995,-2177459.1199999987,0.0001
2026-08-10 01:00:00 CST,1786294800000,77.31,77.32,77.11,77.16,286373.06999999995,123746.91000000002,697394944.9053,-2309820.377709508,-38879.249999999985,-2216338.3699999982,0.0001
2026-08-10 02:00:00 CST,1786298400000,77.15,77.24,77.06,77.19,197020.81999999998,83879.96999999999,697890010.7641,-24711.596300005913,-29260.88,-2245599.249999998,0.0001
2026-08-10 03:00:00 CST,1786302000000,77.18,77.35,77.12,77.22,207744.35999999996,102984.10999999999,697597309.2735,-151300.32607245445,-1776.140000000003,-2247375.3899999983,0.0001
2026-08-10 04:00:00 CST,1786305600000,77.21,77.28,77.04,77.25,158991.46,74302.07,698164566.6996,764791.5138978958,-10387.32,-2257762.709999998,0.0001
2026-08-10 05:00:00 CST,1786309200000,77.24,77.5,77.13,77.34,218875.83000000005,122240.68000000001,699064896.3264,588135.5457674265,25605.53000000001,-2232157.179999998,0.0001
2026-08-10 06:00:00 CST,1786312800000,77.33,77.88,76.63,76.8,1354073.69,638365.05,685218184.0939,-13913791.350375295,-77343.59,-2309500.769999997,0.0001
2026-08-10 07:00:00 CST,1786316400000,76.8,76.89,76.16,76.23,1239438.0,510143.07999999996,674431863.6136997,-11184107.458300352,-219151.84000000003,-2528652.609999997,0.0001
2026-08-10 08:00:00 CST,1786320000000,76.23,77.0,76.17,76.51,1170239.1099999999,600518.22,670370235.145,-2627771.895930171,30797.330000000027,-2497855.2799999975,0.0001
2026-08-10 09:00:00 CST,1786323600000,76.5,77.14,76.37,76.88,665419.0599999999,367001.01,673447615.02698,3474742.610409379,68582.96000000002,-2429272.3199999975,0.0001
2026-08-10 10:00:00 CST,1786327200000,76.87,76.91,76.4,76.79,472885.56999999995,246937.45999999996,668701614.7627051,-4679729.62449491,20989.349999999995,-2408282.969999997,0.0001
2026-08-10 11:00:00 CST,1786330800000,76.78,76.92,76.34,76.6,538820.5399999999,261030.91,666931465.8351,-3266642.893999934,-16758.719999999994,-2425041.689999997,0.0001
2026-08-10 12:00:00 CST,1786334400000,76.6,76.72,76.39,76.51,311523.45000000007,150245.85,667565271.6824,572858.4648000002,-11031.74999999999,-2436073.4399999976,0.0001
2026-08-10 13:00:00 CST,1786338000000,76.51,76.95,76.5,76.86,265411.81,146489.28,669184169.6290952,1613836.9138952494,27566.749999999993,-2408506.689999998,0.0001
2026-08-10 14:00:00 CST,1786341600000,76.85,77.05,76.77,76.96,361243.29999999993,171412.55000000002,671129584.3448266,2355606.3420375586,-18418.2,-2426924.8899999987,0.0001
2026-08-10 15:00:00 CST,1786345200000,76.95,77.09,76.79,76.95,237807.19000000003,94367.97,671090776.0644,-199686.15643060207,-49071.24999999999,-2475996.139999998,0.0001
2026-08-10 16:00:00 CST,1786348800000,76.94,77.12,76.63,76.91,530579.84,252497.22000000003,671290944.7543079,-21084.556692123413,-25585.39999999999,-2501581.539999998,9.534e-05
2026-08-10 17:00:00 CST,1786352400000,76.91,77.0,76.53,76.53,442196.22,205595.35000000003,668378752.8276292,-2650801.0703707933,-31005.52000000001,-2532587.0599999987,9.534e-05
2026-08-10 18:00:00 CST,1786356000000,76.53,76.84,76.51,76.78,447504.2699999999,232849.81,671700810.010341,3223115.9778370857,18195.34999999999,-2514391.709999998,9.534e-05
2026-08-10 19:00:00 CST,1786359600000,76.78,77.03,76.63,77.02,348489.64,176328.40999999997,669719514.3474,-1859667.9070000648,4167.18,-2510224.5299999984,9.534e-05
2026-08-10 20:00:00 CST,1786363200000,77.03,77.1,76.57,76.61,626290.34,267030.33,670816905.5208744,-1230.9111256599426,-92229.68000000001,-2602454.2099999986,9.534e-05
2026-08-10 21:00:00 CST,1786366800000,76.61,76.75,76.1,76.28,1051702.28,486124.68999999994,660206046.4587,-9083210.684100032,-79452.89999999998,-2681907.1099999985,9.534e-05
2026-08-10 22:00:00 CST,1786370400000,76.28,76.68,76.21,76.24,739392.29,356156.67,661233350.5769,23737.59619998932,-27078.949999999993,-2708986.059999999,9.534e-05
2026-08-10 23:00:00 CST,1786374000000,76.23,76.41,75.78,75.93,1503940.22,691530.12,652968956.2457744,-8211777.701027632,-120879.98000000001,-2829866.039999999,9.534e-05
2026-08-11 00:00:00 CST,1786377600000,75.93,76.08,75.54,75.68,1431461.5499999998,647074.33,648383427.0405,-5931855.655561924,-137312.89000000004,-2967178.9299999992,0.0001
2026-08-11 01:00:00 CST,1786381200000,75.69,76.1,75.58,75.96,621224.7000000001,290168.55999999994,652759900.4470043,2783606.1478042603,-40887.57999999997,-3008066.5099999984,0.0001
2026-08-11 02:00:00 CST,1786384800000,75.95,76.05,75.68,75.8,441761.79,205931.12,648350648.2521471,-4840592.049852967,-29899.55000000001,-3037966.0599999987,0.0001
2026-08-11 03:00:00 CST,1786388400000,75.79,76.26,75.78,76.17,379704.23000000004,207016.75000000006,650756978.694154,2208602.362811446,34329.27,-3003636.789999999,0.0001
2026-08-11 04:00:00 CST,1786392000000,76.18,76.47,76.15,76.41,347108.97,211761.86,647221243.564,-2908726.846699953,76414.75,-2927222.0399999996,0.0001
2026-08-11 05:00:00 CST,1786395600000,76.41,76.47,76.26,76.28,307964.23,137308.57,644271524.0058105,-3357873.6714640856,-33347.090000000004,-2960569.1300000004,0.0001
2026-08-11 06:00:00 CST,1786399200000,76.27,76.35,76.01,76.18,369741.60000000003,144965.89,646300225.3535253,1886227.516230464,-79809.82,-3040378.9500000007,0.0001
2026-08-11 07:00:00 CST,1786402800000,76.18,76.19,75.94,75.95,333746.51999999996,126638.93000000001,646813275.4152,513594.43250000477,-80468.66,-3120847.61,0.0001
2026-08-11 08:00:00 CST,1786406400000,75.96,76.02,75.72,75.85,573348.7899999999,240558.64,651020746.325553,4367495.568053007,-92231.51000000002,-3213079.12,0.0001
2026-08-11 09:00:00 CST,1786410000000,75.85,76.07,75.66,76.06,490835.68999999994,235508.00000000003,653521712.4673,2381057.3091768026,-19819.68999999999,-3232898.81,0.0001
2026-08-11 10:00:00 CST,1786413600000,76.06,76.11,75.94,76.0,259681.3,119787.49,651275134.6610749,-2544157.3286710978,-20106.31999999999,-3253005.130000001,0.0001
2026-08-11 11:00:00 CST,1786417200000,76.0,76.22,76.0,76.04,224967.76999999996,120862.90000000001,650992553.1178828,182075.26628279686,16758.030000000006,-3236247.1,0.0001
2026-08-11 12:00:00 CST,1786420800000,76.04,76.19,76.03,76.04,176979.61000000004,87845.52,651674733.1394047,1168307.9875366688,-1288.5700000000024,-3237535.6699999995,0.0001
2026-08-11 13:00:00 CST,1786424400000,76.04,76.05,75.74,75.76,400014.04,156767.99000000002,649913537.8921626,-1431438.5263373852,-86478.06000000001,-3324013.7299999995,0.0001
2026-08-11 14:00:00 CST,1786428000000,75.76,76.0,75.61,75.77,801962.2799999999,287890.86000000004,651504306.6565,1637629.9150100946,-226180.56000000003,-3550194.289999999,0.0001
2026-08-11 15:00:00 CST,1786431600000,75.77,75.83,75.36,75.66,829409.3200000001,363982.05000000005,646912888.9066,-5694266.558599949,-101445.22000000003,-3651639.5099999984,0.0001
2026-08-11 16:00:00 CST,1786435200000,75.66,75.95,75.58,75.89,439115.52,244494.18,650168078.662,3529269.0839999914,49872.84,-3601766.669999999,-2.3e-07
2026-08-11 17:00:00 CST,1786438800000,75.89,75.91,75.63,75.84,735463.7399999999,354095.61,654030429.0308322,3635238.6615555286,-27272.520000000008,-3629039.1899999995,-2.3e-07
2026-08-11 18:00:00 CST,1786442400000,75.84,76.03,75.72,75.9,534129.49,294237.25,657873926.9752,2230455.4621480703,54345.01000000001,-3574694.18,-2.3e-07
2026-08-11 19:00:00 CST,1786446000000,75.91,76.35,75.9,76.16,711931.4299999999,377673.16,661997164.0152,3185004.2748063803,43414.89000000003,-3531279.29,-2.3e-07
2026-08-11 20:00:00 CST,1786449600000,76.16,76.21,75.75,75.82,446369.59,208545.15000000002,658468574.7507728,-3853729.51792717,-29279.289999999994,-3560558.5799999996,-2.3e-07
2026-08-11 21:00:00 CST,1786453200000,75.82,76.07,75.68,75.97,685682.93,335718.70999999996,661549100.721107,2879346.131477833,-14245.510000000024,-3574804.0900000003,-2.3e-07
2026-08-11 22:00:00 CST,1786456800000,75.97,76.12,75.03,75.15,1450300.6800000002,623082.86,652648833.8247,-11058897.24996531,-204134.96000000005,-3778939.0500000003,-2.3e-07
2026-08-11 23:00:00 CST,1786460400000,75.16,75.38,74.57,74.87,1752388.07,782872.3099999998,644470137.7535895,-7139495.134111643,-186643.45000000004,-3965582.5000000014,-2.3e-07
2026-08-12 00:00:00 CST,1786464000000,74.87,75.03,74.73,74.89,655896.3400000001,327928.32000000007,645279601.9803123,-749104.8453559875,-39.699999999986176,-3965622.2000000016,-5.533e-05
2026-08-12 01:00:00 CST,1786467600000,74.89,75.19,74.88,75.12,449412.11,271469.13,645661576.3027,215509.74919998646,93526.15,-3872096.0500000017,-5.533e-05
2026-08-12 02:00:00 CST,1786471200000,75.13,75.3,75.03,75.23,497170.26000000007,222112.81000000003,642985741.3593627,-2855270.8592373133,-52944.64,-3925040.690000002,-5.533e-05
2026-08-12 03:00:00 CST,1786474800000,75.23,75.69,75.01,75.63,555204.9199999999,309282.61000000004,645743198.8623092,2060950.197909236,63360.3,-3861680.3900000015,-5.533e-05
2026-08-12 04:00:00 CST,1786478400000,75.63,76.27,75.61,76.01,1299469.32,695509.4100000001,640444342.4472896,-5239019.133210421,91549.50000000004,-3770130.8900000006,-5.533e-05
2026-08-12 05:00:00 CST,1786482000000,76.02,76.41,75.97,76.41,747824.3300000001,367906.01999999996,637842306.8864,-3604183.537318468,-12012.290000000008,-3782143.180000001,-5.533e-05
2026-08-12 06:00:00 CST,1786485600000,76.41,76.64,76.21,76.38,719483.6799999999,365570.02999999997,642979082.9813,-2553793.080401778,11656.380000000028,-3770486.800000001,-5.533e-05
2026-08-12 07:00:00 CST,1786489200000,76.38,76.38,76.16,76.27,353558.41000000003,178693.41999999998,643594596.1984,70643.53359997272,3828.430000000004,-3766658.370000002,-5.533e-05
2026-08-12 08:00:00 CST,1786492800000,76.27,76.34,76.19,76.34,252993.14,139672.65999999997,644496314.1773,411716.3930000067,26352.17999999999,-3740306.1900000023,5.998e-05
2026-08-12 09:00:00 CST,1786496400000,76.34,76.56,76.26,76.4,387788.83,213311.42,647645304.2208,2780214.021897197,38834.00999999999,-3701472.180000003,5.998e-05
2026-08-12 10:00:00 CST,1786500000000,76.4,76.57,76.39,76.41,327454.85000000003,153545.55,649270343.5077677,2150179.863767624,-20363.75,-3721835.930000003,5.998e-05
2026-08-12 11:00:00 CST,1786503600000,76.4,76.5,76.22,76.38,337418.3,158052.96000000002,649879668.8595,1584305.8995000124,-21312.379999999994,-3743148.3100000024,5.998e-05
2026-08-12 12:00:00 CST,1786507200000,76.38,76.55,76.24,76.27,305238.14,173519.68000000002,653507252.136,3068433.231600046,41801.22,-3701347.090000002,5.998e-05
2026-08-12 13:00:00 CST,1786510800000,76.26,76.35,76.15,76.29,237545.96999999997,127932.62000000002,653683152.7084141,331336.5407140255,18319.270000000004,-3683027.820000002,5.998e-05
2026-08-12 14:00:00 CST,1786514400000,76.28,76.33,75.93,76.02,438818.86,164213.47,652407550.027694,-1409966.2053060532,-110391.92,-3793419.740000003,5.998e-05
2026-08-12 15:00:00 CST,1786518000000,76.02,76.25,75.91,76.25,370783.3,239894.04,654864223.521,3153413.836799979,109004.78,-3684414.9600000023,5.998e-05
2026-08-12 16:00:00 CST,1786521600000,76.25,76.44,76.12,76.15,528677.6199999999,269795.67,656868996.6005045,1146561.7380045652,10913.720000000016,-3673501.240000002,8.133e-05
2026-08-12 17:00:00 CST,1786525200000,76.15,76.88,76.09,76.71,883465.9300000002,527506.9,663366907.2234753,6775303.909236431,171547.87000000002,-3501953.370000002,8.133e-05
2026-08-12 18:00:00 CST,1786528800000,76.71,76.84,76.62,76.73,498837.92000000004,243323.53999999998,664944747.6078,1526921.0039999485,-12190.840000000037,-3514144.210000002,8.133e-05
2026-08-12 19:00:00 CST,1786532400000,76.73,76.83,76.65,76.79,308289.45999999996,175386.64,665357406.5994099,1115989.5369998217,42483.81999999999,-3471660.390000002,8.133e-05
2026-08-12 20:00:00 CST,1786536000000,76.8,77.33,76.32,76.61,1914391.49,898735.4400000002,661021626.3008,-4186403.651200056,-116920.61000000007,-3588581.0000000023,8.133e-05
2026-08-12 21:00:00 CST,1786539600000,76.61,76.63,75.99,76.19,1217776.86,592883.1399999999,660843291.2096,-515572.90840005875,-32010.579999999987,-3620591.580000003,8.133e-05
2026-08-12 22:00:00 CST,1786543200000,76.19,76.22,75.36,75.43,1835574.42,843897.8200000001,653508509.3698232,-6796938.770607352,-147778.78,-3768370.360000003,8.133e-05
2026-08-12 23:00:00 CST,1786546800000,75.43,75.84,75.33,75.71,654114.42,361473.16000000003,657327091.5126208,3552215.0186208487,68831.9,-3699538.460000003,8.133e-05
2026-08-13 00:00:00 CST,1786550400000,75.72,75.81,75.52,75.66,333712.29,188615.28,656847050.1744,-509154.0490000248,43518.270000000004,-3656020.190000003,-5.256e-05
2026-08-13 01:00:00 CST,1786554000000,75.66,76.03,75.63,75.87,389748.15,196327.44000000003,659139587.2099035,1402802.0560097694,2906.7300000000105,-3653113.4600000028,-5.256e-05
2026-08-13 02:00:00 CST,1786557600000,75.87,76.06,75.79,75.84,286221.29,115057.23000000001,656731915.6571658,-979129.6033679247,-56106.829999999994,-3709220.290000002,-5.256e-05
2026-08-13 03:00:00 CST,1786561200000,75.84,75.97,75.55,75.72,328927.81,140460.69000000003,654667242.3210695,-1819661.1317305565,-48006.42999999999,-3757226.720000002,-5.256e-05
2026-08-13 04:00:00 CST,1786564800000,75.72,75.98,75.7,75.9,221112.62,116143.32000000002,655935136.3012,905063.0764908791,11174.020000000004,-3746052.7000000025,-5.256e-05
2026-08-13 05:00:00 CST,1786568400000,75.9,75.97,75.39,75.43,447248.91000000003,228447.65000000002,649152232.9837534,-6590580.211084485,9646.389999999987,-3736406.310000003,-5.256e-05
2026-08-13 06:00:00 CST,1786572000000,75.43,75.63,75.27,75.48,344733.14999999997,143460.67,651151717.3293887,2584085.055334091,-57811.810000000005,-3794218.120000003,-5.256e-05
2026-08-13 07:00:00 CST,1786575600000,75.48,75.6,75.34,75.59,223381.82,107439.62999999999,651630789.9519,284100.8246999979,-8502.559999999989,-3802720.6800000025,-5.256e-05
2026-08-13 08:00:00 CST,1786579200000,75.59,75.85,75.52,75.57,464596.39999999997,210438.26999999996,649760846.4965,-2167899.286299944,-43719.86,-3846440.540000003,-6.47e-05
2026-08-13 09:00:00 CST,1786582800000,75.57,75.76,75.43,75.6,279362.78,142622.06,648539746.141,-540104.2329893112,5881.339999999999,-3840559.200000003,-6.47e-05
2026-08-13 10:00:00 CST,1786586400000,75.6,75.94,75.48,75.94,313989.58999999997,200423.73,652525328.505,4612713.141000032,86857.86999999998,-3753701.3300000033,-6.47e-05
2026-08-13 11:00:00 CST,1786590000000,75.94,76.29,75.92,76.23,800815.2899999999,403150.5599999999,652030024.8231,-1214166.0505000353,5485.829999999973,-3748215.500000003,-6.47e-05
2026-08-13 12:00:00 CST,1786593600000,76.23,76.25,75.99,76.1,292977.55,128381.8,650592918.1434,-953595.4776000977,-36213.95,-3784429.450000003,-6.47e-05
2026-08-13 13:00:00 CST,1786597200000,76.1,76.6,76.04,76.47,606445.91,342126.17,651855597.3,1103004.9431999922,77806.42999999996,-3706623.020000003,-6.47e-05
2026-08-13 14:00:00 CST,1786600800000,76.47,76.51,76.29,76.48,284168.66000000003,130715.30999999998,650353953.32,-1093421.208076477,-22738.040000000015,-3729361.060000003,-6.47e-05
2026-08-13 15:00:00 CST,1786604400000,76.49,76.51,76.35,76.41,222833.8,100815.48999999999,649808234.996,-1213367.8579238653,-21202.82,-3750563.880000003,-6.47e-05
2026-08-13 16:00:00 CST,1786608000000,76.41,76.45,76.13,76.18,274392.04,98151.90000000001,648547153.5235,-1249101.8474000692,-78088.23999999999,-3828652.120000003,5.877e-05
2026-08-13 17:00:00 CST,1786611600000,76.18,76.18,75.84,76.11,487812.56000000006,232434.5,646499221.214,-2357089.345600009,-22943.560000000016,-3851595.6800000034,5.877e-05
2026-08-13 18:00:00 CST,1786615200000,76.12,76.15,75.64,75.7,710545.86,299440.86000000004,648275879.2466496,1702005.8288121223,-111664.14000000001,-3963259.8200000036,5.877e-05
2026-08-13 19:00:00 CST,1786618800000,75.7,75.71,75.51,75.61,463969.5299999999,217658.38999999996,650767986.4887,2652164.784807563,-28652.750000000007,-3991912.5700000036,5.877e-05
2026-08-13 20:00:00 CST,1786622400000,75.61,76.11,75.59,76.08,543518.4299999999,332044.63,652496652.9468,1776312.4864000082,120570.82999999999,-3871341.7400000035,5.877e-05
2026-08-13 21:00:00 CST,1786626000000,76.09,76.33,76.0,76.16,576805.15,284969.92,651363022.7200625,-1152547.556196928,-6865.310000000016,-3878207.050000004,5.877e-05
2026-08-13 22:00:00 CST,1786629600000,76.16,76.56,76.1,76.43,703065.1100000001,386533.49000000005,650906642.4506,-189714.26919996738,70001.86999999995,-3808205.1800000034,5.877e-05
2026-08-13 23:00:00 CST,1786633200000,76.42,76.51,75.59,75.61,825123.6099999999,324628.15,642960126.8427,-7747939.454699993,-175867.31,-3984072.490000003,5.877e-05
2026-08-14 00:00:00 CST,1786636800000,75.6,75.85,75.04,75.56,1686594.4100000001,837038.65,645231020.7159,3749056.889144063,-12517.110000000015,-3996589.600000004,-4.9e-06
2026-08-14 01:00:00 CST,1786640400000,75.56,75.91,75.51,75.74,542866.34,293547.32999999996,647798430.4344,1846806.0928000212,44228.32000000001,-3952361.280000004,-4.9e-06
2026-08-14 02:00:00 CST,1786644000000,75.73,76.07,75.64,75.98,394449.26,212751.2,649826888.2659395,2358208.5842392445,31053.140000000014,-3921308.140000004,-4.9e-06
2026-08-14 03:00:00 CST,1786647600000,75.97,76.25,75.94,76.17,530939.6599999999,243612.61000000004,649996352.7414,451079.70096576214,-43714.43999999999,-3965022.580000004,-4.9e-06
2026-08-14 04:00:00 CST,1786651200000,76.16,76.31,76.11,76.18,400764.36,198210.2,649471201.029,-1293962.101878643,-4343.960000000012,-3969366.5400000047,-4.9e-06
2026-08-14 05:00:00 CST,1786654800000,76.18,76.27,76.08,76.17,221182.29,109678.90999999999,648591689.8395,-1278979.8435713053,-1824.4699999999957,-3971191.010000005,-4.9e-06
2026-08-14 06:00:00 CST,1786658400000,76.18,76.41,76.16,76.21,320902.29000000004,152871.81000000003,649014710.1024,353907.5353870392,-15158.670000000006,-3986349.6800000053,-4.9e-06
2026-08-14 07:00:00 CST,1786662000000,76.21,76.27,76.1,76.23,235520.41999999998,128811.51000000002,647795360.3573701,-815229.4529759884,22102.600000000013,-3964247.080000005,-4.9e-06
2026-08-14 08:00:00 CST,1786665600000,76.23,76.29,75.95,76.06,372512.8499999999,180676.66,648970407.42,912950.488499999,-11159.529999999988,-3975406.6100000045,5.622e-05
2026-08-14 09:00:00 CST,1786669200000,76.06,76.15,75.86,76.06,235396.77000000002,135598.31,649422827.987,595679.9792141914,35799.850000000006,-3939606.7600000044,5.622e-05
2026-08-14 10:00:00 CST,1786672800000,76.06,76.17,75.96,76.0,172714.72,85450.13,650062527.0568,572738.8882000446,-1814.4599999999946,-3941421.220000004,5.622e-05
2026-08-14 11:00:00 CST,1786676400000,75.99,76.03,75.71,75.73,438189.36,162064.96,642988334.5144,-6835817.577558279,-114059.44,-4055480.6600000043,5.622e-05
2026-08-14 12:00:00 CST,1786680000000,75.73,75.99,75.7,75.81,155592.29,82711.19,643481556.8928,670843.1663999557,9830.09,-4045650.5700000045,5.622e-05
2026-08-14 13:00:00 CST,1786683600000,75.8,75.95,75.76,75.89,137200.03000000003,75106.43,644368872.4135,1216534.4613784552,13012.83,-4032637.740000005,5.622e-05
2026-08-14 14:00:00 CST,1786687200000,75.88,75.89,75.48,75.5,507966.85000000003,249937.71000000002,642817026.2734176,-1461792.7893824577,-8091.429999999997,-4040729.1700000046,5.622e-05
2026-08-14 15:00:00 CST,1786690800000,75.5,75.7,75.45,75.55,354236.3900000001,208187.16999999998,646958020.7051,3054802.3681200743,62137.95000000001,-3978591.2200000044,5.622e-05
2026-08-14 16:00:00 CST,1786694400000,75.54,75.84,75.52,75.82,426212.55000000005,225413.80000000005,649235583.8104111,2592014.1474797726,24615.049999999996,-3953976.1700000046,2.264e-05
2026-08-14 17:00:00 CST,1786698000000,75.83,75.84,75.37,75.44,441209.83,185537.53999999998,646605017.6588235,-2930230.598968029,-70134.74999999999,-4024110.9200000046,2.264e-05
2026-08-14 18:00:00 CST,1786701600000,75.45,75.61,75.3,75.35,511627.28,207967.74000000002,647087106.9568,1204567.814800024,-95691.80000000002,-4119802.7200000044,2.264e-05
2026-08-14 19:00:00 CST,1786705200000,75.35,75.56,75.34,75.49,291267.1000000001,161064.48,645322881.3568,1416684.3549503088,30861.859999999997,-4088940.8600000055,2.264e-05
2026-08-14 20:00:00 CST,1786708800000,75.49,75.56,75.29,75.42,362716.13,162894.01999999996,644753074.3612,-477785.62190008163,-36928.09,-4125868.9500000062,2.264e-05
2026-08-14 21:00:00 CST,1786712400000,75.43,75.44,75.2,75.32,489533.81,229708.71,645380518.2018598,427728.5839598179,-30116.390000000007,-4155985.3400000073,2.264e-05
2026-08-14 22:00:00 CST,1786716000000,75.32,75.38,75.01,75.22,719425.54,278596.83999999997,643824662.7955,-2308505.5340999365,-162231.86,-4318217.200000008,2.264e-05
2026-08-14 23:00:00 CST,1786719600000,75.22,75.73,75.15,75.6,566991.88,291173.63,647406751.0628227,3100310.298131585,15355.380000000001,-4302861.820000008,2.264e-05
2026-08-15 00:00:00 CST,1786723200000,75.6,75.67,75.4,75.41,575873.1799999999,238145.62,647530088.3960456,698766.0383075476,-99581.94,-4402443.760000007,-6.847e-05
2026-08-15 01:00:00 CST,1786726800000,75.42,75.63,75.11,75.24,459133.22,170802.93000000002,646940079.516,-72687.46519482136,-117527.35999999999,-4519971.120000008,-6.847e-05
2026-08-15 02:00:00 CST,1786730400000,75.24,75.25,74.88,74.91,753619.5800000001,317008.37999999995,649607006.5055,1902685.5142999887,-119602.82,-4639573.940000007,-6.847e-05
2026-08-15 03:00:00 CST,1786734000000,74.92,75.05,74.61,74.95,1006684.3799999999,449318.45999999996,656331648.7751402,6875845.357540131,-108047.45999999999,-4747621.400000008,-6.847e-05
2026-08-15 04:00:00 CST,1786737600000,74.95,75.21,74.91,75.11,357784.82999999996,194313.96999999997,655501733.0498,204714.98829209805,30843.109999999993,-4716778.290000008,-6.847e-05
2026-08-15 05:00:00 CST,1786741200000,75.11,75.2,75.04,75.15,191308.2,81516.26,653482941.4948,-1796913.838199973,-28275.68,-4745053.970000008,-6.847e-05
2026-08-15 06:00:00 CST,1786744800000,75.14,75.24,74.92,75.15,348584.34,182195.61,652896634.6468534,-955716.6166465282,15806.879999999997,-4729247.090000008,-6.847e-05
2026-08-15 07:00:00 CST,1786748400000,75.15,75.38,75.11,75.37,239913.05000000005,136187.97,652529532.6932,-386619.5033247471,32462.889999999985,-4696784.200000008,-6.847e-05
2026-08-15 08:00:00 CST,1786752000000,75.37,75.4,75.29,75.32,164955.83000000002,74759.01,651454294.573952,-1236316.9687480927,-15437.809999999994,-4712222.010000007,-0.00010912
2026-08-15 09:00:00 CST,1786755600000,75.32,75.43,75.25,75.38,218983.47,118068.93999999999,652011065.1403415,696675.4367414713,17154.410000000003,-4695067.600000007,-0.00010912
2026-08-15 10:00:00 CST,1786759200000,75.38,75.65,75.36,75.63,366746.60000000003,208958.4,653790098.0038,1591931.794800043,51170.19999999999,-4643897.400000007,-0.00010912
2026-08-15 11:00:00 CST,1786762800000,75.63,75.68,75.37,75.39,296598.34,112747.87000000001,650911518.5005426,-3748405.7757735252,-71102.59999999999,-4715000.000000008,-0.00010912
2026-08-15 12:00:00 CST,1786766400000,75.38,75.57,75.33,75.5,234094.99,120538.26000000001,652076031.8707062,1690701.0937062502,6981.530000000001,-4708018.470000007,-0.00010912
2026-08-15 13:00:00 CST,1786770000000,75.49,75.56,75.27,75.32,270617.10000000003,120188.66,649977104.5785,-1586646.7704519033,-30239.78,-4738258.250000006,-0.00010912
2026-08-15 14:00:00 CST,1786773600000,75.31,75.46,75.24,75.39,178167.97999999998,99371.24,651460853.0572,1794393.3995999098,20574.499999999996,-4717683.7500000065,-0.00010912
2026-08-15 15:00:00 CST,1786777200000,75.4,75.4,75.16,75.2,243346.12,93507.75,648361518.7914,-2882133.9276930094,-56330.619999999995,-4774014.370000007,-0.00010912
2026-08-15 16:00:00 CST,1786780800000,75.19,75.27,75.03,75.05,258025.91000000003,104970.34000000001,647760930.5088,-559686.4512000084,-48085.229999999996,-4822099.600000008,6.794e-05
2026-08-15 17:00:00 CST,1786784400000,75.04,75.21,75.0,75.19,217294.35000000003,114321.78,649070230.8945,1265595.1771355867,11349.209999999994,-4810750.39000001,6.794e-05
2026-08-15 18:00:00 CST,1786788000000,75.19,75.31,75.16,75.24,166190.16999999998,94354.12000000002,649485772.7572424,497602.00348329544,22518.070000000007,-4788232.320000011,6.794e-05
2026-08-15 19:00:00 CST,1786791600000,75.25,75.27,75.17,75.2,101263.09000000001,45807.48,649068033.7154758,-606611.5489242077,-9648.130000000001,-4797880.450000011,6.794e-05
2026-08-15 20:00:00 CST,1786795200000,75.21,75.38,75.16,75.37,143400.25999999995,79829.96,649579112.2698712,607869.1552255154,16259.660000000003,-4781620.79000001,6.794e-05
2026-08-15 21:00:00 CST,1786798800000,75.37,75.53,75.35,75.53,312729.15,175789.19999999998,651903302.5434,1152282.3720363379,38849.25,-4742771.540000012,6.794e-05
2026-08-15 22:00:00 CST,1786802400000,75.53,75.54,75.4,75.41,245747.67,105012.05999999998,651589695.8831,-742143.8097000122,-35723.549999999996,-4778495.090000013,6.794e-05
2026-08-15 23:00:00 CST,1786806000000,75.4,75.5,75.32,75.49,204304.36000000002,109960.78000000001,652603581.756636,1649070.3672300577,15617.200000000003,-4762877.890000014,6.794e-05
2026-08-16 00:00:00 CST,1786809600000,75.49,75.5,75.37,75.45,133710.21999999997,51513.560000000005,652866185.106,326865.7039999962,-30683.1,-4793560.990000014,-9.423e-05
2026-08-16 01:00:00 CST,1786813200000,75.45,75.64,75.44,75.61,269821.99,160583.36000000002,653707177.704,816758.0579999685,51344.729999999996,-4742216.260000014,-9.423e-05
2026-08-16 02:00:00 CST,1786816800000,75.62,75.64,75.46,75.51,217771.89999999997,83012.14,652232819.4206263,-1900492.111373663,-51747.619999999995,-4793963.880000013,-9.423e-05
2026-08-16 03:00:00 CST,1786820400000,75.52,75.53,75.47,75.52,80891.99,43291.61,652652746.8444,482865.07800006866,5691.230000000001,-4788272.6500000125,-9.423e-05
2026-08-16 04:00:00 CST,1786824000000,75.52,75.53,75.37,75.49,206246.20999999996,80235.63,651032204.1024992,-1750691.6287007332,-45774.95,-4834047.6000000145,-9.423e-05
2026-08-16 05:00:00 CST,1786827600000,75.49,75.7,75.48,75.58,171543.05000000002,98854.57999999999,651725424.9024467,-401872.3442533016,26166.109999999997,-4807881.490000013,-9.423e-05
2026-08-16 06:00:00 CST,1786831200000,75.58,75.65,75.51,75.54,173281.27000000002,79305.98,651674175.4446,575049.8585907221,-14669.31,-4822550.800000014,-9.423e-05
2026-08-16 07:00:00 CST,1786834800000,75.54,75.54,75.27,75.3,332796.24,147081.25000000003,649151165.1639,-2192707.1241676807,-38633.740000000005,-4861184.540000015,-9.423e-05
2026-08-16 08:00:00 CST,1786838400000,75.31,75.46,75.23,75.43,258408.83,127002.26,650537872.296,1185109.8007304668,-4404.309999999997,-4865588.850000015,-4.786e-05
2026-08-16 09:00:00 CST,1786842000000,75.43,75.45,75.26,75.39,214805.91,109168.04000000001,651117024.316366,37770.6147660017,3530.1700000000055,-4862058.680000015,-4.786e-05
2026-08-16 10:00:00 CST,1786845600000,75.39,75.62,75.23,75.54,327536.28,170251.66,651873102.2052972,260704.94079720974,12967.04,-4849091.640000014,-4.786e-05
2026-08-16 11:00:00 CST,1786849200000,75.54,75.62,75.52,75.53,168037.93,67246.40000000001,650701223.0916,-1371461.8163403273,-33545.13,-4882636.7700000135,-4.786e-05
2026-08-16 12:00:00 CST,1786852800000,75.53,75.57,75.39,75.41,145062.67,56529.38999999999,649716767.4589,-872664.7421000004,-32003.89,-4914640.660000013,-4.786e-05
2026-08-16 13:00:00 CST,1786856400000,75.41,75.48,75.3,75.31,229887.14999999997,130458.65,647991061.4686685,-1344391.7336314917,31030.15,-4883610.510000012,-4.786e-05
2026-08-16 14:00:00 CST,1786860000000,75.31,75.49,75.24,75.33,294997.12999999995,144157.44,651704828.845776,3663259.6241053343,-6682.249999999996,-4890292.760000012,-4.786e-05
2026-08-16 15:00:00 CST,1786863600000,75.34,75.44,75.3,75.43,94833.81,54463.02999999999,652580775.0294,1021503.7711069584,14092.249999999996,-4876200.510000011,-4.786e-05
2026-08-16 16:00:00 CST,1786867200000,75.43,75.45,75.36,75.43,89555.78000000001,39851.57,652806688.4294312,-195776.5442570448,-9852.640000000003,-4886053.150000011,-2.592e-05
2026-08-16 17:00:00 CST,1786870800000,75.42,75.44,75.21,75.27,254099.17,93874.59999999999,653802864.0105522,864495.3826159239,-66349.97,-4952403.12000001,-2.592e-05
2026-08-16 18:00:00 CST,1786874400000,75.27,75.28,75.12,75.22,260749.34000000003,119740.91,655594756.3062,1840514.9931043386,-21267.52000000001,-4973670.640000011,-2.592e-05
2026-08-16 19:00:00 CST,1786878000000,75.23,75.28,75.18,75.25,116601.39,63421.02,655484845.7666428,-312737.94571602345,10240.649999999998,-4963429.9900000105,-2.592e-05
2026-08-16 20:00:00 CST,1786881600000,75.25,75.25,75.16,75.18,116131.59000000001,58760.92999999999,656378425.5336,476463.7486000061,1390.270000000004,-4962039.720000012,-2.592e-05
2026-08-16 21:00:00 CST,1786885200000,75.17,75.37,75.17,75.27,169636.81999999998,93674.15999999999,658343426.9458624,1901460.9228122234,17711.500000000004,-4944328.220000011,-2.592e-05
2026-08-16 22:00:00 CST,1786888800000,75.27,75.37,75.2,75.36,178779.55000000002,93073.81999999999,659411955.8953,1165085.1892000437,7368.0899999999965,-4936960.130000011,-2.592e-05
2026-08-16 23:00:00 CST,1786892400000,75.36,75.61,75.34,75.54,419657.01,241225.9,656010616.2878076,-3177678.7894061804,62794.789999999986,-4874165.34000001,-2.592e-05
2026-08-17 00:00:00 CST,1786896000000,75.53,75.69,75.46,75.52,380769.13999999996,206195.90999999997,657285471.3211198,940657.8511197567,31622.680000000015,-4842542.660000009,-1.428e-05
2026-08-17 01:00:00 CST,1786899600000,75.52,75.57,75.23,75.23,366575.76,176275.0,653408107.1952,-3796562.079553008,-14025.759999999987,-4856568.420000011,-1.428e-05
2026-08-17 02:00:00 CST,1786903200000,75.24,75.26,75.0,75.14,492296.55000000005,217300.15999999997,654638002.3834507,1524067.602032423,-57696.23000000002,-4914264.650000012,-1.428e-05
2026-08-17 03:00:00 CST,1786906800000,75.15,75.33,75.14,75.19,240602.65,130283.38,654919631.9767,-188230.60670793056,19964.11000000001,-4894300.540000011,-1.428e-05
2026-08-17 04:00:00 CST,1786910400000,75.19,75.29,74.92,74.98,426027.12,182437.11000000002,655266661.192,318006.66009008884,-61152.89999999999,-4955453.440000011,-1.428e-05
2026-08-17 05:00:00 CST,1786914000000,74.98,75.05,74.0,74.3,1522383.18,572087.7,651095088.3579122,-3831596.6893877983,-378207.78,-5333661.220000011,-1.428e-05
2026-08-17 06:00:00 CST,1786917600000,74.29,74.49,74.12,74.47,681202.92,322902.44,658438963.1248,6466728.654799938,-35398.04,-5369059.260000011,-1.428e-05
2026-08-17 07:00:00 CST,1786921200000,74.47,74.62,74.41,74.57,385807.24,203572.97000000003,664147514.4612,4522867.588799953,21338.69999999999,-5347720.560000012,-1.428e-05
2026-08-17 08:00:00 CST,1786924800000,74.58,74.7,74.38,74.58,514740.39,275926.80999999994,662887164.9346,-1088798.061400056,37113.229999999974,-5310607.330000013,-4.738e-05
2026-08-17 09:00:00 CST,1786928400000,74.57,75.32,74.53,75.06,1086704.6100000003,592386.71,656489087.8589132,-6380106.011486769,98068.80999999998,-5212538.5200000135,-4.738e-05
2026-08-17 10:00:00 CST,1786932000000,75.06,75.55,75.01,75.45,740564.3200000001,384020.39999999997,654072123.4666,-1742651.2172000408,27476.48000000001,-5185062.040000013,-4.738e-05
2026-08-17 11:00:00 CST,1786935600000,75.45,75.55,75.41,75.48,526991.9800000001,261408.86999999997,650306384.8278388,-4812253.794870853,-4174.239999999996,-5189236.280000014,-4.738e-05
2026-08-17 12:00:00 CST,1786939200000,75.48,75.59,75.45,75.52,329952.54999999993,138813.99,646265485.8692,-2215922.2588000298,-52324.57,-5241560.8500000145,-4.738e-05
2026-08-17 13:00:00 CST,1786942800000,75.52,75.58,75.36,75.38,399094.32000000007,137688.15,643893422.7086858,-2764367.7765408754,-123718.01999999999,-5365278.870000013,-4.738e-05
2026-08-17 14:00:00 CST,1786946400000,75.38,75.99,75.32,75.8,888516.27,556182.0,644095169.1448003,1093119.1693685055,223847.73000000004,-5141431.140000014,-4.738e-05
2026-08-17 15:00:00 CST,1786950000000,75.81,75.94,75.7,75.74,489376.31999999995,234605.43,644024575.2989,-898649.731541276,-20165.460000000003,-5161596.600000014,-4.738e-05
2026-08-17 16:00:00 CST,1786953600000,75.74,75.78,75.13,75.2,819613.1799999999,381168.1400000001,639769386.089,-4380715.943500042,-57276.899999999994,-5218873.500000011,4.746e-05
2026-08-17 17:00:00 CST,1786957200000,75.2,75.39,75.18,75.31,292233.45,150624.74,642093267.9028,1615520.6387999058,9016.029999999997,-5209857.470000012,4.746e-05
2026-08-17 18:00:00 CST,1786960800000,75.3,75.78,75.26,75.74,614403.3999999999,326447.91000000003,647472530.5389,5456496.086311221,38492.419999999984,-5171365.050000013,4.746e-05
2026-08-17 19:00:00 CST,1786964400000,75.73,75.89,75.63,75.65,504656.19000000006,258416.06,648698236.1733891,655175.3851890564,12175.930000000015,-5159189.120000012,4.746e-05
2026-08-17 20:00:00 CST,1786968000000,75.66,75.67,75.29,75.39,546310.91,297259.44,648474234.2337,-1152874.541099906,48207.97,-5110981.150000012,4.746e-05
2026-08-17 21:00:00 CST,1786971600000,75.4,75.75,75.25,75.58,797828.98,365532.01,647747246.8962,-846130.7557413578,-66764.96,-5177746.110000012,4.746e-05
2026-08-17 22:00:00 CST,1786975200000,75.59,76.0,75.45,75.94,667841.6600000001,375215.69000000006,650377923.1968,3015274.5130000114,82589.72000000002,-5095156.390000014,4.746e-05
2026-08-17 23:00:00 CST,1786978800000,75.94,76.2,75.75,76.06,817232.3600000001,429586.93,656890789.3709404,3836006.239688039,41941.50000000001,-5053214.890000014,4.746e-05
2026-08-18 00:00:00 CST,1786982400000,76.06,76.09,75.88,75.96,482695.73,207265.81999999998,657406687.1787891,1075132.8932067156,-68164.08999999998,-5121378.980000014,-1.69e-05
2026-08-18 01:00:00 CST,1786986000000,75.97,76.08,75.65,75.87,468276.63999999996,234240.43000000002,655698461.6753,-1748954.845600009,204.22000000000116,-5121174.7600000175,-1.69e-05
2026-08-18 02:00:00 CST,1786989600000,75.87,76.14,75.81,75.86,485956.82000000007,277898.16000000003,658513237.0932,2994863.3451999426,69839.5,-5051335.260000017,-1.69e-05
2026-08-18 03:00:00 CST,1786993200000,75.86,75.92,75.7,75.77,247043.8,116413.44000000002,658447760.7316,128522.35802578926,-14216.920000000004,-5065552.180000017,-1.69e-05
2026-08-18 04:00:00 CST,1786996800000,75.77,76.07,75.59,75.96,446980.43000000005,237902.70000000004,658125199.1915987,-270899.5968014002,28824.970000000005,-5036727.210000017,-1.69e-05
2026-08-18 05:00:00 CST,1787000400000,75.95,76.02,75.84,75.91,156848.53999999998,75811.16,656969692.3381,-1307249.249960184,-5226.2199999999975,-5041953.430000017,-1.69e-05
2026-08-18 06:00:00 CST,1787004000000,75.91,76.0,75.68,75.71,181352.49999999997,80944.41,656484178.914,-669946.9544053078,-19463.68,-5061417.110000016,-1.69e-05
2026-08-18 07:00:00 CST,1787007600000,75.7,76.09,75.67,75.99,343910.97000000003,187447.17000000004,658665640.6938614,2077160.097661376,30983.370000000006,-5030433.740000016,-1.69e-05
2026-08-18 08:00:00 CST,1787011200000,75.98,76.05,75.82,76.01,359607.18000000005,180046.03000000003,657275976.6634326,-976284.799067378,484.88000000000466,-5029948.860000016,3.077e-05
2026-08-18 09:00:00 CST,1787014800000,76.01,76.02,75.53,75.58,487789.13999999996,194747.97000000003,651975230.844,-6249229.677000046,-98293.2,-5128242.060000016,3.077e-05
2026-08-18 10:00:00 CST,1787018400000,75.57,75.62,75.16,75.24,821621.26,367469.01999999996,646947502.106316,-3194919.9264839888,-86683.22000000002,-5214925.280000016,3.077e-05
2026-08-18 11:00:00 CST,1787022000000,75.24,75.5,75.21,75.45,412666.03,230091.84000000003,648956745.1123126,2511505.862704754,47517.649999999994,-5167407.630000016,3.077e-05
2026-08-18 12:00:00 CST,1787025600000,75.46,75.8,75.36,75.8,358112.1,195427.07,652084980.2554419,3153153.061655283,32742.039999999994,-5134665.590000016,3.077e-05
2026-08-18 13:00:00 CST,1787029200000,75.8,75.93,75.53,75.69,495896.95,222544.21,651544963.4207599,-410455.1301623583,-50808.53,-5185474.120000018,3.077e-05
2026-08-18 14:00:00 CST,1787032800000,75.69,76.01,75.6,75.98,518327.36,303252.92,653557281.2316,2464784.082652211,88178.47999999998,-5097295.640000017,3.077e-05
2026-08-18 15:00:00 CST,1787036400000,75.98,76.24,75.9,76.06,680030.2800000001,340703.32,658886682.975,3857523.741899967,1376.3599999999897,-5095919.280000017,3.077e-05
2026-08-18 16:00:00 CST,1787040000000,76.06,76.15,75.8,76.13,551137.15,287412.92,662838348.977,2725051.4434000254,23688.690000000002,-5072230.590000018,-4.037e-05
2026-08-18 17:00:00 CST,1787043600000,76.12,76.12,75.84,75.9,260846.49000000002,119176.41,660900759.248,-2326245.9352999926,-22493.67,-5094724.2600000175,-4.037e-05
2026-08-18 18:00:00 CST,1787047200000,75.9,75.95,75.77,75.8,212273.57000000004,112683.90000000001,657725419.1256,-2934497.005246043,13094.229999999998,-5081630.030000017,-4.037e-05
2026-08-18 19:00:00 CST,1787050800000,75.81,76.43,75.78,76.28,801335.59,459231.93000000005,664757134.79,7261414.523324132,117128.27,-4964501.7600000175,-4.037e-05
2026-08-18 20:00:00 CST,1787054400000,76.29,76.49,76.2,76.21,523301.33999999985,270228.62,670201510.3652253,5482073.647722602,17155.900000000012,-4947345.86000002,-4.037e-05
2026-08-18 21:00:00 CST,1787058000000,76.22,76.26,76.01,76.18,567166.9199999999,265472.68000000005,665442107.9499,-4061512.2341917753,-36221.55999999999,-4983567.42000002,-4.037e-05
2026-08-18 22:00:00 CST,1787061600000,76.18,77.32,76.09,76.76,1955631.56,1106527.8299999998,688147675.7946045,21036642.99808824,257424.10000000012,-4726143.320000021,-4.037e-05
2026-08-18 23:00:00 CST,1787065200000,76.77,77.23,76.76,77.17,759436.1,390482.98000000004,691970912.27,4064823.4484000206,21529.86000000003,-4704613.460000021,-4.037e-05
2026-08-19 00:00:00 CST,1787068800000,77.17,77.3,76.82,77.05,668024.19,307542.1599999999,694415330.8992,1757409.6142830849,-52939.870000000024,-4757553.3300000215,0.0001
2026-08-19 01:00:00 CST,1787072400000,77.05,77.06,76.85,76.86,332211.56,136962.63000000003,695630700.0790365,724793.5552809238,-58286.3,-4815839.630000021,0.0001
2026-08-19 02:00:00 CST,1787076000000,76.87,77.28,76.84,77.24,406050.9,211055.96000000002,701296243.4851067,6131830.731106758,16061.019999999986,-4799778.610000023,0.0001
2026-08-19 03:00:00 CST,1787079600000,77.24,77.39,77.04,77.14,444903.53,225679.85,699063584.8495,-2538960.3900660276,6456.169999999998,-4793322.440000024,0.0001
2026-08-19 04:00:00 CST,1787083200000,77.15,77.2,76.69,76.84,627842.22,312762.54,693688069.2004,-6328666.9630999565,-2317.1399999999994,-4795639.580000024,0.0001
2026-08-19 05:00:00 CST,1787086800000,76.85,77.09,76.84,76.97,286034.73,174161.41999999998,693031242.3216,-515994.56180250645,62288.109999999986,-4733351.470000023,0.0001
2026-08-19 06:00:00 CST,1787090400000,76.97,77.19,76.85,76.92,426367.38,235244.58999999997,695293480.8497175,1993412.5508174896,44121.8,-4689229.670000024,0.0001
2026-08-19 07:00:00 CST,1787094000000,76.93,77.21,76.91,77.03,324495.7799999999,182492.1,698480983.8699,2152678.9845695496,40488.42,-4648741.250000025,0.0001
2026-08-19 08:00:00 CST,1787097600000,77.03,77.07,76.78,76.88,409958.08,208033.21999999997,697877835.7687346,-159247.43306541443,6108.359999999993,-4642632.890000025,0.0001
2026-08-19 09:00:00 CST,1787101200000,76.87,77.04,76.67,76.77,719597.8099999999,381987.49000000005,693187942.556,-2916952.1901904345,44377.169999999984,-4598255.720000026,0.0001
2026-08-19 10:00:00 CST,1787104800000,76.77,76.89,76.66,76.78,302073.67000000004,163234.22999999998,691661621.2236,-1155329.334299922,24394.789999999994,-4573860.930000025,0.0001
2026-08-19 11:00:00 CST,1787108400000,76.78,77.08,76.67,76.96,325705.24999999994,152719.7,694283491.900529,2337013.7457289696,-20265.850000000002,-4594126.780000025,0.0001
2026-08-19 12:00:00 CST,1787112000000,76.96,77.11,76.76,76.83,313422.08999999997,152606.91999999998,691552972.0927,-2592660.517383218,-8208.25,-4602335.030000026,0.0001
2026-08-19 13:00:00 CST,1787115600000,76.83,77.04,76.73,76.77,342276.69999999995,152364.28,690817283.4311,-599970.443227768,-37548.14,-4639883.170000027,0.0001
2026-08-19 14:00:00 CST,1787119200000,76.77,77.15,76.59,77.05,675235.7799999999,344897.61000000004,694684167.7308422,4263512.882142186,14559.440000000013,-4625323.730000028,0.0001
2026-08-19 15:00:00 CST,1787122800000,77.05,77.07,76.91,76.92,275763.29,146006.89,696092506.3825392,1119350.4145390987,16250.490000000009,-4609073.240000029,0.0001
2026-08-19 16:00:00 CST,1787126400000,76.92,77.65,76.87,77.35,1295031.13,661119.4099999999,703610852.3136,7892362.656690359,27207.689999999973,-4581865.550000029,9.206e-05
2026-08-19 17:00:00 CST,1787130000000,77.35,77.46,77.18,77.27,378554.66000000003,202701.94000000003,700283746.1018,-1880640.1046907902,26849.220000000012,-4555016.330000029,9.206e-05
2026-08-19 18:00:00 CST,1787133600000,77.27,77.35,77.18,77.34,201261.95999999996,104975.14000000001,699533021.546,-643073.491740346,8688.320000000005,-4546328.010000027,9.206e-05
2026-08-19 19:00:00 CST,1787137200000,77.35,77.59,77.33,77.5,581904.57,252554.35,702480222.165,1874574.422999978,-76795.86999999998,-4623123.880000025,9.206e-05
2026-08-19 20:00:00 CST,1787140800000,77.51,78.76,77.39,78.37,1890206.3699999999,1068036.51,714302095.2772,11832348.688019753,245866.65000000002,-4377257.230000024,9.206e-05
2026-08-19 21:00:00 CST,1787144400000,78.37,78.66,78.13,78.36,1467410.07,699351.74,724270822.2439421,7635331.404642105,-68706.59000000003,-4445963.8200000245,9.206e-05
2026-08-19 22:00:00 CST,1787148000000,78.37,80.97,78.31,80.84,3401155.25,1944878.3699999999,737784651.9264,7345316.152599931,488601.49,-3957362.3300000234,9.206e-05
2026-08-19 23:00:00 CST,1787151600000,80.84,83.04,80.63,81.8,6572573.9399999995,3341904.68,738107855.1929282,-226113.8321261406,111235.4200000001,-3846126.9100000234,9.206e-05
2026-08-20 00:00:00 CST,1787155200000,81.8,82.38,81.52,81.56,1622433.1400000001,774145.7399999999,746019467.48,5720253.932940245,-74141.66,-3920268.5700000236,4.058e-05
2026-08-20 01:00:00 CST,1787158800000,81.55,81.73,80.96,81.63,1104243.0400000003,550842.65,743488221.5051609,592477.7985167503,-2557.74000000002,-3922826.3100000243,4.058e-05
2026-08-20 02:00:00 CST,1787162400000,81.63,82.28,81.22,82.25,922994.6399999999,527107.9500000001,747850991.0736763,4655269.036777139,131221.26,-3791605.050000025,4.058e-05
2026-08-20 03:00:00 CST,1787166000000,82.26,82.5,81.98,82.34,910792.48,454845.65,747769555.3896,-1741987.1693706512,-1101.1800000000221,-3792706.2300000247,4.058e-05
2026-08-20 04:00:00 CST,1787169600000,82.34,84.4,82.25,83.71,2580376.3499999996,1466356.75,749381269.6477197,1188600.3553197384,352337.1499999999,-3440369.0800000257,4.058e-05
2026-08-20 05:00:00 CST,1787173200000,83.71,87.3,83.7,86.63,4375087.86,2307992.91,748930880.1146,3315717.7735999823,240897.9600000001,-3199471.1200000257,4.058e-05
2026-08-20 06:00:00 CST,1787176800000,86.63,86.84,84.9,85.48,2370749.0300000003,1130246.29,742360897.8613191,-6621117.253080964,-110256.45000000007,-3309727.5700000254,4.058e-05
2026-08-20 07:00:00 CST,1787180400000,85.48,85.76,85.02,85.37,950087.2699999999,459406.88999999996,743417805.8175,-1751012.3543903828,-31273.489999999983,-3341001.060000025,4.058e-05
2026-08-20 08:00:00 CST,1787184000000,85.37,85.78,84.89,84.99,1104499.91,533498.4299999999,739871863.3548,-4460450.368200064,-37503.05000000003,-3378504.110000024,0.0001
2026-08-20 09:00:00 CST,1787187600000,85.0,85.4,84.63,85.36,864971.9300000002,433518.8499999999,742072423.134,1609949.615999937,2065.7700000000114,-3376438.3400000245,0.0001
2026-08-20 10:00:00 CST,1787191200000,85.36,85.44,84.68,84.76,469023.33,220564.2,735564050.94,-7116775.21359992,-27894.930000000008,-3404333.2700000242,0.0001
2026-08-20 11:00:00 CST,1787194800000,84.76,84.78,83.97,84.48,929464.04,413841.37999999995,727582683.7066,-8611112.603399992,-101781.28000000001,-3506114.5500000245,0.0001
2026-08-20 12:00:00 CST,1787198400000,84.48,84.96,84.41,84.82,529880.37,272376.01,730285945.0589782,3131218.6081888676,14871.650000000009,-3491242.900000024,0.0001
2026-08-20 13:00:00 CST,1787202000000,84.83,85.07,84.79,84.94,402420.85,221655.47000000003,727724625.2717,-2316994.0873503685,40890.09,-3450352.8100000247,0.0001
2026-08-20 14:00:00 CST,1787205600000,84.94,85.92,84.69,85.91,1426118.3800000001,836852.96,724490833.99813,-3567167.5233824253,247587.53999999992,-3202765.270000025,0.0001
2026-08-20 15:00:00 CST,1787209200000,85.9,86.19,85.77,86.16,791603.4099999999,446786.8900000001,721375597.1656873,-3017364.7599127293,101970.37000000002,-3100794.9000000246,0.0001
2026-08-20 16:00:00 CST,1787212800000,86.16,87.99,86.03,87.51,2861601.33,1613438.0200000003,726500724.8410822,5298616.778211236,365274.70999999985,-2735520.1900000246,0.0001
2026-08-20 17:00:00 CST,1787216400000,87.52,87.82,87.08,87.33,1447808.0399999998,714796.22,721803522.8093531,-1488420.6810468435,-18215.59999999999,-2753735.790000024,0.0001
2026-08-20 18:00:00 CST,1787220000000,87.33,87.81,86.98,87.45,867212.0399999999,436778.96,723025924.6132982,-783893.2887017727,6345.880000000005,-2747389.910000024,0.0001
2026-08-20 19:00:00 CST,1787223600000,87.45,88.12,87.07,87.18,1236026.4699999997,603944.03,723691159.5768,-2618670.924518585,-28138.409999999953,-2775528.3200000236,0.0001
2026-08-20 20:00:00 CST,1787227200000,87.18,87.4,86.51,87.05,1322332.76,625131.4100000001,717270514.0736,-3353167.150331259,-72069.94,-2847598.260000024,0.0001
2026-08-20 21:00:00 CST,1787230800000,87.06,87.48,86.16,86.54,1643386.57,748446.19,712247692.72,-5180257.617499948,-146494.19000000006,-2994092.4500000244,0.0001
2026-08-20 22:00:00 CST,1787234400000,86.55,86.86,86.13,86.6,970418.9600000001,482038.01,711543751.3275,546381.906899929,-6342.940000000002,-3000435.3900000243,0.0001
2026-08-20 23:00:00 CST,1787238000000,86.59,87.47,86.54,87.35,1454871.22,730963.07,717892715.3443024,4609264.108302474,7054.920000000035,-2993380.470000024,0.0001
2026-08-21 00:00:00 CST,1787241600000,87.35,87.85,86.84,87.74,1176347.35,574153.51,716402156.9571209,-3954922.464379072,-28040.329999999987,-3021420.800000024,0.0001
2026-08-21 01:00:00 CST,1787245200000,87.73,87.92,87.26,87.47,764433.0700000001,340203.37000000005,715899692.2886,-4157269.4461746216,-84026.32999999999,-3105447.130000025,0.0001
2026-08-21 02:00:00 CST,1787248800000,87.48,87.64,86.63,86.82,1251927.4499999997,527716.7400000001,705811396.2872,-7825975.556800008,-196493.97000000003,-3301941.1000000252,0.0001
2026-08-21 03:00:00 CST,1787252400000,86.83,87.5,86.81,87.3,805541.1099999999,396026.4,707831447.5292,3499975.3442999125,-13488.310000000005,-3315429.4100000258,0.0001
2026-08-21 04:00:00 CST,1787256000000,87.3,87.68,87.22,87.58,693871.9899999999,297028.03,706693874.9145,-363187.8122999668,-99815.93,-3415245.3400000255,0.0001
2026-08-21 05:00:00 CST,1787259600000,87.57,87.87,87.4,87.49,458287.11000000004,198391.73,702367585.244,-5148760.2075999975,-61503.649999999994,-3476748.9900000254,0.0001
2026-08-21 06:00:00 CST,1787263200000,87.49,87.59,87.18,87.22,540213.29,272853.77999999997,703278228.4158427,639828.0714426041,5494.269999999986,-3471254.720000026,0.0001
2026-08-21 07:00:00 CST,1787266800000,87.22,87.99,87.19,87.63,609894.64,323997.62000000005,705075639.7766498,3511781.948249817,38100.600000000006,-3433154.120000026,0.0001
2026-08-21 08:00:00 CST,1787270400000,87.64,88.79,87.55,88.21,1634729.44,885441.2400000001,712238029.4741577,7807769.084138751,136153.03999999998,-3297001.080000026,0.0001
2026-08-21 09:00:00 CST,1787274000000,88.21,89.49,88.1,88.99,1889404.06,981951.4299999999,719888996.5908,7796095.905000091,74498.79999999996,-3222502.280000026,0.0001
2026-08-21 10:00:00 CST,1787277600000,89.0,90.2,88.48,89.25,2403946.8400000003,1272961.23,732730415.368,12736954.238000035,141975.62,-3080526.6600000253,0.0001
2026-08-21 11:00:00 CST,1787281200000,89.25,89.55,88.73,89.1,831963.7100000001,390670.33999999997,732389481.4365015,-389896.90109848976,-50623.03000000001,-3131149.690000025,0.0001
2026-08-21 12:00:00 CST,1787284800000,89.1,89.49,88.86,89.46,734313.98,361074.69,737110676.7898879,5655609.314887881,-12164.599999999999,-3143314.290000025,0.0001
2026-08-21 13:00:00 CST,1787288400000,89.47,90.73,89.17,90.41,1367232.7000000002,733596.66,742892106.7423937,5241873.242670059,99960.61999999994,-3043353.6700000255,0.0001
2026-08-21 14:00:00 CST,1787292000000,90.42,91.33,89.72,90.21,1730946.0599999998,869278.5,735243748.8871826,-7219491.189601064,7610.939999999959,-3035742.730000025,0.0001
2026-08-21 15:00:00 CST,1787295600000,90.22,91.19,89.92,90.41,1523905.1400000001,775210.12,735193360.9069163,-1766460.320381403,26515.099999999984,-3009227.6300000255,0.0001
2026-08-21 16:00:00 CST,1787299200000,90.41,93.42,90.35,93.29,2867920.73,1613996.4999999998,763272092.9850627,27225349.82832086,360072.26999999996,-2649155.360000026,0.0001
2026-08-21 17:00:00 CST,1787302800000,93.28,93.34,90.29,91.66,3760557.5300000003,1713421.2599999998,748018503.3636,-18882782.933217168,-333715.01000000007,-2982870.370000026,0.0001
2026-08-21 18:00:00 CST,1787306400000,91.67,91.75,90.84,91.48,1010323.31,479833.22,746045170.5969,2294545.8078528643,-50656.87,-3033527.2400000254,0.0001
2026-08-21 19:00:00 CST,1787310000000,91.47,91.62,89.8,90.31,2136275.8000000003,974609.9699999999,732856073.3520558,-13298886.62260747,-187055.86,-3220583.1000000252,0.0001
2026-08-21 20:00:00 CST,1787313600000,90.31,91.16,90.02,90.87,1173026.43,615636.2200000001,735898481.9001878,5864200.430913329,58246.010000000075,-3162337.090000025,0.0001
2026-08-21 21:00:00 CST,1787317200000,90.88,91.38,89.74,91.04,1417414.9,669797.9400000002,737339591.3015,790110.1033987999,-77819.01999999999,-3240156.1100000245,0.0001
2026-08-21 22:00:00 CST,1787320800000,91.05,91.97,90.55,91.86,1294340.33,635290.62,752790867.8135,12079582.061110854,-23759.089999999975,-3263915.200000024,0.0001
2026-08-21 23:00:00 CST,1787324400000,91.87,92.17,91.22,91.36,1032638.58,465965.44999999995,746741338.4619734,-7549044.75199604,-100707.68000000001,-3364622.880000024,0.0001
2026-08-22 00:00:00 CST,1787328000000,91.36,91.93,90.75,91.6,884244.5499999999,429088.93,748469750.7657,1428269.9339805841,-26066.690000000024,-3390689.570000024,0.0001
2026-08-22 01:00:00 CST,1787331600000,91.61,92.0,91.17,91.8,1075431.25,458766.00000000006,744859741.4600968,-2912378.7333031893,-157899.25000000006,-3548588.820000024,0.0001
2026-08-22 02:00:00 CST,1787335200000,91.8,92.08,91.07,91.56,1102197.26,446734.72000000003,755592969.8981974,10798945.867497444,-208727.82,-3757316.640000024,0.0001
2026-08-22 03:00:00 CST,1787338800000,91.57,91.63,90.76,90.96,800269.4400000001,383909.64999999997,745251662.5124475,-12321624.599855065,-32450.13999999998,-3789766.780000023,0.0001
2026-08-22 04:00:00 CST,1787342400000,90.97,91.98,90.43,91.86,966424.51,445239.19,752400548.838,7421353.341973424,-75946.13000000003,-3865712.910000024,0.0001
2026-08-22 05:00:00 CST,1787346000000,91.87,93.88,91.66,93.75,1719546.8800000004,902438.51,773061217.8744626,20324806.0080626,85330.13999999997,-3780382.7700000233,0.0001
2026-08-22 06:00:00 CST,1787349600000,93.75,94.65,93.31,94.3,2451445.8,1216305.4399999997,771793956.8033819,-3079406.220618129,-18834.9200000001,-3799217.6900000228,0.0001
2026-08-22 07:00:00 CST,1787353200000,94.29,95.04,93.37,93.72,1518652.3099999998,732866.4,759253806.8684446,-9264308.827655435,-52919.50999999997,-3852137.200000023,0.0001
2026-08-22 08:00:00 CST,1787356800000,93.73,94.44,92.84,93.88,1434707.9599999997,653304.5500000002,762333914.1687,3477048.0347913504,-128098.85999999999,-3980236.0600000224,0.0001
2026-08-22 09:00:00 CST,1787360400000,93.89,94.45,93.46,93.67,875660.46,435304.80000000005,763377929.356192,-1502479.0860203505,-5050.86000000003,-3985286.920000023,0.0001
2026-08-22 10:00:00 CST,1787364000000,93.68,95.86,93.67,95.65,1721812.99,911186.73,788414568.4002068,25122348.568085074,100560.47,-3884726.4500000225,0.0001
2026-08-22 11:00:00 CST,1787367600000,95.66,97.63,95.5,96.81,2366677.6100000003,1296096.0200000003,813274202.5125135,19925907.304513574,225514.43000000002,-3659212.0200000224,0.0001
2026-08-22 12:00:00 CST,1787371200000,96.82,102.84,96.2,99.14,7159943.38,3197464.5300000003,808322290.673,-2682255.830200076,-765014.3200000002,-4424226.340000022,0.0001
2026-08-22 13:00:00 CST,1787374800000,99.14,100.02,87.0,94.21,7818225.459999999,3421424.1800000006,756193098.1680136,-69312227.05312634,-975377.0999999999,-5399603.440000022,0.0001
2026-08-22 14:00:00 CST,1787378400000,94.21,95.16,93.06,94.32,2005116.88,921497.13,760669407.1709428,2305114.3463795185,-162122.62000000005,-5561726.06000002,0.0001
2026-08-22 15:00:00 CST,1787382000000,94.32,95.55,94.05,94.46,1325251.7599999998,612079.7,769884795.775463,8541349.599563003,-101092.36000000002,-5662818.4200000195,0.0001
2026-08-22 16:00:00 CST,1787385600000,94.46,95.02,93.01,94.1,1690318.8200000003,772458.26,758600322.1351527,-8045371.889247298,-145402.30000000002,-5808220.72000002,0.0001
2026-08-22 17:00:00 CST,1787389200000,94.1,94.58,92.96,93.91,1074480.02,506399.2899999999,760111221.3702028,-1533491.2788853645,-61681.44000000004,-5869902.160000019,0.0001
2026-08-22 18:00:00 CST,1787392800000,93.92,94.0,91.31,92.89,2585071.77,1144731.3300000003,749416710.6334975,-12518065.36900115,-295609.10999999987,-6165511.270000019,0.0001
2026-08-22 19:00:00 CST,1787396400000,92.9,93.56,92.6,93.34,747765.2799999999,384483.89999999997,755845385.1737956,6044646.760468483,21202.51999999999,-6144308.750000019,0.0001
2026-08-22 20:00:00 CST,1787400000000,93.34,94.38,93.17,93.84,859851.85,430056.39,758919002.564002,2479511.314556837,260.9299999999821,-6144047.820000018,0.0001
2026-08-22 21:00:00 CST,1787403600000,93.84,94.26,93.56,94.15,547270.3899999999,273549.72000000003,760104666.7982033,3002259.2630785704,-170.94999999998254,-6144218.770000016,0.0001
2026-08-22 22:00:00 CST,1787407200000,94.15,94.32,92.89,93.26,884389.61,391578.67,751259831.4104736,-9665018.999926448,-101232.27,-6245451.040000017,0.0001
2026-08-22 23:00:00 CST,1787410800000,93.27,93.61,92.81,93.09,593443.27,268796.8,754358988.5001192,-372134.5772807598,-55849.669999999984,-6301300.710000016,0.0001
2026-08-23 00:00:00 CST,1787414400000,93.09,94.69,93.09,94.33,767579.37,386761.13000000006,760058768.978951,8171293.018066287,5942.890000000021,-6295357.820000015,0.0001
2026-08-23 01:00:00 CST,1787418000000,94.33,94.59,93.77,94.28,614706.1599999999,285300.51999999996,762101416.4607022,2300564.632118225,-44105.119999999966,-6339462.940000014,0.0001
2026-08-23 02:00:00 CST,1787421600000,94.29,94.56,94.04,94.47,349082.30000000005,179386.23,760516580.7069502,-776372.21544981,9690.160000000003,-6329772.780000014,0.0001
2026-08-23 03:00:00 CST,1787425200000,94.48,94.83,94.27,94.49,411895.01,212268.00000000003,763275129.2314,745653.2882000208,12640.989999999989,-6317131.790000014,0.0001
2026-08-23 04:00:00 CST,1787428800000,94.5,94.79,94.31,94.39,266789.98000000004,129173.70999999999,760668227.6084363,-1085073.8006637096,-8442.560000000007,-6325574.350000015,0.0001
2026-08-23 05:00:00 CST,1787432400000,94.4,94.4,92.72,92.83,861133.99,355931.48,741591282.7056,-18336711.61034608,-149271.02999999994,-6474845.380000017,0.0001
2026-08-23 06:00:00 CST,1787436000000,92.83,94.03,92.58,93.62,863254.3600000001,449604.87,754264808.118571,11766856.17365563,35955.38,-6438890.000000016,0.0001
2026-08-23 07:00:00 CST,1787439600000,93.62,94.02,93.36,93.83,298663.80999999994,147442.08,755598945.337642,3526928.0419237614,-3779.649999999994,-6442669.650000014,0.0001
2026-08-23 08:00:00 CST,1787443200000,93.84,100.54,93.58,96.38,3188036.0799999996,1798554.8799999997,749609088.8251,-5404390.524500012,409073.68000000005,-6038104.640000015,0.0001
2026-08-23 09:00:00 CST,1787446800000,96.39,96.62,95.66,96.02,1159709.5000000002,580517.2300000001,749326968.5968939,2158008.155553937,1324.9599999999482,-6036779.680000015,0.0001
2026-08-23 10:00:00 CST,1787450400000,96.03,98.31,93.74,94.92,3034318.1199999996,1705461.3399999999,751900453.5925978,5576554.205373764,376604.5600000001,-5660175.120000014,0.0001
2026-08-23 11:00:00 CST,1787454000000,94.92,95.07,93.43,93.74,1247805.8499999999,580357.1599999999,733383036.8109,-15255987.367346406,-87091.53,-5747266.650000013,0.0001
2026-08-23 12:00:00 CST,1787457600000,93.74,94.14,92.23,92.56,1522030.51,696384.2300000001,734082482.4182,1726161.9059499502,-129262.04999999997,-5876528.700000013,0.0001
2026-08-23 13:00:00 CST,1787461200000,92.57,93.33,91.57,92.31,1590939.0100000002,726666.45,732911390.5554222,2001842.868125081,-137606.11,-6014134.8100000145,0.0001
2026-08-23 14:00:00 CST,1787464800000,92.31,92.8,91.79,92.26,997534.7499999999,464229.23,727523800.4607,-4263488.478486776,-69076.28999999995,-6083211.100000015,0.0001
2026-08-23 15:00:00 CST,1787468400000,92.26,92.99,92.13,92.49,520121.51,260875.03999999998,729617459.8502696,1178537.5902695656,1628.5699999999888,-6081582.530000016,0.0001
2026-08-23 16:00:00 CST,1787472000000,92.49,93.56,92.32,93.2,774221.6000000001,425131.35000000003,736518175.1927155,8574804.229034662,76041.1,-6005541.430000015,0.0001
2026-08-23 17:00:00 CST,1787475600000,93.21,93.56,92.9,93.33,450455.84,215930.99,738631044.563426,2720522.915426016,-18593.860000000004,-6024135.290000013,0.0001
2026-08-23 18:00:00 CST,1787479200000,93.33,94.13,93.29,93.63,747091.6099999999,394235.63,739181918.1509428,1575205.7824457884,41379.64999999998,-5982755.640000014,0.0001
2026-08-23 19:00:00 CST,1787482800000,93.63,94.85,93.54,94.62,876163.11,492051.93000000005,749623965.0504253,10719413.661886573,107940.75000000003,-5874814.890000014,0.0001
2026-08-23 20:00:00 CST,1787486400000,94.62,94.81,94.09,94.58,675860.96,286412.9099999999,746223203.628,-2552852.8460394144,-103035.14000000001,-5977850.030000013,0.0001
2026-08-23 21:00:00 CST,1787490000000,94.58,95.84,94.57,95.38,1098444.92,560305.64,754363251.8422563,6476899.002256274,22166.360000000015,-5955683.670000013,0.0001
2026-08-23 22:00:00 CST,1787493600000,95.39,95.7,93.0,95.06,1876190.4400000004,831269.0000000001,740398377.5976268,-14136606.40315044,-213652.43999999992,-6169336.110000013,0.0001
2026-08-23 23:00:00 CST,1787497200000,95.05,95.9,94.65,95.35,1085605.72,538431.79,751021484.2704732,11217103.617973208,-8742.13999999996,-6178078.250000013,0.0001
2026-08-24 00:00:00 CST,1787500800000,95.36,95.71,95.16,95.41,486349.31000000006,234321.44,750517018.533621,1121027.8137254715,-17706.430000000008,-6195784.680000012,0.0001
2026-08-24 01:00:00 CST,1787504400000,95.41,95.52,94.81,95.11,592700.48,263576.04,748687830.551223,-1961271.9907770157,-65548.39999999998,-6261333.080000012,0.0001
2026-08-24 02:00:00 CST,1787508000000,95.1,95.47,94.94,95.3,413432.8399999999,204267.45,751991334.0513855,2927512.4121818542,-4897.939999999993,-6266231.020000013,0.0001
2026-08-24 03:00:00 CST,1787511600000,95.3,95.48,94.81,95.06,449781.95,210878.49,753957782.9607115,949764.9685162306,-28024.969999999998,-6294255.990000013,0.0001
2026-08-24 04:00:00 CST,1787515200000,95.07,95.4,94.72,95.07,362506.43000000005,198320.61,752583128.1408,-241541.58994340897,34134.79000000001,-6260121.200000013,0.0001
2026-08-24 05:00:00 CST,1787518800000,95.07,96.27,95.07,95.34,1066203.1800000002,588610.64,748659622.3925421,-4200708.436164618,111018.09999999998,-6149103.100000013,0.0001
2026-08-24 06:00:00 CST,1787522400000,95.35,95.77,94.76,95.59,844876.3199999998,422921.85,749821892.463087,1189059.3798587322,967.3800000000083,-6148135.720000013,0.0001
2026-08-24 07:00:00 CST,1787526000000,95.6,95.89,95.01,95.44,614790.95,313911.9199999999,747343932.0541972,-2435347.2454707623,13032.889999999996,-6135102.830000013,0.0001
2026-08-24 08:00:00 CST,1787529600000,95.45,95.56,93.51,95.54,1619371.44,791477.73,745218701.4770832,-2447821.626777053,-36415.97999999995,-6171518.810000014,0.0001
2026-08-24 09:00:00 CST,1787533200000,95.54,95.56,93.7,93.85,1009064.72,426022.52,740492885.0568886,-8530214.371935606,-157019.68000000005,-6328538.490000016,0.0001
2026-08-24 10:00:00 CST,1787536800000,93.86,95.05,93.65,94.57,873773.4999999999,387546.66,743307211.404,5018567.948000073,-98680.18,-6427218.670000016,0.0001
2026-08-24 11:00:00 CST,1787540400000,94.58,94.65,93.42,93.66,647228.73,310308.81,739853599.7987618,-4862647.4211473465,-26611.109999999997,-6453829.780000015,0.0001
2026-08-24 12:00:00 CST,1787544000000,93.66,94.34,93.63,94.2,562473.5199999999,278506.24,740331302.502071,1279098.133270979,-5461.040000000001,-6459290.820000015,0.0001
2026-08-24 13:00:00 CST,1787547600000,94.2,94.66,93.44,94.26,1007178.5,496775.55,739383833.1642108,-2675304.9737594128,-13627.399999999972,-6472918.220000016,0.0001
2026-08-24 14:00:00 CST,1787551200000,94.25,94.63,93.76,94.54,741475.58,359216.66000000003,737938822.5715284,-1657427.3876960278,-23042.260000000002,-6495960.480000015,0.0001
2026-08-24 15:00:00 CST,1787554800000,94.54,95.46,93.96,94.1,1237508.22,598937.8500000001,741683873.8105506,578041.429751873,-39632.52000000001,-6535593.000000018,0.0001
2026-08-24 16:00:00 CST,1787558400000,94.11,94.37,93.22,93.92,852472.88,361607.13999999996,744722977.4058,4834395.259313703,-129258.6,-6664851.600000016,0.0001
2026-08-24 17:00:00 CST,1787562000000,93.91,94.9,93.86,94.67,630612.94,303899.89,751440829.7459489,6658227.419633865,-22813.159999999967,-6687664.760000016,0.0001
2026-08-24 18:00:00 CST,1787565600000,94.66,95.14,94.56,94.71,739681.89,359509.73,748428978.0806042,-1802736.0976053476,-20662.43000000002,-6708327.190000014,0.0001
2026-08-24 19:00:00 CST,1787569200000,94.7,96.32,94.23,95.84,1434796.69,747886.97,752507975.3224232,4351292.650423169,60977.25000000003,-6647349.940000014,0.0001
2026-08-24 20:00:00 CST,1787572800000,95.83,96.67,93.6,96.26,2349757.2399999998,1199274.37,767476035.6664,14528856.440212488,48791.49999999999,-6598558.440000015,0.0001
2026-08-24 21:00:00 CST,1787576400000,96.27,96.51,94.24,94.99,2040546.54,930144.73,758536617.091712,-10355627.642882466,-180257.08,-6778815.520000014,0.0001
2026-08-24 22:00:00 CST,1787580000000,94.99,96.72,94.8,96.07,1913361.18,909910.52,768806584.4293377,5558155.379337788,-93540.13999999997,-6872355.660000014,0.0001
2026-08-24 23:00:00 CST,1787583600000,96.08,97.57,95.97,96.43,2058301.4,984714.61,771173956.2828,270477.7012000084,-88872.18000000001,-6961227.840000013,0.0001
2026-08-25 00:00:00 CST,1787587200000,96.43,97.56,95.7,96.03,1466080.3199999998,712066.45,754930922.256,-13436438.974099994,-41947.420000000035,-7003175.260000014,0.0001
2026-08-25 01:00:00 CST,1787590800000,96.04,96.18,94.76,95.36,1894902.27,1041343.1400000001,753815798.8716,-2919113.791800022,187784.01000000004,-6815391.250000014,0.0001
2026-08-25 02:00:00 CST,1787594400000,95.35,96.4,95.35,95.88,951127.4700000001,463430.03,757530182.6998,3667091.689915657,-24267.40999999998,-6839658.660000014,0.0001
2026-08-25 03:00:00 CST,1787598000000,95.88,96.62,95.37,96.5,1180195.16,518215.93999999994,762254054.3437,4907516.488812923,-143763.28000000003,-6983421.940000013,0.0001
2026-08-25 04:00:00 CST,1787601600000,96.51,96.74,95.69,96.52,698591.58,306211.77,763627781.408,1925139.2969853878,-86168.03999999998,-7069589.980000014,0.0001
2026-08-25 05:00:00 CST,1787605200000,96.52,97.55,96.51,97.45,615818.97,307496.19,767405353.0383,3570900.628148675,-826.589999999982,-7070416.570000015,0.0001
2026-08-25 06:00:00 CST,1787608800000,97.44,98.72,97.1,97.42,1730157.0299999998,908061.19,775401216.6712154,6085818.804736733,85965.34999999998,-6984451.220000014,0.0001
2026-08-25 07:00:00 CST,1787612400000,97.42,98.99,97.24,98.96,1199311.7,664167.43,795968249.1043,19421514.63830006,129023.16000000003,-6855428.060000014,0.0001
2026-08-25 08:00:00 CST,1787616000000,98.95,102.84,98.53,101.76,6417108.890000001,3581914.9800000004,840113059.2923836,37419789.01718354,746721.07,-6108706.990000013,0.0001
2026-08-25 09:00:00 CST,1787619600000,101.76,102.59,100.07,100.47,1770279.4500000002,841825.26,830209124.1880765,-8383518.61512351,-86628.93000000002,-6195335.920000013,0.0001
2026-08-25 10:00:00 CST,1787623200000,100.48,102.33,100.21,100.9,2769025.61,1391913.1099999999,831251739.9517,700807.9580999613,14800.609999999942,-6180535.310000011,0.0001
2026-08-25 11:00:00 CST,1787626800000,100.9,102.08,100.84,101.6,1186148.1400000001,586290.8799999999,847744701.1960328,12275247.514032722,-13566.380000000048,-6194101.69000001,0.0001
2026-08-25 12:00:00 CST,1787630400000,101.61,102.0,100.81,101.32,1353345.11,722271.63,839775431.2163292,-7178673.168967485,91198.15,-6102903.540000008,0.0001
2026-08-25 13:00:00 CST,1787634000000,101.32,103.26,101.23,101.88,1551972.07,820539.6700000003,852848587.1995,11372581.308499932,89107.27000000005,-6013796.270000009,0.0001
2026-08-25 14:00:00 CST,1787637600000,101.89,102.07,100.41,100.75,1044843.67,472250.58,828790824.1919104,-19709637.886689663,-100342.51000000001,-6114138.780000008,0.0001
2026-08-25 15:00:00 CST,1787641200000,100.75,101.95,99.48,100.22,1581492.85,730218.7300000001,817651701.6374875,-9327408.572512507,-121055.38999999991,-6235194.170000007,0.0001
2026-08-25 16:00:00 CST,1787644800000,100.22,101.12,99.71,100.38,1278514.8200000003,620055.66,820448355.951,2808784.905327916,-38403.50000000003,-6273597.670000006,0.0001
2026-08-25 17:00:00 CST,1787648400000,100.38,100.64,99.25,99.79,938665.7400000001,412954.33,811268986.0098883,-7930493.342939734,-112757.07999999997,-6386354.7500000065,0.0001
2026-08-25 18:00:00 CST,1787652000000,99.78,99.88,99.04,99.6,959764.8500000001,405277.3299999999,821453260.9943,8073959.6342999935,-149210.19000000003,-6535564.940000006,0.0001
2026-08-25 19:00:00 CST,1787655600000,99.6,99.69,98.46,98.6,1119038.5200000003,510210.93000000005,807867395.1306,-12462319.539084911,-98616.65999999996,-6634181.600000005,0.0001
2026-08-25 20:00:00 CST,1787659200000,98.59,98.83,97.43,98.57,1697924.1199999999,794736.9899999999,816551804.6894128,8331858.164212823,-108450.14000000004,-6742631.740000005,0.0001
2026-08-25 21:00:00 CST,1787662800000,98.56,98.78,96.17,97.12,2752654.46,1267492.55,805680895.0728,-10098200.25732863,-217669.3599999999,-6960301.100000005,0.0001
2026-08-25 22:00:00 CST,1787666400000,97.12,98.4,96.87,98.18,1485242.9800000002,807345.2500000001,820880793.9728,7826588.589765549,129447.52000000005,-6830853.580000006,0.0001
2026-08-25 23:00:00 CST,1787670000000,98.18,98.47,97.57,98.32,768726.3900000001,396089.2899999999,819928302.9884,-1491684.3021000624,23452.189999999995,-6807401.390000004,0.0001
2026-08-26 00:00:00 CST,1787673600000,98.33,98.64,97.72,98.16,638321.08,319434.49999999994,819753180.1088,-3633338.737599969,547.9199999999946,-6806853.470000003,0.0001
2026-08-26 01:00:00 CST,1787677200000,98.15,98.18,97.39,98.16,682445.52,335647.03,818533788.0304303,258641.22357583046,-11151.46,-6818004.9300000025,0.0001
2026-08-26 02:00:00 CST,1787680800000,98.16,98.8,98.02,98.44,646887.5399999999,308806.56999999995,821303513.7286,2339161.899600029,-29274.39999999999,-6847279.330000002,0.0001
2026-08-26 03:00:00 CST,1787684400000,98.45,98.58,97.42,97.9,691638.28,352139.24,814577803.2393,-6389890.629698038,12640.200000000012,-6834639.130000002,0.0001
2026-08-26 04:00:00 CST,1787688000000,97.91,98.01,96.59,96.63,1158614.38,488858.63999999996,801944640.5894,-14659583.883555532,-180897.1,-7015536.230000002,0.0001
2026-08-26 05:00:00 CST,1787691600000,96.63,97.23,95.21,97.14,1567337.0399999998,764306.7600000001,802438003.15,1370304.6539999247,-38723.51999999995,-7054259.750000003,0.0001
2026-08-26 06:00:00 CST,1787695200000,97.14,97.72,97.11,97.16,536249.09,275891.92000000004,804095286.5531063,2826237.0716062784,15534.750000000011,-7038725.000000004,0.0001
2026-08-26 07:00:00 CST,1787698800000,97.16,97.38,96.33,96.56,636458.8099999999,273887.8,795755725.7904,-8012055.074963927,-88683.20999999999,-7127408.210000004,0.0001
2026-08-26 08:00:00 CST,1787702400000,96.56,96.9,96.12,96.61,766861.71,393637.62,799905182.6736,4295595.203999996,20413.53,-7106994.680000004,5.433e-05
2026-08-26 09:00:00 CST,1787706000000,96.61,97.24,96.57,96.97,450178.7199999999,231484.19000000003,798519134.5335724,793934.7883723974,12789.660000000005,-7094205.020000004,5.433e-05
2026-08-26 10:00:00 CST,1787709600000,96.98,97.5,96.74,97.23,421639.35000000003,229700.34999999998,800101537.8223239,1506649.9376670122,37761.350000000006,-7056443.670000005,5.433e-05
2026-08-26 11:00:00 CST,1787713200000,97.24,97.32,96.76,97.01,393238.98,185759.1,798833938.8059345,-1889943.8956654072,-21720.779999999988,-7078164.450000003,5.433e-05
2026-08-26 12:00:00 CST,1787716800000,97.0,97.28,96.51,96.57,574203.38,250770.64,796362964.359,-2701793.8123419285,-72662.09999999999,-7150826.550000004,5.433e-05
2026-08-26 13:00:00 CST,1787720400000,96.58,97.17,96.2,97.04,575059.5700000001,298998.00999999995,799936402.6054307,4090859.444630742,22936.44999999999,-7127890.100000002,5.433e-05
2026-08-26 14:00:00 CST,1787724000000,97.03,97.34,96.46,96.76,454266.04999999993,236267.15000000002,796419014.0984,-4608048.684979796,18268.249999999996,-7109621.850000003,5.433e-05
2026-08-26 15:00:00 CST,1787727600000,96.75,97.12,96.62,96.88,515496.75,225637.05,801275101.041,4634511.267887354,-64222.64999999998,-7173844.500000005,5.433e-05
2026-08-26 16:00:00 CST,1787731200000,96.89,97.35,96.64,96.76,398855.54000000004,180916.33000000002,799621007.4725636,-1017270.8409634829,-37022.87999999999,-7210867.380000006,6.042e-05
2026-08-26 17:00:00 CST,1787734800000,96.77,96.97,95.73,96.13,680966.1900000001,307840.49,795031279.2594501,-5396555.966749907,-65285.21,-7276152.590000005,6.042e-05
2026-08-26 18:00:00 CST,1787738400000,96.13,97.84,95.94,97.43,983117.71,532058.43,801809685.0386623,5799498.167862296,80999.15000000002,-7195153.440000005,6.042e-05
2026-08-26 19:00:00 CST,1787742000000,97.42,97.6,96.62,96.99,655378.4800000001,321819.28,798114178.3081,-2617611.4904999733,-11739.919999999998,-7206893.360000004,6.042e-05
2026-08-26 20:00:00 CST,1787745600000,96.98,97.52,96.02,96.97,1227610.0,594647.7500000001,797728406.9286447,-867495.2384552956,-38314.499999999935,-7245207.860000003,6.042e-05
2026-08-26 21:00:00 CST,1787749200000,96.97,97.18,95.78,96.51,1327879.8,625351.2999999999,796178620.1232,-1939188.0969998837,-77177.19999999998,-7322385.060000002,6.042e-05
2026-08-26 22:00:00 CST,1787752800000,96.5,96.94,95.34,95.42,1136192.06,498344.43,792588122.0471792,-6009703.937211156,-139503.19999999995,-7461888.260000001,6.042e-05
2026-08-26 23:00:00 CST,1787756400000,95.41,96.31,94.82,95.9,1149192.79,549297.16,796462463.6229993,3772729.696377516,-50598.47000000003,-7512486.730000001,6.042e-05
2026-08-27 00:00:00 CST,1787760000000,95.9,96.15,95.43,95.91,579214.48,280613.89,796901890.9095,1503542.1785000563,-17986.700000000008,-7530473.430000002,3.48e-05
2026-08-27 01:00:00 CST,1787763600000,95.91,97.2,95.82,96.93,867075.92,447291.72000000003,800655586.0704,3356975.0865000486,27507.52000000002,-7502965.91,3.48e-05
2026-08-27 02:00:00 CST,1787767200000,96.93,97.12,96.59,96.8,415868.64999999997,228426.43000000002,798815532.392241,-1324459.001358986,40984.21000000002,-7461981.700000002,3.48e-05
2026-08-27 03:00:00 CST,1787770800000,96.8,96.89,96.29,96.75,527947.2899999999,302966.2699999999,797116562.432,-2004954.4602999687,77985.25,-7383996.450000002,3.48e-05
2026-08-27 04:00:00 CST,1787774400000,96.75,96.99,96.24,96.88,407160.31,197047.08,796889459.9599301,-906518.6056699753,-13066.150000000007,-7397062.6000000015,3.48e-05
2026-08-27 05:00:00 CST,1787778000000,96.88,98.31,96.84,98.2,1164566.21,665997.81,808877862.5640261,10375196.351045132,167429.41000000003,-7229633.190000003,3.48e-05
2026-08-27 06:00:00 CST,1787781600000,98.2,101.25,98.02,99.65,2957013.6699999995,1602859.0499999998,814145107.816,5199514.810515642,248704.4300000001,-6980928.760000004,3.48e-05
2026-08-27 07:00:00 CST,1787785200000,99.65,102.43,99.47,102.05,2156691.5900000003,1171221.99,847095475.9334,33910593.023,185752.38999999998,-6795176.370000006,3.48e-05
2026-08-27 08:00:00 CST,1787788800000,102.04,102.12,100.57,100.57,1430343.61,645645.3799999999,840159211.8658427,-9744756.69915557,-139052.85000000003,-6934229.220000006,0.0001
2026-08-27 09:00:00 CST,1787792400000,100.57,101.93,100.47,101.44,917277.64,469155.26999999996,846434176.2031366,10453072.727436543,21032.899999999965,-6913196.320000006,0.0001
2026-08-27 10:00:00 CST,1787796000000,101.43,101.95,100.85,101.15,632241.7699999999,300291.82999999996,844777236.1866,158296.68159997463,-31658.11,-6944854.430000005,0.0001
2026-08-27 11:00:00 CST,1787799600000,101.15,101.81,100.86,101.06,693357.0999999999,362242.99000000005,847377895.0896,3656513.751099944,31128.88000000002,-6913725.550000006,0.0001
2026-08-27 12:00:00 CST,1787803200000,101.06,101.52,100.66,101.06,845507.9,360548.13000000006,844191178.5527,-3654027.6240335703,-124411.64,-7038137.190000006,0.0001
2026-08-27 13:00:00 CST,1787806800000,101.06,102.27,100.74,102.02,1164752.63,665871.6799999999,864127404.1922,19096686.171625257,166990.73000000004,-6871146.4600000065,0.0001
2026-08-27 14:00:00 CST,1787810400000,102.01,102.04,100.84,101.26,943209.5700000002,508339.77999999997,866802982.4412,-1404095.1992999315,73469.98999999996,-6797676.470000007,0.0001
2026-08-27 15:00:00 CST,1787814000000,101.25,102.08,101.0,101.77,911464.2999999999,458828.31999999995,871272842.2964815,4045495.654536128,6192.3399999999965,-6791484.130000006,0.0001
2026-08-27 16:00:00 CST,1787817600000,101.78,105.08,101.69,104.64,4204459.32,2250484.9,903734376.325,33626628.27152455,296510.48,-6494973.650000006,0.0001
2026-08-27 17:00:00 CST,1787821200000,104.65,105.85,103.9,104.39,2384135.39,1185999.62,918959540.5895,12478309.74628532,-12136.149999999965,-6507109.800000007,0.0001
2026-08-27 18:00:00 CST,1787824800000,104.39,105.02,103.01,104.09,1899073.9200000002,896170.23,919031823.4678,2262606.859220147,-106733.45999999996,-6613843.260000007,0.0001
2026-08-27 19:00:00 CST,1787828400000,104.09,104.93,103.6,103.71,1145602.93,553167.3300000002,921386193.2112,477282.43130004406,-39268.26999999997,-6653111.530000006,0.0001
